n;identifiant_interne;thematique;sous_thematique;titre_exact;url_canonique;url_pdf;institution;auteur;pays;zone_geographique;type_organisme;date_publication;date_mise_a_jour;date_consultation;type_source;langue;resume_factuel;information_essentielle;mots_cles;technologie;performance;verrou;trl;doi;identifiant_officiel;licence;acces;primaire_secondaire;peer_reviewed;donnee_quantitative;unite;page_section;contradiction;pertinence;niveau_preuve;niveau_verification;statut_http;commentaire_controle;sha256
1;DOC-E40C8EC979D3544D9F08;research;ND;Administration and Human Resources Management Directorate | African Union;https://au.int/en/directorates/administration-and-human-resources-management-directorate;ND;African Union Specialized Agencies;ND;African Union;Africa;intergovernmental_directory;ND;ND;2026-10-03T23:02:06.926Z;institutional_primary;en;Promoting Africa’s growth and economic development by championing citizen inclusion and increased cooperation and integration of African states.;Promoting Africa’s growth and economic development by championing citizen inclusion and increased cooperation and integration of African states.;ND;ND;ND;ND;ND;ND;ND;ND;free;primary;not_applicable;ND;ND;https://au.int/en/directorates/administration-and-human-resources-management-directorate;ND;1;B;V2;200;V2: institution certifiée 3/3, URL ouverte anonymement, titre et contenu vérifiés automatiquement. V3 réservé à une validation plus forte.;5e916c89b405d90c544ab0e19e005e47b2f3700a23cafad9e0c5d4933957d3bf
2;DOC-6D31D9BDCAD052AAB447;research;ND;Agriculture, Rural Development, Blue Economy and Sustainable Environment (ARBE) | African Union;https://au.int/en/arbe;ND;African Union Specialized Agencies;ND;African Union;Africa;intergovernmental_directory;2026-09-27T10:13:18Z;ND;2026-10-03T23:02:06.436Z;institutional_primary;en;Promoting Africa’s growth and economic development by championing citizen inclusion and increased cooperation and integration of African states.;Promoting Africa’s growth and economic development by championing citizen inclusion and increased cooperation and integration of African states.;ND;ND;ND;ND;ND;ND;ND;ND;free;primary;not_applicable;ND;ND;https://au.int/en/arbe;ND;1;B;V2;200;V2: institution certifiée 3/3, URL ouverte anonymement, titre et contenu vérifiés automatiquement. V3 réservé à une validation plus forte.;d2665217bf3f6a597523c0c34e3502e3316ace7bf63d963a9a9ceb56aeb0e2b4
3;DOC-AF381825205A962AF161;research;ND;AUCCC | African Union;https://au.int/en/auccc;ND;African Union Specialized Agencies;ND;African Union;Africa;intergovernmental_directory;ND;ND;2026-10-03T23:02:06.908Z;institutional_primary;en;Promoting Africa’s growth and economic development by championing citizen inclusion and increased cooperation and integration of African states.;Promoting Africa’s growth and economic development by championing citizen inclusion and increased cooperation and integration of African states.;ND;ND;ND;ND;ND;ND;ND;ND;free;primary;not_applicable;ND;ND;https://au.int/en/auccc;ND;1;B;V2;200;V2: institution certifiée 3/3, URL ouverte anonymement, titre et contenu vérifiés automatiquement. V3 réservé à une validation plus forte.;1822690873c9bcad5f41377b686b3a5c15d02e835aa94eab528c94f34b58c1c3
4;DOC-B2C34C259F7112968290;research;ND;Budget and Financial Reports | African Union;https://au.int/en/budget-and-financial-reports;ND;African Union Specialized Agencies;ND;African Union;Africa;intergovernmental_directory;2020-06-16T17:30:00Z;ND;2026-10-03T23:02:06.930Z;institutional_primary;en;Promoting Africa’s growth and economic development by championing citizen inclusion and increased cooperation and integration of African states.;Promoting Africa’s growth and economic development by championing citizen inclusion and increased cooperation and integration of African states.;ND;ND;ND;ND;ND;ND;ND;ND;free;primary;not_applicable;ND;ND;https://au.int/en/budget-and-financial-reports;ND;1;B;V2;200;V2: institution certifiée 3/3, URL ouverte anonymement, titre et contenu vérifiés automatiquement. V3 réservé à une validation plus forte.;abacfb27ddbe3ad775803784e31082715756a82dd07b3791082fc2cf0c28b16f
5;DOC-5853C99E05196135D19D;research;ND;Education, Science & Technology | African Union;https://au.int/en/education-science-technology;ND;African Union Specialized Agencies;ND;African Union;Africa;intergovernmental_directory;2023-05-25T08:11:00Z;ND;2026-10-03T23:02:05.486Z;institutional_primary;en;The achievement of Aspiration 1 of Agenda 2063 for “A prosperous Africa based on inclusive growth and sustainable development” requires that Africa makes significant investments in education with the aim of developing human and social capital through an education and skills revolution emphasizing innovation, science and technology.;The achievement of Aspiration 1 of Agenda 2063 for “A prosperous Africa based on inclusive growth and sustainable development” requires that Africa makes significant investments in education with the aim of developing human and social capital through an education and skills revolution emphasizing innovation, science and technology.;ND;ND;ND;ND;ND;ND;ND;ND;free;primary;not_applicable;ND;ND;https://au.int/en/education-science-technology;ND;3;B;V2;200;V2: institution certifiée 3/3, URL ouverte anonymement, titre et contenu vérifiés automatiquement. V3 réservé à une validation plus forte.;01ffa1d94145130c5ccadd8f298cd9705682dcb0a08288b16acf9a31bc94c304
6;DOC-29427DC2D1CA54314FB0;research;ND;Education, Science, Technology & Innovation (ESTI) | African Union;https://au.int/en/esti;ND;African Union Specialized Agencies;ND;African Union;Africa;intergovernmental_directory;2026-09-29T09:00:00Z;ND;2026-10-03T23:02:05.471Z;institutional_primary;en;Promoting Africa’s growth and economic development by championing citizen inclusion and increased cooperation and integration of African states.;Promoting Africa’s growth and economic development by championing citizen inclusion and increased cooperation and integration of African states.;ND;ND;ND;ND;ND;ND;ND;ND;free;primary;not_applicable;ND;ND;https://au.int/en/esti;ND;4;B;V2;200;V2: institution certifiée 3/3, URL ouverte anonymement, titre et contenu vérifiés automatiquement. V3 réservé à une validation plus forte.;8484544ff93d256e70135e8185d55b69d29d44570077868abf2644fc281c87a4
7;DOC-CD0C7157CEB8553C2782;research;ND;Flagship Projects of Agenda 2063 | African Union;https://au.int/en/agenda2063/flagship-projects;ND;African Union Specialized Agencies;ND;African Union;Africa;intergovernmental_directory;2022-10-13T12:03:00Z;ND;2026-10-03T23:02:06.297Z;institutional_primary;en;"h3 { margin : 0; } h3 a, h3 a:link, h3 a:visited, h3 a:active, h3 a.active{ font-size: 16px; font-weight: 700; padding: .5em 0; color: #951f39; line-height: 1.2em; } .fa, .fas { font-family: unset; font-weight: normal; font: normal normal normal 14px/1 FontAwesome; } img { max-inline-size: 100%; block-size: auto; }";"h3 { margin : 0; } h3 a, h3 a:link, h3 a:visited, h3 a:active, h3 a.active{ font-size: 16px; font-weight: 700; padding: .5em 0; color: #951f39; line-height: 1.2em; } .fa, .fas { font-family: unset; font-weight: normal; font: normal normal normal 14px/1 FontAwesome; } img { max-inline-size: 100%; block-size: auto; }";ND;ND;ND;ND;ND;ND;ND;ND;free;primary;not_applicable;ND;ND;https://au.int/en/agenda2063/flagship-projects;ND;1;B;V2;200;V2: institution certifiée 3/3, URL ouverte anonymement, titre et contenu vérifiés automatiquement. V3 réservé à une validation plus forte.;cd1a541025a7a230b4a3278f7ab60f44d4a51aa06da735512854c9dc0de822d4
8;DOC-321CEEE1E4D95E31D473;research;ND;Grand Inga Dam Project | African Union;https://au.int/en/flagships/grand-inga-dam-project;ND;African Union Specialized Agencies;ND;African Union;Africa;intergovernmental_directory;ND;ND;2026-10-03T23:02:06.162Z;institutional_primary;en;Generating an estimated 43,200MW of power to support current regional power pools and their combined service to transform Africa from traditional to modern sources of energy and ensure access to clean and affordable electricity.;Generating an estimated 43,200MW of power to support current regional power pools and their combined service to transform Africa from traditional to modern sources of energy and ensure access to clean and affordable electricity.;ND;ND;ND;ND;ND;ND;ND;ND;free;primary;not_applicable;ND;ND;https://au.int/en/flagships/grand-inga-dam-project;ND;2;B;V2;200;V2: institution certifiée 3/3, URL ouverte anonymement, titre et contenu vérifiés automatiquement. V3 réservé à une validation plus forte.;338f16074d97e1a5555e0eaa4b92e91cf50b22bc66013de2b11d7b85779cf448
9;DOC-B43282F2DBBB8A7325CD;research;ND;Home | African Union;https://au.int/en;ND;African Union Specialized Agencies;ND;African Union;Africa;intergovernmental_directory;2023-05-25T08:11:00Z;ND;2026-10-03T23:02:05.475Z;institutional_primary;en;Promoting Africa’s growth and economic development by championing citizen inclusion and increased cooperation and integration of African states.;Promoting Africa’s growth and economic development by championing citizen inclusion and increased cooperation and integration of African states.;ND;ND;ND;ND;ND;ND;ND;ND;free;primary;not_applicable;ND;ND;https://au.int/en;ND;2;B;V2;200;V2: institution certifiée 3/3, URL ouverte anonymement, titre et contenu vérifiés automatiquement. V3 réservé à une validation plus forte.;3077bc55329453fd7ad6ea3d640e839f5b20a239003d58f9e3aa01fe9ca7c3be
10;DOC-C111E89B58FD5388BE02;research;ND;Latest Documents: AUC Chairperson Reports | African Union;https://au.int/en/documents/847;ND;African Union Specialized Agencies;ND;African Union;Africa;intergovernmental_directory;2023-05-25T08:11:00Z;ND;2026-10-03T23:02:05.990Z;institutional_primary;en;Promoting Africa’s growth and economic development by championing citizen inclusion and increased cooperation and integration of African states.;Promoting Africa’s growth and economic development by championing citizen inclusion and increased cooperation and integration of African states.;ND;ND;ND;ND;ND;ND;ND;ND;free;primary;not_applicable;ND;ND;https://au.int/en/documents/847;ND;2;B;V2;200;V2: institution certifiée 3/3, URL ouverte anonymement, titre et contenu vérifiés automatiquement. V3 réservé à une validation plus forte.;020250d27453b4db6c13838c65dbbd41ff0f22d9e0eba5b87b1215eb0493e4fa
11;DOC-A7E5EE48F653404BF61F;research;ND;Latest Documents: PRC Reports | African Union;https://au.int/en/documents/1146;ND;African Union Specialized Agencies;ND;African Union;Africa;intergovernmental_directory;2023-05-25T08:11:00Z;ND;2026-10-03T23:02:05.390Z;institutional_primary;en;Promoting Africa’s growth and economic development by championing citizen inclusion and increased cooperation and integration of African states.;Promoting Africa’s growth and economic development by championing citizen inclusion and increased cooperation and integration of African states.;ND;ND;ND;ND;ND;ND;ND;ND;free;primary;not_applicable;ND;ND;https://au.int/en/documents/1146;ND;2;B;V2;200;V2: institution certifiée 3/3, URL ouverte anonymement, titre et contenu vérifiés automatiquement. V3 réservé à une validation plus forte.;b60fa1f1d26dde698c613fb9b0b594d08801ee74bc980d3612a430fa8f5b3315
12;DOC-222C5D7A93BC5291A14E;research;ND;Latest Documents: Sectoral Reports | African Union;https://au.int/en/documents/1147;ND;African Union Specialized Agencies;ND;African Union;Africa;intergovernmental_directory;2023-05-25T08:11:00Z;ND;2026-10-03T23:02:05.978Z;institutional_primary;en;Promoting Africa’s growth and economic development by championing citizen inclusion and increased cooperation and integration of African states.;Promoting Africa’s growth and economic development by championing citizen inclusion and increased cooperation and integration of African states.;ND;ND;ND;ND;ND;ND;ND;ND;free;primary;not_applicable;ND;ND;https://au.int/en/documents/1147;ND;2;B;V2;200;V2: institution certifiée 3/3, URL ouverte anonymement, titre et contenu vérifiés automatiquement. V3 réservé à une validation plus forte.;dd5128f612631c17e96f5425e6d506c600f0c024de5f535ad303a9c4dde6f76e
13;DOC-D706D6418538FDD269AA;research;ND;Resources | African Union;https://au.int/en/resources/filter;ND;African Union Specialized Agencies;ND;African Union;Africa;intergovernmental_directory;2023-05-25T08:11:00Z;ND;2026-10-03T23:02:05.599Z;institutional_primary;en;Promoting Africa’s growth and economic development by championing citizen inclusion and increased cooperation and integration of African states.;Promoting Africa’s growth and economic development by championing citizen inclusion and increased cooperation and integration of African states.;ND;ND;ND;ND;ND;ND;ND;ND;free;primary;not_applicable;ND;ND;https://au.int/en/resources/filter;ND;3;B;V2;200;V2: institution certifiée 3/3, URL ouverte anonymement, titre et contenu vérifiés automatiquement. V3 réservé à une validation plus forte.;f5a9877cc34abc037c2a7d8e9a544fe0dff7e06d228b50f3bf5124f7621a8395
14;DOC-CC9AAEAE634AB3A85F07;research;ND;The Centre for Linguistic and Historical Studies by Oral Tradition (CELHTO) | African Union;https://au.int/en/centre-linguistic-and-historical-studies-oral-tradition-celhto;ND;African Union Specialized Agencies;ND;African Union;Africa;intergovernmental_directory;2023-05-25T08:11:00Z;ND;2026-10-03T23:02:06.512Z;institutional_primary;en;The Centre for Linguistic and Historical Studies by Oral Tradition (CELHTO) is a specialised technical agency of the African Union and aims to contribute to Africa’s integration and development by providing analysis on African history, societies and culture. Its main mandate is to work for the recovery of the continent’s autonomy from external cultural visions by affirming a cultural identity that promotes the integration and development of the continent.;The Centre for Linguistic and Historical Studies by Oral Tradition (CELHTO) is a specialised technical agency of the African Union and aims to contribute to Africa’s integration and development by providing analysis on African history, societies and culture. Its main mandate is to work for the recovery of the continent’s autonomy from external cultural visions by affirming a cultural identity that promotes the integration and development of the continent.;ND;ND;ND;ND;ND;ND;ND;ND;free;primary;not_applicable;ND;ND;https://au.int/en/centre-linguistic-and-historical-studies-oral-tradition-celhto;ND;1;B;V2;200;V2: institution certifiée 3/3, URL ouverte anonymement, titre et contenu vérifiés automatiquement. V3 réservé à une validation plus forte.;6c569c95647584c7e8d5a7de9b3f40797adf634757989971de36a0bad095b901
15;DOC-FE39BCE844BABA58E4CA;research;ND;Treaties on Education, Science & Technology | African Union;https://au.int/en/treaties/1167;ND;African Union Specialized Agencies;ND;African Union;Africa;intergovernmental_directory;2023-05-25T08:11:00Z;ND;2026-10-03T23:02:05.417Z;institutional_primary;en;Promoting Africa’s growth and economic development by championing citizen inclusion and increased cooperation and integration of African states.;Promoting Africa’s growth and economic development by championing citizen inclusion and increased cooperation and integration of African states.;ND;ND;ND;ND;ND;ND;ND;ND;free;primary;not_applicable;ND;ND;https://au.int/en/treaties/1167;ND;3;B;V2;200;V2: institution certifiée 3/3, URL ouverte anonymement, titre et contenu vérifiés automatiquement. V3 réservé à une validation plus forte.;bb854d4d83930b8c51ce311edde29b4e10891c09622e90b91d0157d294e2ce5b
16;DOC-E03A69AA45F5AAC15B33;research;ND;Applied Astronomy Group----Yunnan Observatories;https://english.ynao.cas.cn/research/rg/aarg/;ND;*Yunnan Observatories;ND;China;Asia;official_research_institution;ND;ND;2026-10-03T23:02:07.613Z;institutional_primary;en;The Applied Astronomy Group of Yunnan Observatories has developed, and is currently operating, the following instruments: the 1.2m telescope, the 1.8m telescope, the space debris telescope, the small photoelectric telescope, CAPS, and three GPS calibration stations.;The Applied Astronomy Group of Yunnan Observatories has developed, and is currently operating, the following instruments: the 1.2m telescope, the 1.8m telescope, the space debris telescope, the small photoelectric telescope, CAPS, and three GPS calibration stations.;ND;ND;ND;ND;ND;ND;ND;ND;free;primary;not_applicable;ND;ND;https://english.ynao.cas.cn/research/rg/aarg/;ND;1;B;V2;200;V2: institution certifiée 3/3, URL ouverte anonymement, titre et contenu vérifiés automatiquement. V3 réservé à une validation plus forte.;75fb949a89c913b146fb5e81671c8c464bc248032525ad02997b9883f23a29c3
17;DOC-ADDBADAF5D928063C144;research;ND;Astrometry and Application Group----Yunnan Observatories;https://english.ynao.cas.cn/research/rg/aag/;ND;*Yunnan Observatories;ND;China;Asia;official_research_institution;ND;ND;2026-10-03T23:02:07.614Z;institutional_primary;en;The Astrometry & Application Group is the successor of the former Astrometry Laboratory of Yunnan Observatories, the succession having taken place in 2009. The group currently employs 8 personnel, and is headed by Yunnan Observatories Professor Jiancheng Wang.;The Astrometry & Application Group is the successor of the former Astrometry Laboratory of Yunnan Observatories, the succession having taken place in 2009. The group currently employs 8 personnel, and is headed by Yunnan Observatories Professor Jiancheng Wang.;ND;ND;ND;ND;ND;ND;ND;ND;free;primary;not_applicable;ND;ND;https://english.ynao.cas.cn/research/rg/aag/;ND;1;B;V2;200;V2: institution certifiée 3/3, URL ouverte anonymement, titre et contenu vérifiés automatiquement. V3 réservé à une validation plus forte.;e27fb2baf55d64914405af4f9cb78754f7e8246c8345a1eb2d5b435e291ecbd2
18;DOC-EC4AA7799C37A1F76201;research;ND;Binaries & Variables Group----Yunnan Observatories;https://english.ynao.cas.cn/research/rg/bvg/;ND;*Yunnan Observatories;ND;China;Asia;official_research_institution;ND;ND;2026-10-03T23:02:08.870Z;institutional_primary;en;Following the application of knowledge gained from studies of stellar evolution and stellar atmospheres to binary studies in the 1950s and 60s, mankind began to probe into the physics behind binary systems and their evolution. Relevant theories started being formulated in the 1970s, which was also when Yunnan Observatories started showing an interest in this field. Over the past few decades, the binaries & variables group has observed and studied many such objects, most notably W Ursae Majoris variables, and made considerable discoveries in the field.;Following the application of knowledge gained from studies of stellar evolution and stellar atmospheres to binary studies in the 1950s and 60s, mankind began to probe into the physics behind binary systems and their evolution. Relevant theories started being formulated in the 1970s, which was also when Yunnan Observatories started showing an interest in this field. Over the past few decades, the binaries & variables group has observed and studied many such objects, most notably W Ursae Majoris variables, and made considerable discoveries in the field.;ND;ND;ND;ND;ND;ND;ND;ND;free;primary;not_applicable;ND;ND;https://english.ynao.cas.cn/research/rg/bvg/;ND;1;B;V2;200;V2: institution certifiée 3/3, URL ouverte anonymement, titre et contenu vérifiés automatiquement. V3 réservé à une validation plus forte.;eeffbd731fd93adbc44e8bf8f56f9eecd85ee38e43ebbc9c29597eaa957af2d6
19;DOC-6DECD028FA96EBC771E4;research;ND;Binary Population Synthesis Group----Yunnan Observatories;https://english.ynao.cas.cn/research/rg/bpsg/;ND;*Yunnan Observatories;ND;China;Asia;official_research_institution;ND;ND;2026-10-03T23:02:08.660Z;institutional_primary;en;The BPS group, established in 1999, has seen many of its members receive awards for excellence in research over the years. It currently employs 9 permanent personnel, including 3 Professors, 4 Associate Professors, and 2 Assistant Professors. 16 temporary personnel are also currently affiliated, including 1 postdoctorate scholar and 15 graduate students.;The BPS group, established in 1999, has seen many of its members receive awards for excellence in research over the years. It currently employs 9 permanent personnel, including 3 Professors, 4 Associate Professors, and 2 Assistant Professors. 16 temporary personnel are also currently affiliated, including 1 postdoctorate scholar and 15 graduate students.;ND;ND;ND;ND;ND;ND;ND;ND;free;primary;not_applicable;ND;ND;https://english.ynao.cas.cn/research/rg/bpsg/;ND;1;B;V2;200;V2: institution certifiée 3/3, URL ouverte anonymement, titre et contenu vérifiés automatiquement. V3 réservé à une validation plus forte.;02bf2bba02a80e0dd81d927a8cf72643b99ee82feaf979fee84cdcc05ddd2eb2
20;DOC-833F6665DF4D4A3BDC0D;research;ND;Exoplanetary Systems Group----Yunnan Observatories;https://english.ynao.cas.cn/research/rg/esg/;ND;*Yunnan Observatories;ND;China;Asia;official_research_institution;ND;ND;2026-10-03T23:02:08.862Z;institutional_primary;en;The exoplanets group was established in 2013 under the patronage of Yunnan Observatories, with the aim of using modern observing techniques to study planetary systems and their host stars, and to learn about how they form and evolve. Fields of study include exoplanetary transits, asteroids, stellar magnetism, interaction between stars and hosted planets, etc.;The exoplanets group was established in 2013 under the patronage of Yunnan Observatories, with the aim of using modern observing techniques to study planetary systems and their host stars, and to learn about how they form and evolve. Fields of study include exoplanetary transits, asteroids, stellar magnetism, interaction between stars and hosted planets, etc.;ND;ND;ND;ND;ND;ND;ND;ND;free;primary;not_applicable;ND;ND;https://english.ynao.cas.cn/research/rg/esg/;ND;1;B;V2;200;V2: institution certifiée 3/3, URL ouverte anonymement, titre et contenu vérifiés automatiquement. V3 réservé à une validation plus forte.;41621370bd75c8b01179aaeef4ff721b0281647c7426f341e0d5554a47e714e0
21;DOC-451984153016656977B7;research;ND;Key Labroratory for the Structure and Evolution of Celestial Objects, CAS----Yunnan Observatories;https://english.ynao.cas.cn/research/kl/klseco/;ND;*Yunnan Observatories;ND;China;Asia;official_research_institution;ND;ND;2026-10-03T23:02:07.612Z;institutional_primary;en;The Key Laboratory for the Structure and Evolution of Celestial Objects, a subsidiary of Yunnan Observatories, was established in December 2012 under the approval of the Chinese Academy of Sciences. The laboratory consists of the binary population synthesis, stellar astrophysics, binaries & variables, high energy astrophysics and radio astronomy research groups, as well as the Lijiang observing station. Fields of research addressed by the laboratory include planetary and stellar astrophysics, binaries, galaxies, AGNs, accretion disks, etc. Current instrumentation covers photometry and spectrometry from radio to optical wavelengths, including the 2.4m optical telescope, the 1m optical telescope, the 60cm optical telecope, the 40m radio telescope, BOOTES-4, the 1.8m optical telescope, among others.;The Key Laboratory for the Structure and Evolution of Celestial Objects, a subsidiary of Yunnan Observatories, was established in December 2012 under the approval of the Chinese Academy of Sciences. The laboratory consists of the binary population synthesis, stellar astrophysics, binaries & variables, high energy astrophysics and radio astronomy research groups, as well as the Lijiang observing station. Fields of research addressed by the laboratory include planetary and stellar astrophysics, binaries, galaxies, AGNs, accretion disks, etc. Current instrumentation covers photometry and spectrometry from radio to optical wavelengths, including the 2.4m optical telescope, the 1m optical telescope, the 60cm optical telecope, the 40m radio telescope, BOOTES-4, the 1.8m optical telescope, among others.;ND;ND;ND;ND;ND;ND;ND;ND;free;primary;not_applicable;ND;ND;https://english.ynao.cas.cn/research/kl/klseco/;ND;1;B;V2;200;V2: institution certifiée 3/3, URL ouverte anonymement, titre et contenu vérifiés automatiquement. V3 réservé à une validation plus forte.;3a6dfbb57146fbb97e1cd30c189b3b0a9ce837317908612c067ba423cc14f74c
22;DOC-B1659772B40D789C412A;research;ND;Laboratory of Astronomical Technologies----Yunnan Observatories;https://english.ynao.cas.cn/research/rg/lat/;ND;*Yunnan Observatories;ND;China;Asia;official_research_institution;ND;ND;2026-10-03T23:02:06.237Z;institutional_primary;en;"Laboratory of Astronomical Technologies----Yunnan Observatories Sitemap | Contact | Chinese | CAS Search Home About Us News & Events Research People Papers Conferences Seminars --> Vacancies & Programs Telescopes & Instrumentation Join Us --> Research Groups Applied Astronomy Group Astrometry and Application Group Binary Population Synthesis Group Binaries & Variables Group Exoplanetary Systems Group Laboratory of Astronomical Technologies Solar Site Survey and Coronal Observation Group Radio Astronomy Group Stellar Astrophysics Group Solar Physics Group Quick Links People Research Conferences Vacancies & Programs Location: Home > Research > Research Groups > Laboratory of Astronomical Technologies Copyright &copy; 2013 Yunnan Observatories, CAS All Rights Reserved. Address: 396 Yangfangwang, Guandu District, Kunming 650216, Yunnan, China Tel: +86 871 63920919 Fax: +86 871 63920599";"Laboratory of Astronomical Technologies----Yunnan Observatories Sitemap | Contact | Chinese | CAS Search Home About Us News & Events Research People Papers Conferences Seminars --> Vacancies & Programs Telescopes & Instrumentation Join Us --> Research Groups Applied Astronomy Group Astrometry and Application Group Binary Population Synthesis Group Binaries & Variables Group Exoplanetary Systems Group Laboratory of Astronomical Technologies Solar Site Survey and Coronal Observation Group Radio Astronomy Group Stellar Astrophysics Group Solar Physics Group Quick Links People Research Conferences Vacancies & Programs Location: Home > Research > Research Groups > Laboratory of Astronomical Technologies Copyright &copy; 2013 Yunnan Observatories, CAS All Rights Reserved. Address: 396 Yangfangwang, Guandu District, Kunming 650216, Yunnan, China Tel: +86 871 63920919 Fax: +86 871 63920599";ND;ND;ND;ND;ND;ND;ND;ND;free;primary;not_applicable;ND;ND;https://english.ynao.cas.cn/research/rg/lat/;ND;3;B;V2;200;V2: institution certifiée 3/3, URL ouverte anonymement, titre et contenu vérifiés automatiquement. V3 réservé à une validation plus forte.;973e3f59195605e8fc60cf209f171093b86e81966db9961b14c400dd5e4b310b
23;DOC-A314EBBDFFA324CACC4E;research;ND;Observatories----Yunnan Observatories;https://english.ynao.cas.cn/research/observatories/;ND;*Yunnan Observatories;ND;China;Asia;official_research_institution;ND;ND;2026-10-03T23:02:07.803Z;institutional_primary;en;"Observatories----Yunnan Observatories Sitemap | Contact | Chinese | CAS Search Home About Us News & Events Research People Papers Conferences Seminars --> Vacancies & Programs Telescopes & Instrumentation Join Us --> Research Research Groups Observatories Key Laboratories Research Progress Research Programs Quick Links People Research Conferences Vacancies & Programs Location: Home > Research > Observatories Observatories Fuxian Solar Observatory Lijiang Observatory 1 Page(s) 1 Copyright &copy; 2013 Yunnan Observatories, CAS All Rights Reserved. Address: 396 Yangfangwang, Guandu District, Kunming 650216, Yunnan, China Tel: +86 871 63920919 Fax: +86 871 63920599";"Observatories----Yunnan Observatories Sitemap | Contact | Chinese | CAS Search Home About Us News & Events Research People Papers Conferences Seminars --> Vacancies & Programs Telescopes & Instrumentation Join Us --> Research Research Groups Observatories Key Laboratories Research Progress Research Programs Quick Links People Research Conferences Vacancies & Programs Location: Home > Research > Observatories Observatories Fuxian Solar Observatory Lijiang Observatory 1 Page(s) 1 Copyright &copy; 2013 Yunnan Observatories, CAS All Rights Reserved. Address: 396 Yangfangwang, Guandu District, Kunming 650216, Yunnan, China Tel: +86 871 63920919 Fax: +86 871 63920599";ND;ND;ND;ND;ND;ND;ND;ND;free;primary;not_applicable;ND;ND;https://english.ynao.cas.cn/research/observatories/;ND;1;B;V2;200;V2: institution certifiée 3/3, URL ouverte anonymement, titre et contenu vérifiés automatiquement. V3 réservé à une validation plus forte.;01509960a49b8688b2739ee548afed3d8668cfd0ec3749bcedf6c8754999d1e8
24;DOC-052822D17048D69F2B7B;research;ND;Radio Astronomy Group----Yunnan Observatories;https://english.ynao.cas.cn/research/rg/rag/;ND;*Yunnan Observatories;ND;China;Asia;official_research_institution;ND;ND;2026-10-03T23:02:08.867Z;institutional_primary;en;The Radio Astronomy Group is an important component of Yunnan Observatories. It is in charge of the 40m Radio Telescope, the second largest in China, as well as a 10m radio telescope for solar observation purposes. It is also responsible for maintaining the functions of the 40m Radio Telescope in the national VLBI project and the national space programs.;The Radio Astronomy Group is an important component of Yunnan Observatories. It is in charge of the 40m Radio Telescope, the second largest in China, as well as a 10m radio telescope for solar observation purposes. It is also responsible for maintaining the functions of the 40m Radio Telescope in the national VLBI project and the national space programs.;ND;ND;ND;ND;ND;ND;ND;ND;free;primary;not_applicable;ND;ND;https://english.ynao.cas.cn/research/rg/rag/;ND;1;B;V2;200;V2: institution certifiée 3/3, URL ouverte anonymement, titre et contenu vérifiés automatiquement. V3 réservé à une validation plus forte.;84f301f7a5c940ea126132e86a716c99ce7d36061405cf256770ab9f096ca5ce
25;DOC-3738BB0FA6CA2CCA6BFA;research;ND;Research Progress----Yunnan Observatories;https://english.ynao.cas.cn/research/rp/;ND;*Yunnan Observatories;ND;China;Asia;official_research_institution;ND;ND;2026-10-03T23:02:09.081Z;institutional_primary;en;Research Progress----Yunnan Observatories Sitemap | Contact | Chinese | CAS Search Home About Us News & Events Research People Papers Conferences Seminars --> Vacancies & Programs Telescopes & Instrumentation Join Us --> Research Research Groups Observatories Key Laboratories Research Progress Research Programs Quick Links People Research Conferences Vacancies & Programs Location: Home > Research > Research Progress Research Progress • Researchers Report Dwarf Novae Unlikely to Be Type Ia Supernova Progenitors (2026-09-30) • Researchers Reveal Sharp Rise in Mass-Loss Rate Before a Rare Type Ia Superno... (2026-09-30) • Study Confirms Compact Companion around the RR Lyrae Star IY Lyr (2026-09-30) • Study Reports Gamma-Ray Excess Toward Radio-Quiet Narrow-Line Seyfert 1 Galax... (2026-09-28) • Research Advances Rapid Physical Inference for Type II Supernovae (2026-08-18) • Study Reveals Mi;Research Progress----Yunnan Observatories Sitemap | Contact | Chinese | CAS Search Home About Us News & Events Research People Papers Conferences Seminars --> Vacancies & Programs Telescopes & Instrumentation Join Us --> Research Research Groups Observatories Key Laboratories Research Progress Research Programs Quick Links People Research Conferences Vacancies & Programs Location: Home > Research > Research Progress Research Progress • Researchers Report Dwarf Novae Unlikely to Be Type Ia Supernova Progenitors (2026-09-30) • Researchers Reveal Sharp Rise in Mass-Loss Rate Before a Rare Type Ia Superno... (2026-09-30) • Study Confirms Compact Companion around the RR Lyrae Star IY Lyr (2026-09-30) • Study Reports Gamma-Ray Excess Toward Radio-Quiet Narrow-Line Seyfert 1 Galax... (2026-09-28) • Research Advances Rapid Physical Inference for Type II Supernovae (2026-08-18) • Study Reveals Mi;ND;ND;ND;ND;ND;ND;ND;ND;free;primary;not_applicable;ND;ND;https://english.ynao.cas.cn/research/rp/;ND;1;B;V2;200;V2: institution certifiée 3/3, URL ouverte anonymement, titre et contenu vérifiés automatiquement. V3 réservé à une validation plus forte.;153fbfc5b16f62307069eaf6604b38739a2cf03ba7390bfa0e4253978477cbf9
26;DOC-A9E0FA77C1B9055D52E0;research;ND;Researchers Report Dwarf Novae Unlikely to Be Type Ia Supernova Progenitors----Yunnan Observatories;https://english.ynao.cas.cn/research/rp/202609/t20260930_1201601.html;ND;*Yunnan Observatories;ND;China;Asia;official_research_institution;ND;ND;2026-10-03T23:02:07.011Z;institutional_primary;en;Recently, PhD student LI Ruijie and Prof. WANG Bo from Yunnan Observatories, Chinese Academy of Sciences, reported new findings on dwarf novae. The team found that cyclic accretion in dwarf novae cannot sustain stable hydrogen burning on white dwarfs. Recurrent nova eruptions reduce the mass retention efficiency of white dwarfs, preventing them from growing to the Chandrasekhar mass limit through long-term accretion. Therefore, dwarf novae are unlikely to be progenitor systems of Type Ia supernovae. The study has been published in the international astronomical journal Astronomy & Astrophysics.;Recently, PhD student LI Ruijie and Prof. WANG Bo from Yunnan Observatories, Chinese Academy of Sciences, reported new findings on dwarf novae. The team found that cyclic accretion in dwarf novae cannot sustain stable hydrogen burning on white dwarfs. Recurrent nova eruptions reduce the mass retention efficiency of white dwarfs, preventing them from growing to the Chandrasekhar mass limit through long-term accretion. Therefore, dwarf novae are unlikely to be progenitor systems of Type Ia supernovae. The study has been published in the international astronomical journal Astronomy & Astrophysics.;ND;ND;ND;ND;ND;ND;ND;ND;free;primary;not_applicable;ND;ND;https://english.ynao.cas.cn/research/rp/202609/t20260930_1201601.html;ND;2;B;V2;200;V2: institution certifiée 3/3, URL ouverte anonymement, titre et contenu vérifiés automatiquement. V3 réservé à une validation plus forte.;e8047570aee4be8f22399954c03d6f39f95d69f0c79538c880e05edb0613aace
27;DOC-EE7054DC88F62AA2C7D0;research;ND;Solar Physics Group----Yunnan Observatories;https://english.ynao.cas.cn/research/rg/spg/;ND;*Yunnan Observatories;ND;China;Asia;official_research_institution;ND;ND;2026-10-03T23:02:08.869Z;institutional_primary;en;Solar Physics is traditionally one of YNAO’s strongest fields of research. The Solar Physics group employs many experts in this field, and has access to immense amounts of resources in terms of instrumentation. Our academic mission is divided into 4 parts: project-oriented solar research, routine observations, database services, and the development of new technologies and instrumentation.;Solar Physics is traditionally one of YNAO’s strongest fields of research. The Solar Physics group employs many experts in this field, and has access to immense amounts of resources in terms of instrumentation. Our academic mission is divided into 4 parts: project-oriented solar research, routine observations, database services, and the development of new technologies and instrumentation.;ND;ND;ND;ND;ND;ND;ND;ND;free;primary;not_applicable;ND;ND;https://english.ynao.cas.cn/research/rg/spg/;ND;1;B;V2;200;V2: institution certifiée 3/3, URL ouverte anonymement, titre et contenu vérifiés automatiquement. V3 réservé à une validation plus forte.;ac86c085c2b38bccec9f360839fe3e1c4d775986f11025384c2cfbd8f30fb487
28;DOC-D67F3B494B67885F651E;research;ND;Solar Site Survey and Coronal Observation Group----Yunnan Observatories;https://english.ynao.cas.cn/research/rg/ssscog/;ND;*Yunnan Observatories;ND;China;Asia;official_research_institution;ND;ND;2026-10-03T23:02:08.859Z;institutional_primary;en;To advance the technique of ground-based observations and to solve the fundamental problems of solar physics, it is essential that optimum sites be allocated for the purpose of optical and IR solar observations in the near future. The western inland regions of China boast a homogeneous and stable atmosphere, an ample amount of sunlight hours, in addition to a high altitude. Such properties are ideal for solar observation, yet the region remains untouched by researchers in the field due to underdevelopment in the related areas. Therefore, prospecting for sites in these regions is a worthwhile activity for the development of solar research.;To advance the technique of ground-based observations and to solve the fundamental problems of solar physics, it is essential that optimum sites be allocated for the purpose of optical and IR solar observations in the near future. The western inland regions of China boast a homogeneous and stable atmosphere, an ample amount of sunlight hours, in addition to a high altitude. Such properties are ideal for solar observation, yet the region remains untouched by researchers in the field due to underdevelopment in the related areas. Therefore, prospecting for sites in these regions is a worthwhile activity for the development of solar research.;ND;ND;ND;ND;ND;ND;ND;ND;free;primary;not_applicable;ND;ND;https://english.ynao.cas.cn/research/rg/ssscog/;ND;1;B;V2;200;V2: institution certifiée 3/3, URL ouverte anonymement, titre et contenu vérifiés automatiquement. V3 réservé à une validation plus forte.;7da40ce7acbc7da1f18b4ef8836d86515b1c4eac37717f071784c8a6d29764c0
29;DOC-ADD2A891F7F41B6F47DC;research;ND;Stellar Astrophysics Group----Yunnan Observatories;https://english.ynao.cas.cn/research/rg/sag/;ND;*Yunnan Observatories;ND;China;Asia;official_research_institution;ND;ND;2026-10-03T23:02:08.868Z;institutional_primary;en;The Stellar Astrophysics Group was created in the 1970s by Academician Runqian Huang. After over 30 years of development, the group has made significant breakthroughs in unconserved binary evolution theory, stellar wind shock theory, the effects of convective overshooting on stellar evolution, stellar evolution, formation of irregular objects, the period-luminosity relation of red supergiants, and the structure of the solar convective zone, among others.;The Stellar Astrophysics Group was created in the 1970s by Academician Runqian Huang. After over 30 years of development, the group has made significant breakthroughs in unconserved binary evolution theory, stellar wind shock theory, the effects of convective overshooting on stellar evolution, stellar evolution, formation of irregular objects, the period-luminosity relation of red supergiants, and the structure of the solar convective zone, among others.;ND;ND;ND;ND;ND;ND;ND;ND;free;primary;not_applicable;ND;ND;https://english.ynao.cas.cn/research/rg/sag/;ND;1;B;V2;200;V2: institution certifiée 3/3, URL ouverte anonymement, titre et contenu vérifiés automatiquement. V3 réservé à une validation plus forte.;f8881cc74f61f6da8c9c113e008c804facb478a1fae07322b64c6d56c8419591
30;DOC-7FBF2E036AECCACD03B5;research;ND;Study Confirms Compact Companion around the RR Lyrae Star IY Lyr----Yunnan Observatories;https://english.ynao.cas.cn/research/rp/202609/t20260930_1201606.html;ND;*Yunnan Observatories;ND;China;Asia;official_research_institution;ND;ND;2026-10-03T23:02:07.413Z;institutional_primary;en;Researchers from the Yunnan Observatories (Chinese Academy of Sciences), working with the Ulugh Beg Astronomical Institute of Uzbekistan, have identified a compact companion orbiting the RR Lyrae star IY Lyr. By combining photometric, spectroscopic, and astrometric data—including LAMOST (Large Sky Area Multi-Object Fiber Spectroscopic Telescope) spectroscopy, ZTF (Zwicky Transient Facility), TESS (Transiting Exoplanet Survey Satellite), ASAS-SN (All-Sky Automated Survey for Supernovae), and dedicated BVRI observations from the Maidanak 60-cm telescope—they provided the first robust evidence for a companion with a mass of 1.37 solar masses around this RRc-type variable star.;Researchers from the Yunnan Observatories (Chinese Academy of Sciences), working with the Ulugh Beg Astronomical Institute of Uzbekistan, have identified a compact companion orbiting the RR Lyrae star IY Lyr. By combining photometric, spectroscopic, and astrometric data—including LAMOST (Large Sky Area Multi-Object Fiber Spectroscopic Telescope) spectroscopy, ZTF (Zwicky Transient Facility), TESS (Transiting Exoplanet Survey Satellite), ASAS-SN (All-Sky Automated Survey for Supernovae), and dedicated BVRI observations from the Maidanak 60-cm telescope—they provided the first robust evidence for a companion with a mass of 1.37 solar masses around this RRc-type variable star.;ND;ND;ND;ND;ND;ND;ND;ND;free;primary;not_applicable;ND;ND;https://english.ynao.cas.cn/research/rp/202609/t20260930_1201606.html;ND;2;B;V2;200;V2: institution certifiée 3/3, URL ouverte anonymement, titre et contenu vérifiés automatiquement. V3 réservé à une validation plus forte.;f98a30257527070b42bc4470ee1b1f52bc73a52d4bb7f27ea6ee7b717a9fd034
31;DOC-14161A0873997048746A;research;ND;New Vascularization Strategy for large-scale tissue engineering scaffolds--Guangzhou Institute of Biomedicine and Health, Chinese Academy of Sciences;https://english.gibh.cas.cn/new/kydt/202509/t20250930_1061310.html;ND;Guangzhou Institutes of Biomedicine and Health;ND;China;Asia;official_research_institution;ND;ND;2026-10-03T23:03:16.181Z;institutional_primary;en;Guangzhou Institute of Biomedicine and Health, Chinese Academy of Sciences We mainly engage in research in the fields of stem cell and regenerative medicine, chemical biology, infection and immunity, public health, and research equipment development. We have established five research units, including the Cell Lineage and Development Research Center, Cell Regeneration and Biological Therapy Research Center, Infection and Immunity Research Center, Chemical Biology and Drug Research Center, and Health Research Center. We also have a comprehensive support center for research conditions at the institute level. The public platform includes an analysis and testing center, an experimental animal center, a biomedical data and supercomputing center, a therapeutic cell preparation research center, a mobile biosafety level three laboratory, and multiple characteristic support platforms.;Guangzhou Institute of Biomedicine and Health, Chinese Academy of Sciences We mainly engage in research in the fields of stem cell and regenerative medicine, chemical biology, infection and immunity, public health, and research equipment development. We have established five research units, including the Cell Lineage and Development Research Center, Cell Regeneration and Biological Therapy Research Center, Infection and Immunity Research Center, Chemical Biology and Drug Research Center, and Health Research Center. We also have a comprehensive support center for research conditions at the institute level. The public platform includes an analysis and testing center, an experimental animal center, a biomedical data and supercomputing center, a therapeutic cell preparation research center, a mobile biosafety level three laboratory, and multiple characteristic support platforms.;ND;ND;ND;ND;ND;ND;ND;ND;free;primary;not_applicable;ND;ND;https://english.gibh.cas.cn/new/kydt/202509/t20250930_1061310.html;ND;1;B;V2;200;V2: institution certifiée 3/3, URL ouverte anonymement, titre et contenu vérifiés automatiquement. V3 réservé à une validation plus forte.;4558bc5af80982845c49ad3a6d82b31e6a36410413465b554fb8d17a901826ba
32;DOC-68E165D09F75759AA6AE;research;ND;Research News--Guangzhou Institute of Biomedicine and Health, Chinese Academy of Sciences;https://english.gibh.cas.cn/new/kydt/;ND;Guangzhou Institutes of Biomedicine and Health;ND;China;Asia;official_research_institution;ND;ND;2026-10-03T23:03:15.966Z;institutional_primary;en;Guangzhou Institute of Biomedicine and Health, Chinese Academy of Sciences We mainly engage in research in the fields of stem cell and regenerative medicine, chemical biology, infection and immunity, public health, and research equipment development. We have established five research units, including the Cell Lineage and Development Research Center, Cell Regeneration and Biological Therapy Research Center, Infection and Immunity Research Center, Chemical Biology and Drug Research Center, and Health Research Center. We also have a comprehensive support center for research conditions at the institute level. The public platform includes an analysis and testing center, an experimental animal center, a biomedical data and supercomputing center, a therapeutic cell preparation research center, a mobile biosafety level three laboratory, and multiple characteristic support platforms.;Guangzhou Institute of Biomedicine and Health, Chinese Academy of Sciences We mainly engage in research in the fields of stem cell and regenerative medicine, chemical biology, infection and immunity, public health, and research equipment development. We have established five research units, including the Cell Lineage and Development Research Center, Cell Regeneration and Biological Therapy Research Center, Infection and Immunity Research Center, Chemical Biology and Drug Research Center, and Health Research Center. We also have a comprehensive support center for research conditions at the institute level. The public platform includes an analysis and testing center, an experimental animal center, a biomedical data and supercomputing center, a therapeutic cell preparation research center, a mobile biosafety level three laboratory, and multiple characteristic support platforms.;ND;ND;ND;ND;ND;ND;ND;ND;free;primary;not_applicable;ND;ND;https://english.gibh.cas.cn/new/kydt/;ND;1;B;V2;200;V2: institution certifiée 3/3, URL ouverte anonymement, titre et contenu vérifiés automatiquement. V3 réservé à une validation plus forte.;7c817672bd6e7d73705f8845f32ba7fb3db41efc7bb3e137417ccb5ea3ade0e6
33;DOC-AB21B9F79DB7FBCDEB38;research;ND;Research--Guangzhou Institute of Biomedicine and Health, Chinese Academy of Sciences;https://english.gibh.cas.cn/ky/;ND;Guangzhou Institutes of Biomedicine and Health;ND;China;Asia;official_research_institution;ND;ND;2026-10-03T23:03:15.694Z;institutional_primary;en;Guangzhou Institute of Biomedicine and Health, Chinese Academy of Sciences We mainly engage in research in the fields of stem cell and regenerative medicine, chemical biology, infection and immunity, public health, and research equipment development. We have established five research units, including the Cell Lineage and Development Research Center, Cell Regeneration and Biological Therapy Research Center, Infection and Immunity Research Center, Chemical Biology and Drug Research Center, and Health Research Center. We also have a comprehensive support center for research conditions at the institute level. The public platform includes an analysis and testing center, an experimental animal center, a biomedical data and supercomputing center, a therapeutic cell preparation research center, a mobile biosafety level three laboratory, and multiple characteristic support platforms.;Guangzhou Institute of Biomedicine and Health, Chinese Academy of Sciences We mainly engage in research in the fields of stem cell and regenerative medicine, chemical biology, infection and immunity, public health, and research equipment development. We have established five research units, including the Cell Lineage and Development Research Center, Cell Regeneration and Biological Therapy Research Center, Infection and Immunity Research Center, Chemical Biology and Drug Research Center, and Health Research Center. We also have a comprehensive support center for research conditions at the institute level. The public platform includes an analysis and testing center, an experimental animal center, a biomedical data and supercomputing center, a therapeutic cell preparation research center, a mobile biosafety level three laboratory, and multiple characteristic support platforms.;ND;ND;ND;ND;ND;ND;ND;ND;free;primary;not_applicable;ND;ND;https://english.gibh.cas.cn/ky/;ND;1;B;V2;200;V2: institution certifiée 3/3, URL ouverte anonymement, titre et contenu vérifiés automatiquement. V3 réservé à une validation plus forte.;ff1f971dec5e2f80cc17eb23250e25eec295916d52a5f0601815d77b11da6b2c
34;DOC-A4D36973007C1F6DDB77;research;ND;Researchers develop a mitochondrial transplantation approach for mitochondrial and degenerative diseases--Guangzhou Institute of Biomedicine and Health, Chinese Academy of Sciences;https://english.gibh.cas.cn/new/kydt/202603/t20260320_1153037.html;ND;Guangzhou Institutes of Biomedicine and Health;ND;China;Asia;official_research_institution;ND;ND;2026-10-03T23:03:16.172Z;institutional_primary;en;Guangzhou Institute of Biomedicine and Health, Chinese Academy of Sciences We mainly engage in research in the fields of stem cell and regenerative medicine, chemical biology, infection and immunity, public health, and research equipment development. We have established five research units, including the Cell Lineage and Development Research Center, Cell Regeneration and Biological Therapy Research Center, Infection and Immunity Research Center, Chemical Biology and Drug Research Center, and Health Research Center. We also have a comprehensive support center for research conditions at the institute level. The public platform includes an analysis and testing center, an experimental animal center, a biomedical data and supercomputing center, a therapeutic cell preparation research center, a mobile biosafety level three laboratory, and multiple characteristic support platforms.;Guangzhou Institute of Biomedicine and Health, Chinese Academy of Sciences We mainly engage in research in the fields of stem cell and regenerative medicine, chemical biology, infection and immunity, public health, and research equipment development. We have established five research units, including the Cell Lineage and Development Research Center, Cell Regeneration and Biological Therapy Research Center, Infection and Immunity Research Center, Chemical Biology and Drug Research Center, and Health Research Center. We also have a comprehensive support center for research conditions at the institute level. The public platform includes an analysis and testing center, an experimental animal center, a biomedical data and supercomputing center, a therapeutic cell preparation research center, a mobile biosafety level three laboratory, and multiple characteristic support platforms.;ND;ND;ND;ND;ND;ND;ND;ND;free;primary;not_applicable;ND;ND;https://english.gibh.cas.cn/new/kydt/202603/t20260320_1153037.html;ND;1;B;V2;200;V2: institution certifiée 3/3, URL ouverte anonymement, titre et contenu vérifiés automatiquement. V3 réservé à une validation plus forte.;82d943d1220f7fe2ff05cc161eebaacb4dc3d663e9ce354bdf64eb9f01aed1ba
35;DOC-42CCBEF63262900C0FCA;research;ND;Researchers Develop a Safer and More Efficient mTOR Inhibitor--Guangzhou Institute of Biomedicine and Health, Chinese Academy of Sciences;https://english.gibh.cas.cn/new/kydt/202602/t20260209_1150220.html;ND;Guangzhou Institutes of Biomedicine and Health;ND;China;Asia;official_research_institution;ND;ND;2026-10-03T23:03:16.171Z;institutional_primary;en;Guangzhou Institute of Biomedicine and Health, Chinese Academy of Sciences We mainly engage in research in the fields of stem cell and regenerative medicine, chemical biology, infection and immunity, public health, and research equipment development. We have established five research units, including the Cell Lineage and Development Research Center, Cell Regeneration and Biological Therapy Research Center, Infection and Immunity Research Center, Chemical Biology and Drug Research Center, and Health Research Center. We also have a comprehensive support center for research conditions at the institute level. The public platform includes an analysis and testing center, an experimental animal center, a biomedical data and supercomputing center, a therapeutic cell preparation research center, a mobile biosafety level three laboratory, and multiple characteristic support platforms.;Guangzhou Institute of Biomedicine and Health, Chinese Academy of Sciences We mainly engage in research in the fields of stem cell and regenerative medicine, chemical biology, infection and immunity, public health, and research equipment development. We have established five research units, including the Cell Lineage and Development Research Center, Cell Regeneration and Biological Therapy Research Center, Infection and Immunity Research Center, Chemical Biology and Drug Research Center, and Health Research Center. We also have a comprehensive support center for research conditions at the institute level. The public platform includes an analysis and testing center, an experimental animal center, a biomedical data and supercomputing center, a therapeutic cell preparation research center, a mobile biosafety level three laboratory, and multiple characteristic support platforms.;ND;ND;ND;ND;ND;ND;ND;ND;free;primary;not_applicable;ND;ND;https://english.gibh.cas.cn/new/kydt/202602/t20260209_1150220.html;ND;1;B;V2;200;V2: institution certifiée 3/3, URL ouverte anonymement, titre et contenu vérifiés automatiquement. V3 réservé à une validation plus forte.;1161f8101965c22b178d185c5b3c44aa9e7cc309ab388f9d970812d601bd2371
36;DOC-24E2CD32EB5C53B2E29E;research;ND;Researchers have developed two PROTAC degraders which target BRD9 for combating malignancies--Guangzhou Institute of Biomedicine and Health, Chinese Academy of Sciences;https://english.gibh.cas.cn/new/kydt/202607/t20260721_1178831.html;ND;Guangzhou Institutes of Biomedicine and Health;ND;China;Asia;official_research_institution;ND;ND;2026-10-03T23:03:16.435Z;institutional_primary;en;Guangzhou Institute of Biomedicine and Health, Chinese Academy of Sciences We mainly engage in research in the fields of stem cell and regenerative medicine, chemical biology, infection and immunity, public health, and research equipment development. We have established five research units, including the Cell Lineage and Development Research Center, Cell Regeneration and Biological Therapy Research Center, Infection and Immunity Research Center, Chemical Biology and Drug Research Center, and Health Research Center. We also have a comprehensive support center for research conditions at the institute level. The public platform includes an analysis and testing center, an experimental animal center, a biomedical data and supercomputing center, a therapeutic cell preparation research center, a mobile biosafety level three laboratory, and multiple characteristic support platforms.;Guangzhou Institute of Biomedicine and Health, Chinese Academy of Sciences We mainly engage in research in the fields of stem cell and regenerative medicine, chemical biology, infection and immunity, public health, and research equipment development. We have established five research units, including the Cell Lineage and Development Research Center, Cell Regeneration and Biological Therapy Research Center, Infection and Immunity Research Center, Chemical Biology and Drug Research Center, and Health Research Center. We also have a comprehensive support center for research conditions at the institute level. The public platform includes an analysis and testing center, an experimental animal center, a biomedical data and supercomputing center, a therapeutic cell preparation research center, a mobile biosafety level three laboratory, and multiple characteristic support platforms.;ND;ND;ND;ND;ND;ND;ND;ND;free;primary;not_applicable;ND;ND;https://english.gibh.cas.cn/new/kydt/202607/t20260721_1178831.html;ND;1;B;V2;200;V2: institution certifiée 3/3, URL ouverte anonymement, titre et contenu vérifiés automatiquement. V3 réservé à une validation plus forte.;8e7296d1bb61c32c6845844c3ad9c7b78ca4c9a3bf13f93f6da14379696d1bd8
37;DOC-AE0DE40ECBBBE96FE356;research;ND;Researchers identify a Non-canonical ORF-encoded Microprotein PLUM as a Key Regulator of Pluripotent Stem Cell Fate--Guangzhou Institute of Biomedicine and Health, Chinese Academy of Sciences;https://english.gibh.cas.cn/new/kydt/202512/t20251208_1135611.html;ND;Guangzhou Institutes of Biomedicine and Health;ND;China;Asia;official_research_institution;ND;ND;2026-10-03T23:03:16.166Z;institutional_primary;en;Guangzhou Institute of Biomedicine and Health, Chinese Academy of Sciences We mainly engage in research in the fields of stem cell and regenerative medicine, chemical biology, infection and immunity, public health, and research equipment development. We have established five research units, including the Cell Lineage and Development Research Center, Cell Regeneration and Biological Therapy Research Center, Infection and Immunity Research Center, Chemical Biology and Drug Research Center, and Health Research Center. We also have a comprehensive support center for research conditions at the institute level. The public platform includes an analysis and testing center, an experimental animal center, a biomedical data and supercomputing center, a therapeutic cell preparation research center, a mobile biosafety level three laboratory, and multiple characteristic support platforms.;Guangzhou Institute of Biomedicine and Health, Chinese Academy of Sciences We mainly engage in research in the fields of stem cell and regenerative medicine, chemical biology, infection and immunity, public health, and research equipment development. We have established five research units, including the Cell Lineage and Development Research Center, Cell Regeneration and Biological Therapy Research Center, Infection and Immunity Research Center, Chemical Biology and Drug Research Center, and Health Research Center. We also have a comprehensive support center for research conditions at the institute level. The public platform includes an analysis and testing center, an experimental animal center, a biomedical data and supercomputing center, a therapeutic cell preparation research center, a mobile biosafety level three laboratory, and multiple characteristic support platforms.;ND;ND;ND;ND;ND;ND;ND;ND;free;primary;not_applicable;ND;ND;https://english.gibh.cas.cn/new/kydt/202512/t20251208_1135611.html;ND;1;B;V2;200;V2: institution certifiée 3/3, URL ouverte anonymement, titre et contenu vérifiés automatiquement. V3 réservé à une validation plus forte.;cd452fb10835d330f65790b2d255dab9992171b679a6bb6455db71efca1eabac
38;DOC-3955343D2E9FD250CA44;research;ND;"Researchers Reveal ""Domesticated"" Transposon Protein as the Gatekeeper of Pluripotency--Guangzhou Institute of Biomedicine and Health, Chinese Academy of Sciences";https://english.gibh.cas.cn/new/kydt/202602/t20260209_1150212.html;ND;Guangzhou Institutes of Biomedicine and Health;ND;China;Asia;official_research_institution;ND;ND;2026-10-03T23:03:16.171Z;institutional_primary;en;Guangzhou Institute of Biomedicine and Health, Chinese Academy of Sciences We mainly engage in research in the fields of stem cell and regenerative medicine, chemical biology, infection and immunity, public health, and research equipment development. We have established five research units, including the Cell Lineage and Development Research Center, Cell Regeneration and Biological Therapy Research Center, Infection and Immunity Research Center, Chemical Biology and Drug Research Center, and Health Research Center. We also have a comprehensive support center for research conditions at the institute level. The public platform includes an analysis and testing center, an experimental animal center, a biomedical data and supercomputing center, a therapeutic cell preparation research center, a mobile biosafety level three laboratory, and multiple characteristic support platforms.;Guangzhou Institute of Biomedicine and Health, Chinese Academy of Sciences We mainly engage in research in the fields of stem cell and regenerative medicine, chemical biology, infection and immunity, public health, and research equipment development. We have established five research units, including the Cell Lineage and Development Research Center, Cell Regeneration and Biological Therapy Research Center, Infection and Immunity Research Center, Chemical Biology and Drug Research Center, and Health Research Center. We also have a comprehensive support center for research conditions at the institute level. The public platform includes an analysis and testing center, an experimental animal center, a biomedical data and supercomputing center, a therapeutic cell preparation research center, a mobile biosafety level three laboratory, and multiple characteristic support platforms.;ND;ND;ND;ND;ND;ND;ND;ND;free;primary;not_applicable;ND;ND;https://english.gibh.cas.cn/new/kydt/202602/t20260209_1150212.html;ND;1;B;V2;200;V2: institution certifiée 3/3, URL ouverte anonymement, titre et contenu vérifiés automatiquement. V3 réservé à une validation plus forte.;26b0983c7216ba3bb192f98511694541463dfd08188739a713f017735f1a9ce2
39;DOC-899E441ABCE875882077;research;ND;"Researchers reveal a cell-fate ""rheostat"" governing somatic reprogramming--Guangzhou Institute of Biomedicine and Health, Chinese Academy of Sciences";https://english.gibh.cas.cn/new/kydt/202604/t20260408_1155413.html;ND;Guangzhou Institutes of Biomedicine and Health;ND;China;Asia;official_research_institution;ND;ND;2026-10-03T23:03:14.437Z;institutional_primary;en;Guangzhou Institute of Biomedicine and Health, Chinese Academy of Sciences We mainly engage in research in the fields of stem cell and regenerative medicine, chemical biology, infection and immunity, public health, and research equipment development. We have established five research units, including the Cell Lineage and Development Research Center, Cell Regeneration and Biological Therapy Research Center, Infection and Immunity Research Center, Chemical Biology and Drug Research Center, and Health Research Center. We also have a comprehensive support center for research conditions at the institute level. The public platform includes an analysis and testing center, an experimental animal center, a biomedical data and supercomputing center, a therapeutic cell preparation research center, a mobile biosafety level three laboratory, and multiple characteristic support platforms.;Guangzhou Institute of Biomedicine and Health, Chinese Academy of Sciences We mainly engage in research in the fields of stem cell and regenerative medicine, chemical biology, infection and immunity, public health, and research equipment development. We have established five research units, including the Cell Lineage and Development Research Center, Cell Regeneration and Biological Therapy Research Center, Infection and Immunity Research Center, Chemical Biology and Drug Research Center, and Health Research Center. We also have a comprehensive support center for research conditions at the institute level. The public platform includes an analysis and testing center, an experimental animal center, a biomedical data and supercomputing center, a therapeutic cell preparation research center, a mobile biosafety level three laboratory, and multiple characteristic support platforms.;ND;ND;ND;ND;ND;ND;ND;ND;free;primary;not_applicable;ND;ND;https://english.gibh.cas.cn/new/kydt/202604/t20260408_1155413.html;ND;2;B;V2;200;V2: institution certifiée 3/3, URL ouverte anonymement, titre et contenu vérifiés automatiquement. V3 réservé à une validation plus forte.;3c974d7701bde3a85fb1068b165d6a6fa93b6d28a91b81a70fbad7efd0e239e8
40;DOC-31D8624AA2F51C8357BB;research;ND;Researchers reveal organ-specific vascular development in embryonic mouse--Guangzhou Institute of Biomedicine and Health, Chinese Academy of Sciences;https://english.gibh.cas.cn/new/kydt/202602/t20260214_1150999.html;ND;Guangzhou Institutes of Biomedicine and Health;ND;China;Asia;official_research_institution;ND;ND;2026-10-03T23:03:16.167Z;institutional_primary;en;Guangzhou Institute of Biomedicine and Health, Chinese Academy of Sciences We mainly engage in research in the fields of stem cell and regenerative medicine, chemical biology, infection and immunity, public health, and research equipment development. We have established five research units, including the Cell Lineage and Development Research Center, Cell Regeneration and Biological Therapy Research Center, Infection and Immunity Research Center, Chemical Biology and Drug Research Center, and Health Research Center. We also have a comprehensive support center for research conditions at the institute level. The public platform includes an analysis and testing center, an experimental animal center, a biomedical data and supercomputing center, a therapeutic cell preparation research center, a mobile biosafety level three laboratory, and multiple characteristic support platforms.;Guangzhou Institute of Biomedicine and Health, Chinese Academy of Sciences We mainly engage in research in the fields of stem cell and regenerative medicine, chemical biology, infection and immunity, public health, and research equipment development. We have established five research units, including the Cell Lineage and Development Research Center, Cell Regeneration and Biological Therapy Research Center, Infection and Immunity Research Center, Chemical Biology and Drug Research Center, and Health Research Center. We also have a comprehensive support center for research conditions at the institute level. The public platform includes an analysis and testing center, an experimental animal center, a biomedical data and supercomputing center, a therapeutic cell preparation research center, a mobile biosafety level three laboratory, and multiple characteristic support platforms.;ND;ND;ND;ND;ND;ND;ND;ND;free;primary;not_applicable;ND;ND;https://english.gibh.cas.cn/new/kydt/202602/t20260214_1150999.html;ND;1;B;V2;200;V2: institution certifiée 3/3, URL ouverte anonymement, titre et contenu vérifiés automatiquement. V3 réservé à une validation plus forte.;075cde2d4ca8f25a41a0203ff2b2d25c2d6628df736f8eaf1c526511d74536ad
41;DOC-9DD9933912FDD46943CC;research;ND;Researchers Uncover How ERDRP-0519 Differentially Targets Morbillivirus and Henipavirus Polymerases, Enabling Structure-Guided Inhibitor Optimization--Guangzhou Institute of Biomedicine and Health, Chinese Academy of Sciences;https://english.gibh.cas.cn/new/kydt/202606/t20260605_1161300.html;ND;Guangzhou Institutes of Biomedicine and Health;ND;China;Asia;official_research_institution;ND;ND;2026-10-03T23:03:16.379Z;institutional_primary;en;Guangzhou Institute of Biomedicine and Health, Chinese Academy of Sciences We mainly engage in research in the fields of stem cell and regenerative medicine, chemical biology, infection and immunity, public health, and research equipment development. We have established five research units, including the Cell Lineage and Development Research Center, Cell Regeneration and Biological Therapy Research Center, Infection and Immunity Research Center, Chemical Biology and Drug Research Center, and Health Research Center. We also have a comprehensive support center for research conditions at the institute level. The public platform includes an analysis and testing center, an experimental animal center, a biomedical data and supercomputing center, a therapeutic cell preparation research center, a mobile biosafety level three laboratory, and multiple characteristic support platforms.;Guangzhou Institute of Biomedicine and Health, Chinese Academy of Sciences We mainly engage in research in the fields of stem cell and regenerative medicine, chemical biology, infection and immunity, public health, and research equipment development. We have established five research units, including the Cell Lineage and Development Research Center, Cell Regeneration and Biological Therapy Research Center, Infection and Immunity Research Center, Chemical Biology and Drug Research Center, and Health Research Center. We also have a comprehensive support center for research conditions at the institute level. The public platform includes an analysis and testing center, an experimental animal center, a biomedical data and supercomputing center, a therapeutic cell preparation research center, a mobile biosafety level three laboratory, and multiple characteristic support platforms.;ND;ND;ND;ND;ND;ND;ND;ND;free;primary;not_applicable;ND;ND;https://english.gibh.cas.cn/new/kydt/202606/t20260605_1161300.html;ND;1;B;V2;200;V2: institution certifiée 3/3, URL ouverte anonymement, titre et contenu vérifiés automatiquement. V3 réservé à une validation plus forte.;7ac5ebbbb4e4825dcd5e8a29535edc721622972553db89acd23b170b5ace1d47
42;DOC-4CCD1A8B74DD200896CF;research;ND;One Sentence Reflection on Science Island Camp Experience----Hefei Institutes of Physical Science, The Chinese Academy of Sciences;https://english.hf.cas.cn/nr/mw/202607/t20260729_1179363.html;ND;Hefei Institutes of Physical Science;Hefei Institutes of Physical Science, The Chinese Academy of Sciences;China;Asia;official_research_institution;ND;ND;2026-10-03T23:03:37.426Z;institutional_primary;en;One Sentence Reflection on Science Island Camp Experience----Hefei Institutes of Physical Science, The Chinese Academy of Sciences Home 中文 OLD VERSION CAS ABOUT Portrait Leadership Organization History Facts & Figures RESEARCH Our themes Our themes Our Institutes Our Institutes Our facilities Our facilities NEWSROOM HEADLINE Big thing at HFIPS Research News MUST WATCH HFIPS in Media MOSAIC Upcoming Events CAREER HFIPSer Story Talent wanted APPLICATION GUIDELINE NOTICE FOR WORKING IN CHINA STUDY Study at HFIPS Shuttle Information PARTNERSHIP Collaboration on Big Facilities Joint Labs\Centers Science technology transfer platform Overseas partners HOME NEWSROOM Must Watch One Sentence Reflection on Science Island Camp Experience Jul 29, 2026 | By ZHAO Weiwei Attachments Download: Contact Reference Related Articles Contact Us Fax: +86-551-65591270 Email: intlcoop@hfcas.ac.cn 350 Shushanhu Ro;One Sentence Reflection on Science Island Camp Experience----Hefei Institutes of Physical Science, The Chinese Academy of Sciences Home 中文 OLD VERSION CAS ABOUT Portrait Leadership Organization History Facts & Figures RESEARCH Our themes Our themes Our Institutes Our Institutes Our facilities Our facilities NEWSROOM HEADLINE Big thing at HFIPS Research News MUST WATCH HFIPS in Media MOSAIC Upcoming Events CAREER HFIPSer Story Talent wanted APPLICATION GUIDELINE NOTICE FOR WORKING IN CHINA STUDY Study at HFIPS Shuttle Information PARTNERSHIP Collaboration on Big Facilities Joint Labs\Centers Science technology transfer platform Overseas partners HOME NEWSROOM Must Watch One Sentence Reflection on Science Island Camp Experience Jul 29, 2026 | By ZHAO Weiwei Attachments Download: Contact Reference Related Articles Contact Us Fax: +86-551-65591270 Email: intlcoop@hfcas.ac.cn 350 Shushanhu Ro;ND;ND;ND;ND;ND;ND;ND;ND;free;primary;not_applicable;ND;ND;https://english.hf.cas.cn/nr/mw/202607/t20260729_1179363.html;ND;1;B;V2;200;V2: institution certifiée 3/3, URL ouverte anonymement, titre et contenu vérifiés automatiquement. V3 réservé à une validation plus forte.;ee5d4fb56345d824365492f8e2a89d05af7c1f9aad15fd9b7b14666f216ecb32
43;DOC-F0C7337C4737F063B968;research;ND;Researchers discover magnetic γ-Fe in Chang’e-6 lunar samples----Hefei Institutes of Physical Science, The Chinese Academy of Sciences;https://english.hf.cas.cn/nr/bth/202609/t20260924_1201486.html;ND;Hefei Institutes of Physical Science;Hefei Institutes of Physical Science, The Chinese Academy of Sciences;China;Asia;official_research_institution;ND;ND;2026-10-03T23:03:35.929Z;institutional_primary;en;A research team led by Prof. DU Haifeng from the High Magnetic Field Laboratory of the Hefei Institutes of Physical Science, Chinese Academy of Sciences, and their collaborators have discovered face-centered cubic γ-Fe in lunar soil returned by the Chang;A research team led by Prof. DU Haifeng from the High Magnetic Field Laboratory of the Hefei Institutes of Physical Science, Chinese Academy of Sciences, and their collaborators have discovered face-centered cubic γ-Fe in lunar soil returned by the Chang;ND;ND;ND;ND;ND;ND;ND;ND;free;primary;not_applicable;ND;ND;https://english.hf.cas.cn/nr/bth/202609/t20260924_1201486.html;ND;1;B;V2;200;V2: institution certifiée 3/3, URL ouverte anonymement, titre et contenu vérifiés automatiquement. V3 réservé à une validation plus forte.;fb9cd2b0cda996dd2cb2f39bbaafce2e6d38677ff20cfdfe7914be443a4d6daa
44;DOC-7AF38869D188BA5C55E0;research;ND;Researchers Uncover a Mechanism Affecting Tungsten Transport in Tokamak Plasmas----Hefei Institutes of Physical Science, The Chinese Academy of Sciences;https://english.hf.cas.cn/nr/rn/202609/t20260930_1201620.html;ND;Hefei Institutes of Physical Science;Hefei Institutes of Physical Science, The Chinese Academy of Sciences;China;Asia;official_research_institution;ND;ND;2026-10-03T23:03:37.427Z;institutional_primary;en;Researchers at the Hefei Institutes of Physical Science of the Chinese Academy of Sciences, have developed a new theoretical framework for understanding the neoclassical transport of high-Z tungsten impurities in tokamak plasmas.;Researchers at the Hefei Institutes of Physical Science of the Chinese Academy of Sciences, have developed a new theoretical framework for understanding the neoclassical transport of high-Z tungsten impurities in tokamak plasmas.;ND;ND;ND;ND;ND;ND;ND;ND;free;primary;not_applicable;ND;ND;https://english.hf.cas.cn/nr/rn/202609/t20260930_1201620.html;ND;1;B;V2;200;V2: institution certifiée 3/3, URL ouverte anonymement, titre et contenu vérifiés automatiquement. V3 réservé à une validation plus forte.;6669be40305d65745b8a08e20ca415c5bdaf15446c1a88139eb7dc65203bdb76
45;DOC-328631E253A63E91A2B4;research;ND;Science Island Kindergarten Celebrates Festivals with Multicultural Fun----Hefei Institutes of Physical Science, The Chinese Academy of Sciences;https://english.hf.cas.cn/nr/headline/202609/t20260924_1201500.html;ND;Hefei Institutes of Physical Science;Hefei Institutes of Physical Science, The Chinese Academy of Sciences;China;Asia;official_research_institution;ND;ND;2026-10-03T23:03:35.937Z;institutional_primary;en;A multicultural garden event was held at Hefei Science Island Kindergarten on September 24 to celebrate the upcoming National Day and Mid-Autumn Festival. The event brought together children, parents and teachers to explore the beauty of Chinese ethnic cultures through interactive activities.;A multicultural garden event was held at Hefei Science Island Kindergarten on September 24 to celebrate the upcoming National Day and Mid-Autumn Festival. The event brought together children, parents and teachers to explore the beauty of Chinese ethnic cultures through interactive activities.;ND;ND;ND;ND;ND;ND;ND;ND;free;primary;not_applicable;ND;ND;https://english.hf.cas.cn/nr/headline/202609/t20260924_1201500.html;ND;1;B;V2;200;V2: institution certifiée 3/3, URL ouverte anonymement, titre et contenu vérifiés automatiquement. V3 réservé à une validation plus forte.;85863feac62c72c8f306ab5f52ca7d2618a2fc80ea4a9e937fa8bcffc3af5edb
46;DOC-1AA6758C2BFE154646D1;research;ND;2026----Institute of Deep-sea Science and Engineering, Chinese Academy of Sciences;https://english.idsse.cas.cn/news/newsupdates/2026/;ND;Institute of Deep-sea Science and Engineering;中国科学院,中国科学院计算机网络信息中心;China;Asia;official_research_institution;ND;ND;2026-10-03T23:03:37.404Z;institutional_primary;en;Institute of Deep-sea Science and Engineering, CAS,Deep-sea Science,CAS,Science and Engineering,;Institute of Deep-sea Science and Engineering, CAS,Deep-sea Science,CAS,Science and Engineering,;ND;ND;ND;ND;ND;ND;ND;ND;free;primary;not_applicable;ND;ND;https://english.idsse.cas.cn/news/newsupdates/2026/;ND;1;B;V2;200;V2: institution certifiée 3/3, URL ouverte anonymement, titre et contenu vérifiés automatiquement. V3 réservé à une validation plus forte.;132ddeb443adae945f0a50c5373f977267807e879136ece053b8f51145b9e71b
47;DOC-554E472DAAA329B61852;research;ND;Deep-sea Engineering and Technology----Institute of Deep-sea Science and Engineering,CAS;https://english.idsse.cas.cn/research/dset/;ND;Institute of Deep-sea Science and Engineering;中国科学院,中国科学院计算机网络信息中心;China;Asia;official_research_institution;ND;ND;2026-10-03T23:03:36.548Z;institutional_primary;en;Institute of Deep-sea Science and Engineering, CAS,Deep-sea Science,CAS,Science and Engineering,;Institute of Deep-sea Science and Engineering, CAS,Deep-sea Science,CAS,Science and Engineering,;ND;ND;ND;ND;ND;ND;ND;ND;free;primary;not_applicable;ND;ND;https://english.idsse.cas.cn/research/dset/;ND;4;B;V2;200;V2: institution certifiée 3/3, URL ouverte anonymement, titre et contenu vérifiés automatiquement. V3 réservé à une validation plus forte.;4d52b11fe4474287dba33d9822b896a25fe3d696d9bf8f6612888e7b8580cf29
48;DOC-C193B6AA144CCECAB5D3;research;ND;Deep-sea Science----Institute of Deep-sea Science and Engineering,CAS;https://english.idsse.cas.cn/research/dss/;ND;Institute of Deep-sea Science and Engineering;中国科学院,中国科学院计算机网络信息中心;China;Asia;official_research_institution;ND;ND;2026-10-03T23:03:37.207Z;institutional_primary;en;Institute of Deep-sea Science and Engineering, CAS,Deep-sea Science,CAS,Science and Engineering,;Institute of Deep-sea Science and Engineering, CAS,Deep-sea Science,CAS,Science and Engineering,;ND;ND;ND;ND;ND;ND;ND;ND;free;primary;not_applicable;ND;ND;https://english.idsse.cas.cn/research/dss/;ND;2;B;V2;200;V2: institution certifiée 3/3, URL ouverte anonymement, titre et contenu vérifiés automatiquement. V3 réservé à une validation plus forte.;2bc4fd2ef79851a36139b377ddcc79d63b77069e063292a9e1d95311e60e37be
49;DOC-A288448DCC46D3886665;research;ND;Institute of Deep-sea Science and Engineering, Chinese Academy of Sciences;https://english.idsse.cas.cn/;ND;Institute of Deep-sea Science and Engineering;中国科学院,中国科学院计算机网络信息中心;China;Asia;official_research_institution;ND;ND;2026-10-03T23:03:37.460Z;institutional_primary;en;Institute of Deep-sea Science and Engineering, CAS,Deep-sea Science,CAS,Science and Engineering,;Institute of Deep-sea Science and Engineering, CAS,Deep-sea Science,CAS,Science and Engineering,;ND;ND;ND;ND;ND;ND;ND;ND;free;primary;not_applicable;ND;ND;https://english.idsse.cas.cn/;ND;1;B;V2;200;V2: institution certifiée 3/3, URL ouverte anonymement, titre et contenu vérifiés automatiquement. V3 réservé à une validation plus forte.;26ca9c0c9569103c07363cce6da9604deab4e9f114c51a48e2058c616f061628
50;DOC-ECBE25032C154504A80F;research;ND;Key Laboratory of Deep-sea Science and Intelligence Technology----Institute of Deep-sea Science and Engineering,CAS;https://english.idsse.cas.cn/research/kdssit/;ND;Institute of Deep-sea Science and Engineering;中国科学院,中国科学院计算机网络信息中心;China;Asia;official_research_institution;ND;ND;2026-10-03T23:03:35.165Z;institutional_primary;en;Institute of Deep-sea Science and Engineering, CAS,Deep-sea Science,CAS,Science and Engineering,;Institute of Deep-sea Science and Engineering, CAS,Deep-sea Science,CAS,Science and Engineering,;ND;ND;ND;ND;ND;ND;ND;ND;free;primary;not_applicable;ND;ND;https://english.idsse.cas.cn/research/kdssit/;ND;5;B;V2;200;V2: institution certifiée 3/3, URL ouverte anonymement, titre et contenu vérifiés automatiquement. V3 réservé à une validation plus forte.;46d4d9cc6d64231321629306db18fb2c84074fed993ac3799b8d6c2c45289e7d
51;DOC-A9DB74F6D67630165259;research;ND;Nature Geoscience：Study Reveals New Mechanism for Rapid Methane Release from Subglacial Gas Hydrate Systems in Polar Regions----Institute of Deep-sea Science and Engineering, Chinese Academy of Sciences;https://english.idsse.cas.cn/news/newsupdates/2026/202607/t20260722_1178908.html;ND;Institute of Deep-sea Science and Engineering;中国科学院,中国科学院计算机网络信息中心;China;Asia;official_research_institution;ND;ND;2026-10-03T23:03:36.741Z;institutional_primary;en;Institute of Deep-sea Science and Engineering, CAS,Deep-sea Science,CAS,Science and Engineering,;Institute of Deep-sea Science and Engineering, CAS,Deep-sea Science,CAS,Science and Engineering,;ND;ND;ND;ND;ND;ND;ND;ND;free;primary;not_applicable;ND;ND;https://english.idsse.cas.cn/news/newsupdates/2026/202607/t20260722_1178908.html;ND;3;B;V2;200;V2: institution certifiée 3/3, URL ouverte anonymement, titre et contenu vérifiés automatiquement. V3 réservé à une validation plus forte.;c9d39f30a1586f8456bf2e4eaf9a29b8751e402094502979e680168c83b3d0a6
52;DOC-19DD75CE0B2395F78606;research;ND;"Newly Discovered ""Whale Necropolis"" Enhances Understanding of Deep-Sea Ecology----Institute of Deep-sea Science and Engineering, Chinese Academy of Sciences";https://english.idsse.cas.cn/news/newsupdates/2026/202607/t20260722_1178907.html;ND;Institute of Deep-sea Science and Engineering;中国科学院,中国科学院计算机网络信息中心;China;Asia;official_research_institution;ND;ND;2026-10-03T23:03:37.620Z;institutional_primary;en;Institute of Deep-sea Science and Engineering, CAS,Deep-sea Science,CAS,Science and Engineering,;Institute of Deep-sea Science and Engineering, CAS,Deep-sea Science,CAS,Science and Engineering,;ND;ND;ND;ND;ND;ND;ND;ND;free;primary;not_applicable;ND;ND;https://english.idsse.cas.cn/news/newsupdates/2026/202607/t20260722_1178907.html;ND;1;B;V2;200;V2: institution certifiée 3/3, URL ouverte anonymement, titre et contenu vérifiés automatiquement. V3 réservé à une validation plus forte.;3d1c46d6a1d94373ba97dcba09c30a698fed94937f9da187c1d5cb53158b4406
53;DOC-162C5026CBC2F2109125;research;ND;Research at IDSSE----Institute of Deep-sea Science and Engineering,CAS;https://english.idsse.cas.cn/banner/202412/t20241218_894941.html;ND;Institute of Deep-sea Science and Engineering;中国科学院,中国科学院计算机网络信息中心;China;Asia;official_research_institution;ND;ND;2026-10-03T23:03:37.427Z;institutional_primary;en;Institute of Deep-sea Science and Engineering, CAS,Deep-sea Science,CAS,Science and Engineering,;Institute of Deep-sea Science and Engineering, CAS,Deep-sea Science,CAS,Science and Engineering,;ND;ND;ND;ND;ND;ND;ND;ND;free;primary;not_applicable;ND;ND;https://english.idsse.cas.cn/banner/202412/t20241218_894941.html;ND;1;B;V2;200;V2: institution certifiée 3/3, URL ouverte anonymement, titre et contenu vérifiés automatiquement. V3 réservé à une validation plus forte.;87133f004ad9bf749068a3a5c7fd49e144f16770ee12877212b8363043c29b58
54;DOC-98AE13606BC34B1A258B;research;ND;Science | Finding the Deepest Hard‑substrate Fauna on Earth’s Oceans: New Deep‑sea Carbon “Hotspot”----Institute of Deep-sea Science and Engineering, Chinese Academy of Sciences;https://english.idsse.cas.cn/news/newsupdates/2026/202607/t20260722_1178906.html;ND;Institute of Deep-sea Science and Engineering;中国科学院,中国科学院计算机网络信息中心;China;Asia;official_research_institution;ND;ND;2026-10-03T23:03:37.185Z;institutional_primary;en;Institute of Deep-sea Science and Engineering, CAS,Deep-sea Science,CAS,Science and Engineering,;Institute of Deep-sea Science and Engineering, CAS,Deep-sea Science,CAS,Science and Engineering,;ND;ND;ND;ND;ND;ND;ND;ND;free;primary;not_applicable;ND;ND;https://english.idsse.cas.cn/news/newsupdates/2026/202607/t20260722_1178906.html;ND;2;B;V2;200;V2: institution certifiée 3/3, URL ouverte anonymement, titre et contenu vérifiés automatiquement. V3 réservé à une validation plus forte.;47200b6c9a987140d20eaeb4eb241e2b9c5efcab1a678f29f610d7a6a512e232
55;DOC-3B3E078F6A82A540FD0A;research;ND;Ships----Institute of Deep-sea Science and Engineering,CAS;https://english.idsse.cas.cn/pf/ships/;ND;Institute of Deep-sea Science and Engineering;中国科学院,中国科学院计算机网络信息中心;China;Asia;official_research_institution;ND;ND;2026-10-03T23:03:37.820Z;institutional_primary;en;Institute of Deep-sea Science and Engineering, CAS,Deep-sea Science,CAS,Science and Engineering,;Institute of Deep-sea Science and Engineering, CAS,Deep-sea Science,CAS,Science and Engineering,;ND;ND;ND;ND;ND;ND;ND;ND;free;primary;not_applicable;ND;ND;https://english.idsse.cas.cn/pf/ships/;ND;1;B;V2;200;V2: institution certifiée 3/3, URL ouverte anonymement, titre et contenu vérifiés automatiquement. V3 réservé à une validation plus forte.;35b8c428ab0ff52cbaa24963ce1c1c512c2fe5861cd5f207dae6c2a127ca28aa
56;DOC-AA2455D70003653AA4DA;research;ND;China's High Intensity Heavy-ion Accelerator Facility Completes Construction, Begins Trial Operations----Institute of Modern Physics;https://english.imp.cas.cn/news/highlights/202607/t20260717_1178524.html;ND;Institute of Modern Physics;ND;China;Asia;official_research_institution;ND;ND;2026-10-03T23:03:54.978Z;institutional_primary;en;The Institute of Modern Physics (IMP) of the Chinese Academy of Sciences was founded in l957. As of 2013, the institute had 892 staff members including 403 researchers, as well as 284 master;The Institute of Modern Physics (IMP) of the Chinese Academy of Sciences was founded in l957. As of 2013, the institute had 892 staff members including 403 researchers, as well as 284 master;ND;ND;ND;ND;ND;ND;ND;ND;free;primary;not_applicable;ND;ND;https://english.imp.cas.cn/news/highlights/202607/t20260717_1178524.html;ND;5;B;V2;200;V2: institution certifiée 3/3, URL ouverte anonymement, titre et contenu vérifiés automatiquement. V3 réservé à une validation plus forte.;7d4cfa981b56f9ad022ea078b742cba8b4b62073ce10194505570bfb339360f6
57;DOC-3C7802242A1C28497289;research;ND;CiADS----Institute of Modern Physics;https://english.imp.cas.cn/research/facilities/CIADS/;ND;Institute of Modern Physics;ND;China;Asia;official_research_institution;ND;ND;2026-10-03T23:03:55.753Z;institutional_primary;en;The Institute of Modern Physics (IMP) of the Chinese Academy of Sciences was founded in l957. As of 2013, the institute had 892 staff members including 403 researchers, as well as 284 master;The Institute of Modern Physics (IMP) of the Chinese Academy of Sciences was founded in l957. As of 2013, the institute had 892 staff members including 403 researchers, as well as 284 master;ND;ND;ND;ND;ND;ND;ND;ND;free;primary;not_applicable;ND;ND;https://english.imp.cas.cn/research/facilities/CIADS/;ND;2;B;V2;200;V2: institution certifiée 3/3, URL ouverte anonymement, titre et contenu vérifiés automatiquement. V3 réservé à une validation plus forte.;4cdcd10ef6a1a15b03c021520db1214a9cf68663e67d98113fa6fba419ec52a1
58;DOC-FB268E19936C35FE2CD8;research;ND;Close to Science----Institute of Modern Physics;https://english.imp.cas.cn/research/cs/;ND;Institute of Modern Physics;ND;China;Asia;official_research_institution;ND;ND;2026-10-03T23:03:55.564Z;institutional_primary;en;The Institute of Modern Physics (IMP) of the Chinese Academy of Sciences was founded in l957. As of 2013, the institute had 892 staff members including 403 researchers, as well as 284 master;The Institute of Modern Physics (IMP) of the Chinese Academy of Sciences was founded in l957. As of 2013, the institute had 892 staff members including 403 researchers, as well as 284 master;ND;ND;ND;ND;ND;ND;ND;ND;free;primary;not_applicable;ND;ND;https://english.imp.cas.cn/research/cs/;ND;2;B;V2;200;V2: institution certifiée 3/3, URL ouverte anonymement, titre et contenu vérifiés automatiquement. V3 réservé à une validation plus forte.;ee352984e8999abc0a5bd6e4e3333c6861b8468b4fba1442fa1f65e31c448622
59;DOC-5106E875D0F2E1B4E4EC;research;ND;Colloquium: Electron– Ion Collision Studies for Recent Astronomical Observations from the Early Universe----Institute of Modern Physics;https://english.imp.cas.cn/news/ue/202511/t20251126_1134019.html;ND;Institute of Modern Physics;ND;China;Asia;official_research_institution;ND;ND;2026-10-03T23:03:56.350Z;institutional_primary;en;The Institute of Modern Physics (IMP) of the Chinese Academy of Sciences was founded in l957. As of 2013, the institute had 892 staff members including 403 researchers, as well as 284 master;The Institute of Modern Physics (IMP) of the Chinese Academy of Sciences was founded in l957. As of 2013, the institute had 892 staff members including 403 researchers, as well as 284 master;ND;ND;ND;ND;ND;ND;ND;ND;free;primary;not_applicable;ND;ND;https://english.imp.cas.cn/news/ue/202511/t20251126_1134019.html;ND;1;B;V2;200;V2: institution certifiée 3/3, URL ouverte anonymement, titre et contenu vérifiés automatiquement. V3 réservé à une validation plus forte.;3ca0540914bfb5c20074c168f45261b0fee24b1adeeafe5e249bfa69fedd2b78
60;DOC-E0ECE7127609043C1B7B;research;ND;Facilities----Institute of Modern Physics;https://english.imp.cas.cn/research/facilities/;ND;Institute of Modern Physics;ND;China;Asia;official_research_institution;ND;ND;2026-10-03T23:03:55.760Z;institutional_primary;en;The Institute of Modern Physics (IMP) of the Chinese Academy of Sciences was founded in l957. As of 2013, the institute had 892 staff members including 403 researchers, as well as 284 master;The Institute of Modern Physics (IMP) of the Chinese Academy of Sciences was founded in l957. As of 2013, the institute had 892 staff members including 403 researchers, as well as 284 master;ND;ND;ND;ND;ND;ND;ND;ND;free;primary;not_applicable;ND;ND;https://english.imp.cas.cn/research/facilities/;ND;2;B;V2;200;V2: institution certifiée 3/3, URL ouverte anonymement, titre et contenu vérifiés automatiquement. V3 réservé à une validation plus forte.;59ab55f75d30db9723453425cd1ab9fbb671b455478ecd9a43d4dc05e50f18a3
61;DOC-7989C1E55118C02574B7;research;ND;HIAF----Institute of Modern Physics;https://english.imp.cas.cn/research/facilities/HIAF/;ND;Institute of Modern Physics;ND;China;Asia;official_research_institution;ND;ND;2026-10-03T23:03:55.958Z;institutional_primary;en;The Institute of Modern Physics (IMP) of the Chinese Academy of Sciences was founded in l957. As of 2013, the institute had 892 staff members including 403 researchers, as well as 284 master;The Institute of Modern Physics (IMP) of the Chinese Academy of Sciences was founded in l957. As of 2013, the institute had 892 staff members including 403 researchers, as well as 284 master;ND;ND;ND;ND;ND;ND;ND;ND;free;primary;not_applicable;ND;ND;https://english.imp.cas.cn/research/facilities/HIAF/;ND;2;B;V2;200;V2: institution certifiée 3/3, URL ouverte anonymement, titre et contenu vérifiés automatiquement. V3 réservé à une validation plus forte.;3f3d9a058cc688b69111d016b93bb0bda7a6d7e42a97725c33a06b41d209abfb
62;DOC-53C4B77223DA6CD22DF3;research;ND;HIRFL----Institute of Modern Physics;https://english.imp.cas.cn/research/facilities/HIRFL/;ND;Institute of Modern Physics;ND;China;Asia;official_research_institution;ND;ND;2026-10-03T23:03:56.173Z;institutional_primary;en;The Institute of Modern Physics (IMP) of the Chinese Academy of Sciences was founded in l957. As of 2013, the institute had 892 staff members including 403 researchers, as well as 284 master;The Institute of Modern Physics (IMP) of the Chinese Academy of Sciences was founded in l957. As of 2013, the institute had 892 staff members including 403 researchers, as well as 284 master;ND;ND;ND;ND;ND;ND;ND;ND;free;primary;not_applicable;ND;ND;https://english.imp.cas.cn/research/facilities/HIRFL/;ND;2;B;V2;200;V2: institution certifiée 3/3, URL ouverte anonymement, titre et contenu vérifiés automatiquement. V3 réservé à une validation plus forte.;e10e043509460d1dfd7ef784fbb34ee9271b153de750d0eb57974aa8b0f06497
63;DOC-F24D646BB9E08A135F6F;research;ND;Journals----Institute of Modern Physics;https://english.imp.cas.cn/research/journals/;ND;Institute of Modern Physics;ND;China;Asia;official_research_institution;ND;ND;2026-10-03T23:03:56.548Z;institutional_primary;en;The Institute of Modern Physics (IMP) of the Chinese Academy of Sciences was founded in l957. As of 2013, the institute had 892 staff members including 403 researchers, as well as 284 master;The Institute of Modern Physics (IMP) of the Chinese Academy of Sciences was founded in l957. As of 2013, the institute had 892 staff members including 403 researchers, as well as 284 master;ND;ND;ND;ND;ND;ND;ND;ND;free;primary;not_applicable;ND;ND;https://english.imp.cas.cn/research/journals/;ND;1;B;V2;200;V2: institution certifiée 3/3, URL ouverte anonymement, titre et contenu vérifiés automatiquement. V3 réservé à une validation plus forte.;973891240db62ae14447ad30b07b2da4e4f69f096a7e61d6a7e15fa0b7205299
64;DOC-6EFD25A50811DC5B67E4;research;ND;Laboratories----Institute of Modern Physics;https://english.imp.cas.cn/research/laboratories/;ND;Institute of Modern Physics;ND;China;Asia;official_research_institution;ND;ND;2026-10-03T23:03:56.160Z;institutional_primary;en;The Institute of Modern Physics (IMP) of the Chinese Academy of Sciences was founded in l957. As of 2013, the institute had 892 staff members including 403 researchers, as well as 284 master;The Institute of Modern Physics (IMP) of the Chinese Academy of Sciences was founded in l957. As of 2013, the institute had 892 staff members including 403 researchers, as well as 284 master;ND;ND;ND;ND;ND;ND;ND;ND;free;primary;not_applicable;ND;ND;https://english.imp.cas.cn/research/laboratories/;ND;2;B;V2;200;V2: institution certifiée 3/3, URL ouverte anonymement, titre et contenu vérifiés automatiquement. V3 réservé à une validation plus forte.;f06b6e6f3383943b8b5980bc8a03d77a04dd5c29661e4b3e3907aa961799492f
65;DOC-1D300BB227E719871331;research;ND;Research Centers----Institute of Modern Physics;https://english.imp.cas.cn/research/rc/;ND;Institute of Modern Physics;ND;China;Asia;official_research_institution;ND;ND;2026-10-03T23:03:56.549Z;institutional_primary;en;The Institute of Modern Physics (IMP) of the Chinese Academy of Sciences was founded in l957. As of 2013, the institute had 892 staff members including 403 researchers, as well as 284 master;The Institute of Modern Physics (IMP) of the Chinese Academy of Sciences was founded in l957. As of 2013, the institute had 892 staff members including 403 researchers, as well as 284 master;ND;ND;ND;ND;ND;ND;ND;ND;free;primary;not_applicable;ND;ND;https://english.imp.cas.cn/research/rc/;ND;1;B;V2;200;V2: institution certifiée 3/3, URL ouverte anonymement, titre et contenu vérifiés automatiquement. V3 réservé à une validation plus forte.;a77bd51fd6de3af614f6a7dfbc878e8e5d6f8099a228bde3a7bbec381d4556f4
66;DOC-AE9ADB735D2A26C95B82;research;ND;Research----Institute of Modern Physics;https://english.imp.cas.cn/research/;ND;Institute of Modern Physics;ND;China;Asia;official_research_institution;ND;ND;2026-10-03T23:03:56.161Z;institutional_primary;en;The Institute of Modern Physics (IMP) of the Chinese Academy of Sciences was founded in l957. As of 2013, the institute had 892 staff members including 403 researchers, as well as 284 master;The Institute of Modern Physics (IMP) of the Chinese Academy of Sciences was founded in l957. As of 2013, the institute had 892 staff members including 403 researchers, as well as 284 master;ND;ND;ND;ND;ND;ND;ND;ND;free;primary;not_applicable;ND;ND;https://english.imp.cas.cn/research/;ND;1;B;V2;200;V2: institution certifiée 3/3, URL ouverte anonymement, titre et contenu vérifiés automatiquement. V3 réservé à une validation plus forte.;703f53b73a3685aed6ca9226fa868c76847c8c4a9b85709fc2ab45fb18fab52b
67;DOC-6F52BE78DB3B1D1C91DE;research;ND;Study at IMP----Institute of Modern Physics;https://english.imp.cas.cn/join/study/;ND;Institute of Modern Physics;ND;China;Asia;official_research_institution;ND;ND;2026-10-03T23:03:56.163Z;institutional_primary;en;The Institute of Modern Physics (IMP) of the Chinese Academy of Sciences was founded in l957. As of 2013, the institute had 892 staff members including 403 researchers, as well as 284 master;The Institute of Modern Physics (IMP) of the Chinese Academy of Sciences was founded in l957. As of 2013, the institute had 892 staff members including 403 researchers, as well as 284 master;ND;ND;ND;ND;ND;ND;ND;ND;free;primary;not_applicable;ND;ND;https://english.imp.cas.cn/join/study/;ND;1;B;V2;200;V2: institution certifiée 3/3, URL ouverte anonymement, titre et contenu vérifiés automatiquement. V3 réservé à une validation plus forte.;1dde4a0336fb0a523f7910179fa969c64f81687c7b3f39fe1acfb5922e0d374a
68;DOC-A97E4F0273E6359BF6CC;research;ND;Study Provides Effective Strategy for High-value Utilization of Olive Pomace----Institute of Modern Physics;https://english.imp.cas.cn/news/ln/202609/t20260918_1200843.html;ND;Institute of Modern Physics;ND;China;Asia;official_research_institution;ND;ND;2026-10-03T23:03:56.351Z;institutional_primary;en;The Institute of Modern Physics (IMP) of the Chinese Academy of Sciences was founded in l957. As of 2013, the institute had 892 staff members including 403 researchers, as well as 284 master;The Institute of Modern Physics (IMP) of the Chinese Academy of Sciences was founded in l957. As of 2013, the institute had 892 staff members including 403 researchers, as well as 284 master;ND;ND;ND;ND;ND;10.1016/j.jclepro.2026.148774;10.1016/j.jclepro.2026.148774;ND;free;primary;not_applicable;ND;ND;https://english.imp.cas.cn/news/ln/202609/t20260918_1200843.html;ND;1;B;V2;200;V2: institution certifiée 3/3, URL ouverte anonymement, titre et contenu vérifiés automatiquement. V3 réservé à une validation plus forte.;25b7381b3b5a2a705ef36b666042700d5c458e9095b8fa11cf9ba62fed3a37be
69;DOC-844598BBC14D19ABE191;research;ND;Technology from IMP to Society----Institute of Modern Physics;https://english.imp.cas.cn/research/tech/;ND;Institute of Modern Physics;ND;China;Asia;official_research_institution;ND;ND;2026-10-03T23:03:55.757Z;institutional_primary;en;The Institute of Modern Physics (IMP) of the Chinese Academy of Sciences was founded in l957. As of 2013, the institute had 892 staff members including 403 researchers, as well as 284 master;The Institute of Modern Physics (IMP) of the Chinese Academy of Sciences was founded in l957. As of 2013, the institute had 892 staff members including 403 researchers, as well as 284 master;ND;ND;ND;ND;ND;ND;ND;ND;free;primary;not_applicable;ND;ND;https://english.imp.cas.cn/research/tech/;ND;3;B;V2;200;V2: institution certifiée 3/3, URL ouverte anonymement, titre et contenu vérifiés automatiquement. V3 réservé à une validation plus forte.;15a0d90c0ea07b4ca6b0e18a1505d00254f887280ce4ae201a76c2eaf457c7c3
70;DOC-41F5395A075E2B432765;research;ND;Institute of Physics Chinese Academy of Sciences;http://english.iop.cas.cn/;ND;Institute of Physics;ND;China;Asia;official_research_institution;ND;ND;2026-10-03T23:04:02.752Z;institutional_primary;en;Institute of Physics Chinese Academy of Sciences has become a comprehensive and multidisciplinary research organization engaged in research on basic and applied physics. Its current research focuses mainly on condensed matter physics, optical physics, atomic and molecular physics, plasma physics, soft matter physics, and condensed matter theory and computational physics.;Institute of Physics Chinese Academy of Sciences has become a comprehensive and multidisciplinary research organization engaged in research on basic and applied physics. Its current research focuses mainly on condensed matter physics, optical physics, atomic and molecular physics, plasma physics, soft matter physics, and condensed matter theory and computational physics.;ND;ND;ND;ND;ND;ND;ND;ND;free;primary;not_applicable;ND;ND;http://english.iop.cas.cn/;ND;1;B;V2;200;V2: institution certifiée 3/3, URL ouverte anonymement, titre et contenu vérifiés automatiquement. V3 réservé à une validation plus forte.;8a20e7880f86e3da0dc3edddad1580be991c9bc3db23f70eded0e36c35489dc4
71;DOC-2CB1B0E082A6A1959A3E;research;ND;Institute of Physics Chinese Academy of Sciences;https://english.iop.cas.cn/;ND;Institute of Physics;ND;China;Asia;official_research_institution;ND;ND;2026-10-03T23:04:04.070Z;institutional_primary;en;Institute of Physics Chinese Academy of Sciences has become a comprehensive and multidisciplinary research organization engaged in research on basic and applied physics. Its current research focuses mainly on condensed matter physics, optical physics, atomic and molecular physics, plasma physics, soft matter physics, and condensed matter theory and computational physics.;Institute of Physics Chinese Academy of Sciences has become a comprehensive and multidisciplinary research organization engaged in research on basic and applied physics. Its current research focuses mainly on condensed matter physics, optical physics, atomic and molecular physics, plasma physics, soft matter physics, and condensed matter theory and computational physics.;ND;ND;ND;ND;ND;ND;ND;ND;free;primary;not_applicable;ND;ND;https://english.iop.cas.cn/;ND;1;B;V2;200;V2: institution certifiée 3/3, URL ouverte anonymement, titre et contenu vérifiés automatiquement. V3 réservé à une validation plus forte.;5f6f869bbfebc24382aa645971a7d9c5af4aff646790580e3b902cf5553c9769
72;DOC-6D443235A0A484AA6E3F;research;ND;【Xinhua】Ancient warming event offers stark warning for modern climate: study---- Nanjing Institute of Geology and Palaeontology Chinese Academy of Sciences;https://english.nigpas.cas.cn/new/nm_1/202608/t20260819_1188072.html;ND;Nanjing Institute of Geology and Paleontology;ND;China;Asia;official_research_institution;ND;ND;2026-10-03T23:04:28.066Z;institutional_primary;en;Nanjing Institute of Geology and paleontology, CAS, was formally founded on May 7, 1951, with its root in the former Paleontological Section, Institute of Geology (Academia Sinica) and in the Paleontological Group of the Geological Survey of China;Nanjing Institute of Geology and paleontology, CAS, was formally founded on May 7, 1951, with its root in the former Paleontological Section, Institute of Geology (Academia Sinica) and in the Paleontological Group of the Geological Survey of China;ND;ND;ND;ND;ND;ND;ND;ND;free;primary;not_applicable;ND;ND;https://english.nigpas.cas.cn/new/nm_1/202608/t20260819_1188072.html;ND;1;B;V2;200;V2: institution certifiée 3/3, URL ouverte anonymement, titre et contenu vérifiés automatiquement. V3 réservé à une validation plus forte.;711d3f9a889abb153f524c181d0854caa83b826f945b39f9d1222d9e6633c7d7
73;DOC-3F1AD26F8E91B4E8254F;research;ND;Amphibious stem-insect rewrites the evolutionary history of insect terrestrialization---- Nanjing Institute of Geology and Palaeontology Chinese Academy of Sciences;https://english.nigpas.cas.cn/new/hs/rp/202608/t20260825_1188802.html;ND;Nanjing Institute of Geology and Paleontology;ND;China;Asia;official_research_institution;ND;ND;2026-10-03T23:04:28.216Z;institutional_primary;en;Nanjing Institute of Geology and paleontology, CAS, was formally founded on May 7, 1951, with its root in the former Paleontological Section, Institute of Geology (Academia Sinica) and in the Paleontological Group of the Geological Survey of China;Nanjing Institute of Geology and paleontology, CAS, was formally founded on May 7, 1951, with its root in the former Paleontological Section, Institute of Geology (Academia Sinica) and in the Paleontological Group of the Geological Survey of China;ND;ND;ND;ND;ND;10.1038/s41586;10.1038/s41586;ND;free;primary;not_applicable;ND;ND;https://english.nigpas.cas.cn/new/hs/rp/202608/t20260825_1188802.html;ND;1;B;V2;200;V2: institution certifiée 3/3, URL ouverte anonymement, titre et contenu vérifiés automatiquement. V3 réservé à une validation plus forte.;a2da10f7047a82b8a0eb97ea7c54b98509ad35c67fed28ec41c501085542be6c
74;DOC-24C1461F96B943036A7F;research;ND;Chinese and International Scientists Gather in Nanjing to Discuss the Origin of Life and the Search for Extraterrestrial Life---- Nanjing Institute of Geology and Palaeontology Chinese Academy of Sciences;https://english.nigpas.cas.cn/new/hs/icn/202609/t20260907_1192680.html;ND;Nanjing Institute of Geology and Paleontology;ND;China;Asia;official_research_institution;ND;ND;2026-10-03T23:04:27.402Z;institutional_primary;en;Nanjing Institute of Geology and paleontology, CAS, was formally founded on May 7, 1951, with its root in the former Paleontological Section, Institute of Geology (Academia Sinica) and in the Paleontological Group of the Geological Survey of China;Nanjing Institute of Geology and paleontology, CAS, was formally founded on May 7, 1951, with its root in the former Paleontological Section, Institute of Geology (Academia Sinica) and in the Paleontological Group of the Geological Survey of China;ND;ND;ND;ND;ND;ND;ND;ND;free;primary;not_applicable;ND;ND;https://english.nigpas.cas.cn/new/hs/icn/202609/t20260907_1192680.html;ND;1;B;V2;200;V2: institution certifiée 3/3, URL ouverte anonymement, titre et contenu vérifiés automatiquement. V3 réservé à une validation plus forte.;e5383b204d51bcfd49e1d47fe376511d1000270602a920534b49466a2f9ea7c3
75;DOC-78591398D0AA37EF021C;research;ND;Current Major Research Directions---- Nanjing Institute of Geology and Palaeontology Chinese Academy of Sciences;https://english.nigpas.cas.cn/abu/cmrd/;ND;Nanjing Institute of Geology and Paleontology;ND;China;Asia;official_research_institution;ND;ND;2026-10-03T23:04:25.647Z;institutional_primary;en;Nanjing Institute of Geology and paleontology, CAS, was formally founded on May 7, 1951, with its root in the former Paleontological Section, Institute of Geology (Academia Sinica) and in the Paleontological Group of the Geological Survey of China;Nanjing Institute of Geology and paleontology, CAS, was formally founded on May 7, 1951, with its root in the former Paleontological Section, Institute of Geology (Academia Sinica) and in the Paleontological Group of the Geological Survey of China;ND;ND;ND;ND;ND;ND;ND;ND;free;primary;not_applicable;ND;ND;https://english.nigpas.cas.cn/abu/cmrd/;ND;1;B;V2;200;V2: institution certifiée 3/3, URL ouverte anonymement, titre et contenu vérifiés automatiquement. V3 réservé à une validation plus forte.;d6e2d3ec2ef0d825a9379c2bedafd5b262912c44336579870d5af4adbc815f2d
76;DOC-8F231BDAB711FE5F08CF;research;ND;Department of Cenozoic Life and Environment---- Nanjing Institute of Geology and Palaeontology Chinese Academy of Sciences;https://english.nigpas.cas.cn/abu/on/rd/dcle/;ND;Nanjing Institute of Geology and Paleontology;ND;China;Asia;official_research_institution;ND;ND;2026-10-03T23:04:26.612Z;institutional_primary;en;Nanjing Institute of Geology and paleontology, CAS, was formally founded on May 7, 1951, with its root in the former Paleontological Section, Institute of Geology (Academia Sinica) and in the Paleontological Group of the Geological Survey of China;Nanjing Institute of Geology and paleontology, CAS, was formally founded on May 7, 1951, with its root in the former Paleontological Section, Institute of Geology (Academia Sinica) and in the Paleontological Group of the Geological Survey of China;ND;ND;ND;ND;ND;ND;ND;ND;free;primary;not_applicable;ND;ND;https://english.nigpas.cas.cn/abu/on/rd/dcle/;ND;1;B;V2;200;V2: institution certifiée 3/3, URL ouverte anonymement, titre et contenu vérifiés automatiquement. V3 réservé à une validation plus forte.;051c8fb6317a276256ae4e4fb9e7cdd2570098dd5fd61d55083869d8cb21f9e9
77;DOC-115253A9A5A3749446FB;research;ND;Facilities---- Nanjing Institute of Geology and Palaeontology Chinese Academy of Sciences;https://english.nigpas.cas.cn/res/fs/;ND;Nanjing Institute of Geology and Paleontology;ND;China;Asia;official_research_institution;ND;ND;2026-10-03T23:04:29.387Z;institutional_primary;en;Nanjing Institute of Geology and paleontology, CAS, was formally founded on May 7, 1951, with its root in the former Paleontological Section, Institute of Geology (Academia Sinica) and in the Paleontological Group of the Geological Survey of China;Nanjing Institute of Geology and paleontology, CAS, was formally founded on May 7, 1951, with its root in the former Paleontological Section, Institute of Geology (Academia Sinica) and in the Paleontological Group of the Geological Survey of China;ND;ND;ND;ND;ND;ND;ND;ND;free;primary;not_applicable;ND;ND;https://english.nigpas.cas.cn/res/fs/;ND;1;B;V2;200;V2: institution certifiée 3/3, URL ouverte anonymement, titre et contenu vérifiés automatiquement. V3 réservé à une validation plus forte.;88e7c69f902fe2fb145588749045baf167cd572d7b6ea78e23bc3b670458e420
78;DOC-834542D46D753686481F;research;ND;From wildfires to volcanic pyrolysis: Sequential environmental stressors drove mid-latitude terrestrial ecosystem collapse during the end-Permian crisis---- Nanjing Institute of Geology and Palaeontology Chinese Academy of Sciences;https://english.nigpas.cas.cn/new/hs/rp/202609/t20260914_1200382.html;ND;Nanjing Institute of Geology and Paleontology;ND;China;Asia;official_research_institution;ND;ND;2026-10-03T23:04:25.819Z;institutional_primary;en;Nanjing Institute of Geology and paleontology, CAS, was formally founded on May 7, 1951, with its root in the former Paleontological Section, Institute of Geology (Academia Sinica) and in the Paleontological Group of the Geological Survey of China;Nanjing Institute of Geology and paleontology, CAS, was formally founded on May 7, 1951, with its root in the former Paleontological Section, Institute of Geology (Academia Sinica) and in the Paleontological Group of the Geological Survey of China;ND;ND;ND;ND;ND;10.1016/j.epsl.2026.120319;10.1016/j.epsl.2026.120319;ND;free;primary;not_applicable;ND;ND;https://english.nigpas.cas.cn/new/hs/rp/202609/t20260914_1200382.html;ND;2;B;V2;200;V2: institution certifiée 3/3, URL ouverte anonymement, titre et contenu vérifiés automatiquement. V3 réservé à une validation plus forte.;78b1e5f272662154479665944563abad72d1108f52fefa50125cac1696cd8882
79;DOC-9722B7C90459740134FD;research;ND;International Projects---- Nanjing Institute of Geology and Palaeontology Chinese Academy of Sciences;https://english.nigpas.cas.cn/il/ip/;ND;Nanjing Institute of Geology and Paleontology;ND;China;Asia;official_research_institution;ND;ND;2026-10-03T23:04:26.808Z;institutional_primary;en;Nanjing Institute of Geology and paleontology, CAS, was formally founded on May 7, 1951, with its root in the former Paleontological Section, Institute of Geology (Academia Sinica) and in the Paleontological Group of the Geological Survey of China;Nanjing Institute of Geology and paleontology, CAS, was formally founded on May 7, 1951, with its root in the former Paleontological Section, Institute of Geology (Academia Sinica) and in the Paleontological Group of the Geological Survey of China;ND;ND;ND;ND;ND;ND;ND;ND;free;primary;not_applicable;ND;ND;https://english.nigpas.cas.cn/il/ip/;ND;1;B;V2;200;V2: institution certifiée 3/3, URL ouverte anonymement, titre et contenu vérifiés automatiquement. V3 réservé à une validation plus forte.;e5382ce17e28715d3f922b93cd68674e088076a82dfda8603322d9497a85f7c5
80;DOC-410C84EDF3B70EF35408;research;ND;Main Research Areas---- Nanjing Institute of Geology and Palaeontology Chinese Academy of Sciences;https://english.nigpas.cas.cn/abu/mra/;ND;Nanjing Institute of Geology and Paleontology;ND;China;Asia;official_research_institution;ND;ND;2026-10-03T23:04:25.829Z;institutional_primary;en;Nanjing Institute of Geology and paleontology, CAS, was formally founded on May 7, 1951, with its root in the former Paleontological Section, Institute of Geology (Academia Sinica) and in the Paleontological Group of the Geological Survey of China;Nanjing Institute of Geology and paleontology, CAS, was formally founded on May 7, 1951, with its root in the former Paleontological Section, Institute of Geology (Academia Sinica) and in the Paleontological Group of the Geological Survey of China;ND;ND;ND;ND;ND;ND;ND;ND;free;primary;not_applicable;ND;ND;https://english.nigpas.cas.cn/abu/mra/;ND;1;B;V2;200;V2: institution certifiée 3/3, URL ouverte anonymement, titre et contenu vérifiés automatiquement. V3 réservé à une validation plus forte.;6f5d6635dc62a124cf2a21c278e61991eb885aad2b2c23addebf6fe5e7c3c19b
81;DOC-EA5B8A250272170A79E9;research;ND;Paleoenvironmental mechanisms for the flourishing and preservation of the Jehol Biota in the northern Great Xing’an Range---- Nanjing Institute of Geology and Palaeontology Chinese Academy of Sciences;https://english.nigpas.cas.cn/new/hs/rp/202608/t20260818_1188063.html;ND;Nanjing Institute of Geology and Paleontology;ND;China;Asia;official_research_institution;ND;ND;2026-10-03T23:04:28.205Z;institutional_primary;en;Nanjing Institute of Geology and paleontology, CAS, was formally founded on May 7, 1951, with its root in the former Paleontological Section, Institute of Geology (Academia Sinica) and in the Paleontological Group of the Geological Survey of China;Nanjing Institute of Geology and paleontology, CAS, was formally founded on May 7, 1951, with its root in the former Paleontological Section, Institute of Geology (Academia Sinica) and in the Paleontological Group of the Geological Survey of China;ND;ND;ND;ND;ND;10.1016/j.palaeo.2026.114111;10.1016/j.palaeo.2026.114111;ND;free;primary;not_applicable;ND;ND;https://english.nigpas.cas.cn/new/hs/rp/202608/t20260818_1188063.html;ND;1;B;V2;200;V2: institution certifiée 3/3, URL ouverte anonymement, titre et contenu vérifiés automatiquement. V3 réservé à une validation plus forte.;7226a0ee13a0ed37aee359249c3febd2091535eb87f1c462dbe3bdf95a254820
82;DOC-D2892EE1C0355EC69EB1;research;ND;Popularization of scientific knowledge---- Nanjing Institute of Geology and Palaeontology Chinese Academy of Sciences;https://english.nigpas.cas.cn/res/psk/;ND;Nanjing Institute of Geology and Paleontology;ND;China;Asia;official_research_institution;ND;ND;2026-10-03T23:04:29.288Z;institutional_primary;en;Nanjing Institute of Geology and paleontology, CAS, was formally founded on May 7, 1951, with its root in the former Paleontological Section, Institute of Geology (Academia Sinica) and in the Paleontological Group of the Geological Survey of China;Nanjing Institute of Geology and paleontology, CAS, was formally founded on May 7, 1951, with its root in the former Paleontological Section, Institute of Geology (Academia Sinica) and in the Paleontological Group of the Geological Survey of China;ND;ND;ND;ND;ND;ND;ND;ND;free;primary;not_applicable;ND;ND;https://english.nigpas.cas.cn/res/psk/;ND;1;B;V2;200;V2: institution certifiée 3/3, URL ouverte anonymement, titre et contenu vérifiés automatiquement. V3 réservé à une validation plus forte.;1058946ae68b065b20686003cf42e8c1bc34afcb69e7f5cea9b08e639326ed42
83;DOC-DCE2F3A399E47B041548;research;ND;Publications---- Nanjing Institute of Geology and Palaeontology Chinese Academy of Sciences;https://english.nigpas.cas.cn/res/ps/;ND;Nanjing Institute of Geology and Paleontology;ND;China;Asia;official_research_institution;ND;ND;2026-10-03T23:04:29.236Z;institutional_primary;en;Nanjing Institute of Geology and paleontology, CAS, was formally founded on May 7, 1951, with its root in the former Paleontological Section, Institute of Geology (Academia Sinica) and in the Paleontological Group of the Geological Survey of China;Nanjing Institute of Geology and paleontology, CAS, was formally founded on May 7, 1951, with its root in the former Paleontological Section, Institute of Geology (Academia Sinica) and in the Paleontological Group of the Geological Survey of China;ND;ND;ND;ND;ND;ND;ND;ND;free;primary;not_applicable;ND;ND;https://english.nigpas.cas.cn/res/ps/;ND;1;B;V2;200;V2: institution certifiée 3/3, URL ouverte anonymement, titre et contenu vérifiés automatiquement. V3 réservé à une validation plus forte.;c8aa37db1bb53c8472eccce5efa75cfac117b241b87efcb7a08f00c9744c646b
84;DOC-F365DFC631B6934957CB;research;ND;Research Progress---- Nanjing Institute of Geology and Palaeontology Chinese Academy of Sciences;https://english.nigpas.cas.cn/new/hs/rp/;ND;Nanjing Institute of Geology and Paleontology;ND;China;Asia;official_research_institution;ND;ND;2026-10-03T23:04:28.403Z;institutional_primary;en;Nanjing Institute of Geology and paleontology, CAS, was formally founded on May 7, 1951, with its root in the former Paleontological Section, Institute of Geology (Academia Sinica) and in the Paleontological Group of the Geological Survey of China;Nanjing Institute of Geology and paleontology, CAS, was formally founded on May 7, 1951, with its root in the former Paleontological Section, Institute of Geology (Academia Sinica) and in the Paleontological Group of the Geological Survey of China;ND;ND;ND;ND;ND;10.1016/j.epsl.2026.120319.Fig.1;10.1016/j.epsl.2026.120319.Fig.1;ND;free;primary;not_applicable;ND;ND;https://english.nigpas.cas.cn/new/hs/rp/;ND;1;B;V2;200;V2: institution certifiée 3/3, URL ouverte anonymement, titre et contenu vérifiés automatiquement. V3 réservé à une validation plus forte.;7dad44de67afe9355255da26665189467b7a094df3147de7c4569944267ecaef
85;DOC-DEB6F5FFECAC91FE2C2E;research;ND;Science Communication Center---- Nanjing Institute of Geology and Palaeontology Chinese Academy of Sciences;https://english.nigpas.cas.cn/abu/on/ss/scc/;ND;Nanjing Institute of Geology and Paleontology;ND;China;Asia;official_research_institution;ND;ND;2026-10-03T23:04:26.471Z;institutional_primary;en;Nanjing Institute of Geology and paleontology, CAS, was formally founded on May 7, 1951, with its root in the former Paleontological Section, Institute of Geology (Academia Sinica) and in the Paleontological Group of the Geological Survey of China;Nanjing Institute of Geology and paleontology, CAS, was formally founded on May 7, 1951, with its root in the former Paleontological Section, Institute of Geology (Academia Sinica) and in the Paleontological Group of the Geological Survey of China;ND;ND;ND;ND;ND;ND;ND;ND;free;primary;not_applicable;ND;ND;https://english.nigpas.cas.cn/abu/on/ss/scc/;ND;1;B;V2;200;V2: institution certifiée 3/3, URL ouverte anonymement, titre et contenu vérifiés automatiquement. V3 réservé à une validation plus forte.;f4b56a5b52f5c6502ba2c725273ebfcb49c705caa24a777e2b87c850f1f9beeb
86;DOC-795050D8DD5C6591E822;research;ND;Applied Astronomy----National Astronomical Observatories;http://english.nao.cas.cn/research/researchdivisions/appliedastronomy/;ND;National Astronomical Observatories;ND;China;Asia;official_research_institution;ND;ND;2026-10-03T23:04:26.080Z;institutional_primary;en;NAOC’s main research involves cosmological large-scale structures, the formation and evolution of galaxies and stars, high-energy astrophysics, solar magnetism and activity, lunar and deep space exploration, and astronomical instrumentation.;NAOC’s main research involves cosmological large-scale structures, the formation and evolution of galaxies and stars, high-energy astrophysics, solar magnetism and activity, lunar and deep space exploration, and astronomical instrumentation.;ND;ND;ND;ND;ND;ND;ND;ND;free;primary;not_applicable;ND;ND;http://english.nao.cas.cn/research/researchdivisions/appliedastronomy/;ND;1;B;V2;200;V2: institution certifiée 3/3, URL ouverte anonymement, titre et contenu vérifiés automatiquement. V3 réservé à une validation plus forte.;b69a0fd79ff9de71d42478aa33cb58e2f5ee446d7aabb259a03568fa38392cab
87;DOC-70C668AF6BAB87BBEA27;research;ND;Galaxy & Cosmology----National Astronomical Observatories;http://english.nao.cas.cn/research/researchdivisions/galaxycosmology/;ND;National Astronomical Observatories;ND;China;Asia;official_research_institution;ND;ND;2026-10-03T23:04:26.077Z;institutional_primary;en;NAOC’s main research involves cosmological large-scale structures, the formation and evolution of galaxies and stars, high-energy astrophysics, solar magnetism and activity, lunar and deep space exploration, and astronomical instrumentation.;NAOC’s main research involves cosmological large-scale structures, the formation and evolution of galaxies and stars, high-energy astrophysics, solar magnetism and activity, lunar and deep space exploration, and astronomical instrumentation.;ND;ND;ND;ND;ND;ND;ND;ND;free;primary;not_applicable;ND;ND;http://english.nao.cas.cn/research/researchdivisions/galaxycosmology/;ND;1;B;V2;200;V2: institution certifiée 3/3, URL ouverte anonymement, titre et contenu vérifiés automatiquement. V3 réservé à une validation plus forte.;a2c95a3f57d4defad47225ed043d50820eb7702c0ba615fe8a19529cf6332558
88;DOC-4F54C0522DAD44ED32DD;research;ND;International DESI Project Successfully Completes Five-Year Survey Plan----National Astronomical Observatories, Chinese Academy of Sciences;https://english.nao.cas.cn/newsevents/researchprogress/202604/t20260416_1157449.html;ND;National Astronomical Observatories;ND;China;Asia;official_research_institution;ND;ND;2026-10-03T23:04:25.706Z;institutional_primary;en;NAOC’s main research involves cosmological large-scale structures, the formation and evolution of galaxies and stars, high-energy astrophysics, solar magnetism and activity, lunar and deep space exploration, and astronomical instrumentation.;NAOC’s main research involves cosmological large-scale structures, the formation and evolution of galaxies and stars, high-energy astrophysics, solar magnetism and activity, lunar and deep space exploration, and astronomical instrumentation.;ND;ND;ND;ND;ND;ND;ND;ND;free;primary;not_applicable;ND;ND;https://english.nao.cas.cn/newsevents/researchprogress/202604/t20260416_1157449.html;ND;2;B;V2;200;V2: institution certifiée 3/3, URL ouverte anonymement, titre et contenu vérifiés automatiquement. V3 réservé à une validation plus forte.;721491625cf1d78d386c21145e491a0da45fd6a3bec30f8596b32b3a1b9246a0
89;DOC-F8A00A7EC48DFC1043C5;research;ND;Labs----National Astronomical Observatories;http://english.nao.cas.cn/research/labs/;ND;National Astronomical Observatories;ND;China;Asia;official_research_institution;ND;ND;2026-10-03T23:04:26.071Z;institutional_primary;en;NAOC’s main research involves cosmological large-scale structures, the formation and evolution of galaxies and stars, high-energy astrophysics, solar magnetism and activity, lunar and deep space exploration, and astronomical instrumentation.;NAOC’s main research involves cosmological large-scale structures, the formation and evolution of galaxies and stars, high-energy astrophysics, solar magnetism and activity, lunar and deep space exploration, and astronomical instrumentation.;ND;ND;ND;ND;ND;ND;ND;ND;free;primary;not_applicable;ND;ND;http://english.nao.cas.cn/research/labs/;ND;1;B;V2;200;V2: institution certifiée 3/3, URL ouverte anonymement, titre et contenu vérifiés automatiquement. V3 réservé à une validation plus forte.;b498debd03dc73c8aa5b3faa8caa0e1a45acf77e55fac563354fe08b78c12b86
90;DOC-78D4833C5D07383B0A6C;research;ND;Lunar & Deep Space Exploration----National Astronomical Observatories;http://english.nao.cas.cn/research/researchdivisions/lunardeepspaceexploration/;ND;National Astronomical Observatories;ND;China;Asia;official_research_institution;ND;ND;2026-10-03T23:04:27.013Z;institutional_primary;en;NAOC’s main research involves cosmological large-scale structures, the formation and evolution of galaxies and stars, high-energy astrophysics, solar magnetism and activity, lunar and deep space exploration, and astronomical instrumentation.;NAOC’s main research involves cosmological large-scale structures, the formation and evolution of galaxies and stars, high-energy astrophysics, solar magnetism and activity, lunar and deep space exploration, and astronomical instrumentation.;ND;ND;ND;ND;ND;ND;ND;ND;free;primary;not_applicable;ND;ND;http://english.nao.cas.cn/research/researchdivisions/lunardeepspaceexploration/;ND;1;B;V2;200;V2: institution certifiée 3/3, URL ouverte anonymement, titre et contenu vérifiés automatiquement. V3 réservé à une validation plus forte.;ce7ed5caa0ec8b304ec88a591f38fc5c86ececd8e039822c1e462c4d6109c231
91;DOC-181FC2069DD881571927;research;ND;Media Report----National Astronomical Observatories;http://english.nao.cas.cn/newsevents/mediareport/;ND;National Astronomical Observatories;ND;China;Asia;official_research_institution;ND;ND;2026-10-03T23:04:25.861Z;institutional_primary;en;NAOC’s main research involves cosmological large-scale structures, the formation and evolution of galaxies and stars, high-energy astrophysics, solar magnetism and activity, lunar and deep space exploration, and astronomical instrumentation.;NAOC’s main research involves cosmological large-scale structures, the formation and evolution of galaxies and stars, high-energy astrophysics, solar magnetism and activity, lunar and deep space exploration, and astronomical instrumentation.;ND;ND;ND;ND;ND;ND;ND;ND;free;primary;not_applicable;ND;ND;http://english.nao.cas.cn/newsevents/mediareport/;ND;1;B;V2;200;V2: institution certifiée 3/3, URL ouverte anonymement, titre et contenu vérifiés automatiquement. V3 réservé à une validation plus forte.;78ae9998bcd40ea8c01491727590da0b2d6f15252383857a5f29e3956bb1d59a
92;DOC-9AB6E324C6B6C104CCB8;research;ND;Projects----National Astronomical Observatories;http://english.nao.cas.cn/internationalcooperation/projects/;ND;National Astronomical Observatories;ND;China;Asia;official_research_institution;ND;ND;2026-10-03T23:04:25.657Z;institutional_primary;en;NAOC’s main research involves cosmological large-scale structures, the formation and evolution of galaxies and stars, high-energy astrophysics, solar magnetism and activity, lunar and deep space exploration, and astronomical instrumentation.;NAOC’s main research involves cosmological large-scale structures, the formation and evolution of galaxies and stars, high-energy astrophysics, solar magnetism and activity, lunar and deep space exploration, and astronomical instrumentation.;ND;ND;ND;ND;ND;ND;ND;ND;free;primary;not_applicable;ND;ND;http://english.nao.cas.cn/internationalcooperation/projects/;ND;1;B;V2;200;V2: institution certifiée 3/3, URL ouverte anonymement, titre et contenu vérifiés automatiquement. V3 réservé à une validation plus forte.;fc5c20e0395ec99561aa589472511de00cb9c6b549f6fff6675b51796baa13f4
93;DOC-BD72D73894C709E8B612;research;ND;Publications----National Astronomical Observatories, Chinese Academy of Sciences;http://english.nao.cas.cn/publications/;ND;National Astronomical Observatories;ND;China;Asia;official_research_institution;ND;ND;2026-10-03T23:04:25.863Z;institutional_primary;en;NAOC’s main research involves cosmological large-scale structures, the formation and evolution of galaxies and stars, high-energy astrophysics, solar magnetism and activity, lunar and deep space exploration, and astronomical instrumentation.;NAOC’s main research involves cosmological large-scale structures, the formation and evolution of galaxies and stars, high-energy astrophysics, solar magnetism and activity, lunar and deep space exploration, and astronomical instrumentation.;ND;ND;ND;ND;ND;ND;ND;ND;free;primary;not_applicable;ND;ND;http://english.nao.cas.cn/publications/;ND;1;B;V2;200;V2: institution certifiée 3/3, URL ouverte anonymement, titre et contenu vérifiés automatiquement. V3 réservé à une validation plus forte.;4dbc742af6c52b5d9d525ba64ad9d938af4676b495c17179e3168be10d2e9c0d
94;DOC-B7FC6317FFB43476E55D;research;ND;Research Programs----National Astronomical Observatories;http://english.nao.cas.cn/research/telescopesprojects/researchprograms/;ND;National Astronomical Observatories;ND;China;Asia;official_research_institution;ND;ND;2026-10-03T23:04:25.011Z;institutional_primary;en;NAOC’s main research involves cosmological large-scale structures, the formation and evolution of galaxies and stars, high-energy astrophysics, solar magnetism and activity, lunar and deep space exploration, and astronomical instrumentation.;NAOC’s main research involves cosmological large-scale structures, the formation and evolution of galaxies and stars, high-energy astrophysics, solar magnetism and activity, lunar and deep space exploration, and astronomical instrumentation.;ND;ND;ND;ND;ND;ND;ND;ND;free;primary;not_applicable;ND;ND;http://english.nao.cas.cn/research/telescopesprojects/researchprograms/;ND;3;B;V2;200;V2: institution certifiée 3/3, URL ouverte anonymement, titre et contenu vérifiés automatiquement. V3 réservé à une validation plus forte.;1395ba8bf54f332a361b7de76feb18204e66957fb7d45eab76eb59a3ce288373
95;DOC-B918FC54EB1C02B68505;research;ND;Research Progress----National Astronomical Observatories, Chinese Academy of Sciences;http://english.nao.cas.cn/newsevents/researchprogress/;ND;National Astronomical Observatories;ND;China;Asia;official_research_institution;ND;ND;2026-10-03T23:04:25.662Z;institutional_primary;en;NAOC’s main research involves cosmological large-scale structures, the formation and evolution of galaxies and stars, high-energy astrophysics, solar magnetism and activity, lunar and deep space exploration, and astronomical instrumentation.;NAOC’s main research involves cosmological large-scale structures, the formation and evolution of galaxies and stars, high-energy astrophysics, solar magnetism and activity, lunar and deep space exploration, and astronomical instrumentation.;ND;ND;ND;ND;ND;ND;ND;ND;free;primary;not_applicable;ND;ND;http://english.nao.cas.cn/newsevents/researchprogress/;ND;1;B;V2;200;V2: institution certifiée 3/3, URL ouverte anonymement, titre et contenu vérifiés automatiquement. V3 réservé à une validation plus forte.;4351801cf652ff78b3fec1e7540b9dedcae108ae6f65fe962e4ef3d4c4123eb6
96;DOC-EE9EA4B4DCF483CC33A4;research;ND;Research----National Astronomical Observatories;http://english.nao.cas.cn/research/;ND;National Astronomical Observatories;ND;China;Asia;official_research_institution;ND;ND;2026-10-03T23:04:26.150Z;institutional_primary;en;NAOC’s main research involves cosmological large-scale structures, the formation and evolution of galaxies and stars, high-energy astrophysics, solar magnetism and activity, lunar and deep space exploration, and astronomical instrumentation.;NAOC’s main research involves cosmological large-scale structures, the formation and evolution of galaxies and stars, high-energy astrophysics, solar magnetism and activity, lunar and deep space exploration, and astronomical instrumentation.;ND;ND;ND;ND;ND;ND;ND;ND;free;primary;not_applicable;ND;ND;http://english.nao.cas.cn/research/;ND;1;B;V2;200;V2: institution certifiée 3/3, URL ouverte anonymement, titre et contenu vérifiés automatiquement. V3 réservé à une validation plus forte.;2904ca7569429aece57b28aa24c775b802ff1af48e398377112236b474a9cb17
97;DOC-2B6588178E295565F3B6;research;ND;Space Science----National Astronomical Observatories;http://english.nao.cas.cn/research/researchdivisions/spacescience/;ND;National Astronomical Observatories;ND;China;Asia;official_research_institution;ND;ND;2026-10-03T23:04:25.240Z;institutional_primary;en;NAOC’s main research involves cosmological large-scale structures, the formation and evolution of galaxies and stars, high-energy astrophysics, solar magnetism and activity, lunar and deep space exploration, and astronomical instrumentation.;NAOC’s main research involves cosmological large-scale structures, the formation and evolution of galaxies and stars, high-energy astrophysics, solar magnetism and activity, lunar and deep space exploration, and astronomical instrumentation.;ND;ND;ND;ND;ND;ND;ND;ND;free;primary;not_applicable;ND;ND;http://english.nao.cas.cn/research/researchdivisions/spacescience/;ND;2;B;V2;200;V2: institution certifiée 3/3, URL ouverte anonymement, titre et contenu vérifiés automatiquement. V3 réservé à une validation plus forte.;17b320f1d55b4fea91c35dd4b9a5ba8e37a77cd91823b345f668f690c721e5f1
98;DOC-9A1935F925AD639E0F0B;research;ND;Summer School on Space Astronomyand Applied Technology between China and Russia----National Astronomical Observatories, Chinese Academy of Sciences;https://english.nao.cas.cn/newsevents/colloquiaandseminar/202606/t20260605_1161299.html;ND;National Astronomical Observatories;ND;China;Asia;official_research_institution;ND;ND;2026-10-03T23:04:23.771Z;institutional_primary;en;NAOC’s main research involves cosmological large-scale structures, the formation and evolution of galaxies and stars, high-energy astrophysics, solar magnetism and activity, lunar and deep space exploration, and astronomical instrumentation.;NAOC’s main research involves cosmological large-scale structures, the formation and evolution of galaxies and stars, high-energy astrophysics, solar magnetism and activity, lunar and deep space exploration, and astronomical instrumentation.;ND;ND;ND;ND;ND;ND;ND;ND;free;primary;not_applicable;ND;ND;https://english.nao.cas.cn/newsevents/colloquiaandseminar/202606/t20260605_1161299.html;ND;2;B;V2;200;V2: institution certifiée 3/3, URL ouverte anonymement, titre et contenu vérifiés automatiquement. V3 réservé à une validation plus forte.;86090fec14a1ee158cd462e1899b6174380e7785ca91e14bc3d9cb8928d7b791
99;DOC-731EE997076585083765;research;ND;Telescopes----National Astronomical Observatories;http://english.nao.cas.cn/research/telescopesprojects/telescopes/;ND;National Astronomical Observatories;ND;China;Asia;official_research_institution;ND;ND;2026-10-03T23:04:25.448Z;institutional_primary;en;NAOC’s main research involves cosmological large-scale structures, the formation and evolution of galaxies and stars, high-energy astrophysics, solar magnetism and activity, lunar and deep space exploration, and astronomical instrumentation.;NAOC’s main research involves cosmological large-scale structures, the formation and evolution of galaxies and stars, high-energy astrophysics, solar magnetism and activity, lunar and deep space exploration, and astronomical instrumentation.;ND;ND;ND;ND;ND;ND;ND;ND;free;primary;not_applicable;ND;ND;http://english.nao.cas.cn/research/telescopesprojects/telescopes/;ND;2;B;V2;200;V2: institution certifiée 3/3, URL ouverte anonymement, titre et contenu vérifiés automatiquement. V3 réservé à une validation plus forte.;b130a22386b2e52fab2a2fe309b34c584a200d90ba1530391295f29858722fb6
100;DOC-CC484AA5E232EDB19E47;research;ND;Ancient Ceramics and Industrial Ceramics--Shanghai Institute of Ceramics, Chinese Academy of Sciences;https://english.sic.cas.cn/rh/r9/;ND;Shanghai Institute of Ceramics;ND;China;Asia;official_research_institution;ND;ND;2026-10-03T23:04:39.858Z;institutional_primary;en;The purpose of Center of Industrial Ceramics Engineering is to inherit Chinese civilization and explore new applications of energy-saving materials. In terms of ancient ceramics research, it undertakes the national research and protection work on ancient ceramics and silicate eggs and builds a national team in the field of ancient ceramics research and a national team in the field of new types of ceramics. In terms of research on photothermal regulation smart materials, to build a green and sustainable society, research and break through the key technologies of dynamic smart regulation materials and devices (thermal/electro/photo-chromism, etc.), and expand the integrated military and civilian applications. The center currently has a research and development team composed of three professors, four visiting professors who are well-known overseas scholars, eleven employees, and nearly 30 m;The purpose of Center of Industrial Ceramics Engineering is to inherit Chinese civilization and explore new applications of energy-saving materials. In terms of ancient ceramics research, it undertakes the national research and protection work on ancient ceramics and silicate eggs and builds a national team in the field of ancient ceramics research and a national team in the field of new types of ceramics. In terms of research on photothermal regulation smart materials, to build a green and sustainable society, research and break through the key technologies of dynamic smart regulation materials and devices (thermal/electro/photo-chromism, etc.), and expand the integrated military and civilian applications. The center currently has a research and development team composed of three professors, four visiting professors who are well-known overseas scholars, eleven employees, and nearly 30 m;ND;ND;ND;ND;ND;ND;ND;ND;free;primary;not_applicable;ND;ND;https://english.sic.cas.cn/rh/r9/;ND;1;B;V2;200;V2: institution certifiée 3/3, URL ouverte anonymement, titre et contenu vérifiés automatiquement. V3 réservé à une validation plus forte.;88f2958bc7b27257177225d125e8b53c06afe10d7c3492bbdb41fbe2c2250c0a
101;DOC-8151D89E8EA4E8F02CFD;research;ND;Biomaterials and Tissue Engineering--Shanghai Institute of Ceramics, Chinese Academy of Sciences;https://english.sic.cas.cn/rh/r4/;ND;Shanghai Institute of Ceramics;ND;China;Asia;official_research_institution;ND;ND;2026-10-03T23:04:38.674Z;institutional_primary;en;The Shanghai Institute of Ceramics, Chinese Academy of Sciences has been researching biomedical materials since the 1980s and established the Center of Biomaterials and Tissue Engineering in 2001. Since its establishment, the center has focused on basic and applied research on nanobiomaterials, tissue engineering scaffold materials, biomaterial surfaces and interfaces, and organoid materials and devices. After more than 20 years of unremitting efforts, the Biomaterials and Tissue Engineering Research Center has five research groups and 33 permanent employees, including eight research fellows, ten associate researchers, and 15 scientific research and engineering technicians.;The Shanghai Institute of Ceramics, Chinese Academy of Sciences has been researching biomedical materials since the 1980s and established the Center of Biomaterials and Tissue Engineering in 2001. Since its establishment, the center has focused on basic and applied research on nanobiomaterials, tissue engineering scaffold materials, biomaterial surfaces and interfaces, and organoid materials and devices. After more than 20 years of unremitting efforts, the Biomaterials and Tissue Engineering Research Center has five research groups and 33 permanent employees, including eight research fellows, ten associate researchers, and 15 scientific research and engineering technicians.;ND;ND;ND;ND;ND;ND;ND;ND;free;primary;not_applicable;ND;ND;https://english.sic.cas.cn/rh/r4/;ND;2;B;V2;200;V2: institution certifiée 3/3, URL ouverte anonymement, titre et contenu vérifiés automatiquement. V3 réservé à une validation plus forte.;79a3dfa1f0a75eadede4cb52c00f49cd96bade28b54a04fd693ff815547af1bf
102;DOC-C808B843A28A9E3443FD;research;ND;Energy Materials--Shanghai Institute of Ceramics, Chinese Academy of Sciences;https://english.sic.cas.cn/rh/r7/;ND;Shanghai Institute of Ceramics;ND;China;Asia;official_research_institution;ND;ND;2026-10-03T23:04:39.444Z;institutional_primary;en;Center of Energy Materials is mainly engaged in basic research, applied basic research, device construction, and engineering technology research and development of advanced functional materials related to new energy. Focusing on the research fields of solid-state rechargeable battery materials and devices, electrochemical energy storage materials and devices, green optoelectronic conversion technology, light metal-based battery systems and materials, hydrogen energy materials and devices, fuel cell materials, and systems, etc., the center has laid out strategic emerging directions such as solid-state batteries, solar cells, fluorine-based batteries, electrocatalytic hydrogen production, metal-air batteries, sodium-ion batteries, and solid oxide fuel cells. There are currently five research groups and 40 scientific researchers and engineering technicians.;Center of Energy Materials is mainly engaged in basic research, applied basic research, device construction, and engineering technology research and development of advanced functional materials related to new energy. Focusing on the research fields of solid-state rechargeable battery materials and devices, electrochemical energy storage materials and devices, green optoelectronic conversion technology, light metal-based battery systems and materials, hydrogen energy materials and devices, fuel cell materials, and systems, etc., the center has laid out strategic emerging directions such as solid-state batteries, solar cells, fluorine-based batteries, electrocatalytic hydrogen production, metal-air batteries, sodium-ion batteries, and solid oxide fuel cells. There are currently five research groups and 40 scientific researchers and engineering technicians.;ND;ND;ND;ND;ND;ND;ND;ND;free;primary;not_applicable;ND;ND;https://english.sic.cas.cn/rh/r7/;ND;2;B;V2;200;V2: institution certifiée 3/3, URL ouverte anonymement, titre et contenu vérifiés automatiquement. V3 réservé à une validation plus forte.;5839c6ceb14964179521da65c61847ddb142b3efc55d2f82d1b462aa522e1fb9
103;DOC-AF9A2B25DFB07076F26C;research;ND;Information Functional Materials and Devices--Shanghai Institute of Ceramics, Chinese Academy of Sciences;https://english.sic.cas.cn/rh/r8/;ND;Shanghai Institute of Ceramics;ND;China;Asia;official_research_institution;ND;ND;2026-10-03T23:04:39.863Z;institutional_primary;en;Center of Information Functional Materials and Devices is mainly engaged in applied basic research and high-tech product development of advanced inorganic functional materials and devices. The main research areas include ferroelectric ceramic materials and devices, special glass and microwave dielectric materials, semiconductor-sensitive ceramics, pyroelectric ceramics, multilayer ceramic technology, passive integrated devices, microstructure characterization of inorganic materials, etc. There are currently five research groups, one independent PI, and more than 70 scientific researchers and engineering technicians.;Center of Information Functional Materials and Devices is mainly engaged in applied basic research and high-tech product development of advanced inorganic functional materials and devices. The main research areas include ferroelectric ceramic materials and devices, special glass and microwave dielectric materials, semiconductor-sensitive ceramics, pyroelectric ceramics, multilayer ceramic technology, passive integrated devices, microstructure characterization of inorganic materials, etc. There are currently five research groups, one independent PI, and more than 70 scientific researchers and engineering technicians.;ND;ND;ND;ND;ND;ND;ND;ND;free;primary;not_applicable;ND;ND;https://english.sic.cas.cn/rh/r8/;ND;1;B;V2;200;V2: institution certifiée 3/3, URL ouverte anonymement, titre et contenu vérifiés automatiquement. V3 réservé à une validation plus forte.;fd6c324ab7397c1e59a2b37190a8376214e3984bea8097a9e730fe69aac23467
104;DOC-DE00845589AC3E394AD5;research;ND;Inorganic Coating Materials--Shanghai Institute of Ceramics, Chinese Academy of Sciences;https://english.sic.cas.cn/rh/r3/;ND;Shanghai Institute of Ceramics;ND;China;Asia;official_research_institution;ND;ND;2026-10-03T23:04:39.857Z;institutional_primary;en;The main objective of the Center is to study the application basics and engineering technology of special inorganic coating materials. In order to address the pressing need for special inorganic coating materials in major national projects as well as in people's daily lives and health, we focus on studying the multi-scale design of coating materials, material’s coating preparation processes, interface structure control, coating material’s extreme environmental service behavior and mechanisms, etc. Our research is primarily centered around five key areas, including spacecraft thermal control coating materials, special protective coating materials, special functional coating materials, biomedical coating materials, and coating material’s service behavior characterization. Our research center has established two research groups, comprising 62 scientific researchers and technicians.;The main objective of the Center is to study the application basics and engineering technology of special inorganic coating materials. In order to address the pressing need for special inorganic coating materials in major national projects as well as in people's daily lives and health, we focus on studying the multi-scale design of coating materials, material’s coating preparation processes, interface structure control, coating material’s extreme environmental service behavior and mechanisms, etc. Our research is primarily centered around five key areas, including spacecraft thermal control coating materials, special protective coating materials, special functional coating materials, biomedical coating materials, and coating material’s service behavior characterization. Our research center has established two research groups, comprising 62 scientific researchers and technicians.;ND;ND;ND;ND;ND;ND;ND;ND;free;primary;not_applicable;ND;ND;https://english.sic.cas.cn/rh/r3/;ND;1;B;V2;200;V2: institution certifiée 3/3, URL ouverte anonymement, titre et contenu vérifiés automatiquement. V3 réservé à une validation plus forte.;98293077434d2fc6d56f8155de9d16f0bb52716e4f175bed99b0a20fc758353c
105;DOC-AF86BCFB5909093DBAC9;research;ND;Pilot Test for New Materials--Shanghai Institute of Ceramics, Chinese Academy of Sciences;https://english.sic.cas.cn/rh/rd/;ND;Shanghai Institute of Ceramics;ND;China;Asia;official_research_institution;ND;ND;2026-10-03T23:04:39.859Z;institutional_primary;en;"Center of Pilot Test for New Materials is engaged in the development, pilot-plant test, and engineering technology development of advanced inorganic materials. The inorganic materials involved mainly include artificial crystals, energy storage batteries, oxide fibers, etc. The center focuses on creating ""Chinese brand"" crystals with the artificial materials of BGO, TeO2, CsI, PbF2, LYSO, BaF2, CeF3, and mica developed by this center enjoy a high reputation at home and abroad. It has the capabilities of crystal engineering preparation, processing, and device assembly,mainly being used in high energy physics, nuclear physics, nuclear medicine, security inspection, anti-smuggling, and geological exploration. The center also focuses on the cutting-edge and disruptive direction of chemical energy storage and develops new energy storage technologies with the main characteristics of green envir";"Center of Pilot Test for New Materials is engaged in the development, pilot-plant test, and engineering technology development of advanced inorganic materials. The inorganic materials involved mainly include artificial crystals, energy storage batteries, oxide fibers, etc. The center focuses on creating ""Chinese brand"" crystals with the artificial materials of BGO, TeO2, CsI, PbF2, LYSO, BaF2, CeF3, and mica developed by this center enjoy a high reputation at home and abroad. It has the capabilities of crystal engineering preparation, processing, and device assembly,mainly being used in high energy physics, nuclear physics, nuclear medicine, security inspection, anti-smuggling, and geological exploration. The center also focuses on the cutting-edge and disruptive direction of chemical energy storage and develops new energy storage technologies with the main characteristics of green envir";ND;ND;ND;ND;ND;ND;ND;ND;free;primary;not_applicable;ND;ND;https://english.sic.cas.cn/rh/rd/;ND;1;B;V2;200;V2: institution certifiée 3/3, URL ouverte anonymement, titre et contenu vérifiés automatiquement. V3 réservé à une validation plus forte.;3b5882f717ec94783398af65bf62364897d48d6cf7ef53376ef841d81fc91265
106;DOC-8051CC1F2B5764BC9BE1;research;ND;Research Centers--Shanghai Institute of Ceramics, Chinese Academy of Sciences;https://english.sic.cas.cn/rh/;ND;Shanghai Institute of Ceramics;ND;China;Asia;official_research_institution;ND;ND;2026-10-03T23:04:39.660Z;institutional_primary;en;Research Centers--Shanghai Institute of Ceramics, Chinese Academy of Sciences Contact Us Chinese CAS Contact Us Chinese CAS Toggle navigation Home About Us History Directors Organization Structure Contact Us News&Events Research News News Updates Research State Key Laboratory of High Performance Ceramics State Key Laboratory of Functional Crystals and Devices The Frontier Department Structural Ceramics and Composite Materials Information Functional Materials and Devices Inorganic Coating Materials Artificial Crystal Transparent Ceramics Energy Materials Biomaterials and Tissue Engineering Ancient Ceramics and Industrial Ceramics Pilot Test for New Materials Scientists Academicians Faculty and Staff International International Conferences President’s International Fellowship Initiative Education Enrollment Guide Academic Activities News and Activities Contact Us Journals Work with Us Rese;Research Centers--Shanghai Institute of Ceramics, Chinese Academy of Sciences Contact Us Chinese CAS Contact Us Chinese CAS Toggle navigation Home About Us History Directors Organization Structure Contact Us News&Events Research News News Updates Research State Key Laboratory of High Performance Ceramics State Key Laboratory of Functional Crystals and Devices The Frontier Department Structural Ceramics and Composite Materials Information Functional Materials and Devices Inorganic Coating Materials Artificial Crystal Transparent Ceramics Energy Materials Biomaterials and Tissue Engineering Ancient Ceramics and Industrial Ceramics Pilot Test for New Materials Scientists Academicians Faculty and Staff International International Conferences President’s International Fellowship Initiative Education Enrollment Guide Academic Activities News and Activities Contact Us Journals Work with Us Rese;ND;ND;ND;ND;ND;ND;ND;ND;free;primary;not_applicable;ND;ND;https://english.sic.cas.cn/rh/;ND;1;B;V2;200;V2: institution certifiée 3/3, URL ouverte anonymement, titre et contenu vérifiés automatiquement. V3 réservé à une validation plus forte.;9b2513dc17134424454c2b3dceb768b11f09f8f47ba18d6bf16743c80577ae79
107;DOC-A41DE323FF0EC002B5F8;research;ND;Research News--Shanghai Institute of Ceramics, Chinese Academy of Sciences;https://english.sic.cas.cn/ns/es/;ND;Shanghai Institute of Ceramics;ND;China;Asia;official_research_institution;ND;ND;2026-10-03T23:04:39.472Z;institutional_primary;en;Research News--Shanghai Institute of Ceramics, Chinese Academy of Sciences Contact Us Chinese CAS Contact Us Chinese CAS Toggle navigation Home About Us History Directors Organization Structure Contact Us News&Events Research News News Updates Research State Key Laboratory of High Performance Ceramics State Key Laboratory of Functional Crystals and Devices The Frontier Department Structural Ceramics and Composite Materials Information Functional Materials and Devices Inorganic Coating Materials Artificial Crystal Transparent Ceramics Energy Materials Biomaterials and Tissue Engineering Ancient Ceramics and Industrial Ceramics Pilot Test for New Materials Scientists Academicians Faculty and Staff International International Conferences President’s International Fellowship Initiative Education Enrollment Guide Academic Activities News and Activities Contact Us Journals Work with Us News&Ev;Research News--Shanghai Institute of Ceramics, Chinese Academy of Sciences Contact Us Chinese CAS Contact Us Chinese CAS Toggle navigation Home About Us History Directors Organization Structure Contact Us News&Events Research News News Updates Research State Key Laboratory of High Performance Ceramics State Key Laboratory of Functional Crystals and Devices The Frontier Department Structural Ceramics and Composite Materials Information Functional Materials and Devices Inorganic Coating Materials Artificial Crystal Transparent Ceramics Energy Materials Biomaterials and Tissue Engineering Ancient Ceramics and Industrial Ceramics Pilot Test for New Materials Scientists Academicians Faculty and Staff International International Conferences President’s International Fellowship Initiative Education Enrollment Guide Academic Activities News and Activities Contact Us Journals Work with Us News&Ev;ND;ND;ND;ND;ND;ND;ND;ND;free;primary;not_applicable;ND;ND;https://english.sic.cas.cn/ns/es/;ND;1;B;V2;200;V2: institution certifiée 3/3, URL ouverte anonymement, titre et contenu vérifiés automatiquement. V3 réservé à une validation plus forte.;206d2af0ee9b558afc41b65a2048a4cd0ec8967e46c141e741d8508514c768f8
108;DOC-BEBCCCDDC36F0E75BFE6;research;ND;State Key Laboratory of Functional Crystals and Devices--Shanghai Institute of Ceramics, Chinese Academy of Sciences;https://english.sic.cas.cn/rh/fcd/;ND;Shanghai Institute of Ceramics;ND;China;Asia;official_research_institution;ND;ND;2026-10-03T23:04:39.652Z;institutional_primary;en;"In order to promote the development of functional crystals and devices in China and expand the country's international influence in this field, the Chinese Academy of Sciences approved the establishment of the ""Key Laboratory of Functional Crystals and Devices"" by the Shanghai Institute of Ceramics and the Fujian Institute of Research on the Structure of Matter in November 2024. In January 2025, following an evaluation by the Ministry of Science and Technology, the National Key Laboratory of Functional Crystals and Devices was approved for construction.";"In order to promote the development of functional crystals and devices in China and expand the country's international influence in this field, the Chinese Academy of Sciences approved the establishment of the ""Key Laboratory of Functional Crystals and Devices"" by the Shanghai Institute of Ceramics and the Fujian Institute of Research on the Structure of Matter in November 2024. In January 2025, following an evaluation by the Ministry of Science and Technology, the National Key Laboratory of Functional Crystals and Devices was approved for construction.";ND;ND;ND;ND;ND;ND;ND;ND;free;primary;not_applicable;ND;ND;https://english.sic.cas.cn/rh/fcd/;ND;1;B;V2;200;V2: institution certifiée 3/3, URL ouverte anonymement, titre et contenu vérifiés automatiquement. V3 réservé à une validation plus forte.;21d6da891fd7766e9f97e76f2564f707cad37f0c69623d3f9444fdd105031262
109;DOC-1D6A2E44659CCE039361;research;ND;State Key Laboratory of High Performance Ceramics--Shanghai Institute of Ceramics, Chinese Academy of Sciences;https://english.sic.cas.cn/rh/hpc/;ND;Shanghai Institute of Ceramics;ND;China;Asia;official_research_institution;ND;ND;2026-10-03T23:04:39.653Z;institutional_primary;en;The State Key Laboratory of High Performance Ceramics and Superfine Microstructure was founded in April 1988 upon the approval of both the State Planning Commission and the Chinese Academy of Sciences, aiming at promoting the high-performance ceramic research activity in China. The laboratory is subject to the Shanghai Institute of Ceramics, Chinese Academy of Sciences, and has been open to all over the world since 1989. In 1991, the laboratory formerly became one of the State Key Laboratories and has been given the name since then. In January 2023, the Chinese Academy of Sciences approved the reorganization of the laboratory as the “State Key Laboratory of High Performance Ceramics”. In January 2025, it passed the reorganization evaluation by the Ministry of Science and Technology and was officially established.;The State Key Laboratory of High Performance Ceramics and Superfine Microstructure was founded in April 1988 upon the approval of both the State Planning Commission and the Chinese Academy of Sciences, aiming at promoting the high-performance ceramic research activity in China. The laboratory is subject to the Shanghai Institute of Ceramics, Chinese Academy of Sciences, and has been open to all over the world since 1989. In 1991, the laboratory formerly became one of the State Key Laboratories and has been given the name since then. In January 2023, the Chinese Academy of Sciences approved the reorganization of the laboratory as the “State Key Laboratory of High Performance Ceramics”. In January 2025, it passed the reorganization evaluation by the Ministry of Science and Technology and was officially established.;ND;ND;ND;ND;ND;ND;ND;ND;free;primary;not_applicable;ND;ND;https://english.sic.cas.cn/rh/hpc/;ND;1;B;V2;200;V2: institution certifiée 3/3, URL ouverte anonymement, titre et contenu vérifiés automatiquement. V3 réservé à une validation plus forte.;3db07e68333bdbc57409adb34b3c33d2303a59345c23b4fbccd76cba37a2821b
110;DOC-C6BE177C9F783E0BD965;research;ND;Structural Ceramics and Composite Materials--Shanghai Institute of Ceramics, Chinese Academy of Sciences;https://english.sic.cas.cn/rh/r2/;ND;Shanghai Institute of Ceramics;ND;China;Asia;official_research_institution;ND;ND;2026-10-03T23:04:39.858Z;institutional_primary;en;Center of Structural Ceramics and Composite Materials is mainly engaged in basic research, applied basic research and high-tech product development of advanced structural ceramics and ceramic matrix composite materials. In the face of major national strategic needs such as aerospace and semiconductors, basing on the research of new principles, new structures, and new methods of structural ceramics and ceramic matrix composite materials, we are focusing on the design, preparation science, and performance evaluation and engineering applied technology research of large-size complex-shape structural ceramics and ceramic matrix composite materials. There are currently 4 research groups and 86 scientific researchers and engineers.;Center of Structural Ceramics and Composite Materials is mainly engaged in basic research, applied basic research and high-tech product development of advanced structural ceramics and ceramic matrix composite materials. In the face of major national strategic needs such as aerospace and semiconductors, basing on the research of new principles, new structures, and new methods of structural ceramics and ceramic matrix composite materials, we are focusing on the design, preparation science, and performance evaluation and engineering applied technology research of large-size complex-shape structural ceramics and ceramic matrix composite materials. There are currently 4 research groups and 86 scientific researchers and engineers.;ND;ND;ND;ND;ND;ND;ND;ND;free;primary;not_applicable;ND;ND;https://english.sic.cas.cn/rh/r2/;ND;1;B;V2;200;V2: institution certifiée 3/3, URL ouverte anonymement, titre et contenu vérifiés automatiquement. V3 réservé à une validation plus forte.;eaf2314c3c06c6c2560967ebe2c209be626ab77ab05e4f920215910a7d0edf37
111;DOC-A8CFD7F22868508A7B46;research;ND;Research-University of Science and Technology of China;https://en.ustc.edu.cn/Research.htm;ND;University of Science and Technology of China;ND;China;Asia;official_research_institution;ND;ND;2026-10-03T23:04:52.581Z;institutional_primary;en;"At a lab of the University of Science and Technology of China (USTC), AI and automation have transformed traditional chemistry research from manual trial-and-error to giving instructions on intelligent platforms. In 2021, Professor Jiang Jun's team developed the first-generation robotic chemist ""Xiao Lai,"" enabling 24/7 operation and autonomous experiment design. The second-generation ""Xiao Lin"" now handles more complex tasks, evolving from a labor substitute to a collaborative research partner. The team's ultimate goal is fully autonomous science, where machines can discover new research directions and assist even non-experts in material creation. (Xinhua)";"At a lab of the University of Science and Technology of China (USTC), AI and automation have transformed traditional chemistry research from manual trial-and-error to giving instructions on intelligent platforms. In 2021, Professor Jiang Jun's team developed the first-generation robotic chemist ""Xiao Lai,"" enabling 24/7 operation and autonomous experiment design. The second-generation ""Xiao Lin"" now handles more complex tasks, evolving from a labor substitute to a collaborative research partner. The team's ultimate goal is fully autonomous science, where machines can discover new research directions and assist even non-experts in material creation. (Xinhua)";ND;ND;ND;ND;ND;ND;ND;ND;free;primary;not_applicable;ND;ND;https://en.ustc.edu.cn/Research.htm;ND;1;B;V2;200;V2: institution certifiée 3/3, URL ouverte anonymement, titre et contenu vérifiés automatiquement. V3 réservé à une validation plus forte.;43488f9a2584dd0ed0b567e6ac4310e3322f82bfbbcdad7cfc5a605617a6417d
112;DOC-F8D7A1A7E5F2AC2C7DF7;research;ND;AIST:FREA Research Results;https://www.aist.go.jp/fukushima/en/research/index.html;ND;AIST;ND;Japan;Asia;public_research;ND;ND;2026-10-03T23:02:29.220Z;institutional_primary;en;Award: Dr. Ustun Taha Selim (Senior Researcher) received the Best Online Presentation at the International Conference on Advanced Innovations in Engineering, Science and Technology (AIEST-2024).;Award: Dr. Ustun Taha Selim (Senior Researcher) received the Best Online Presentation at the International Conference on Advanced Innovations in Engineering, Science and Technology (AIEST-2024).;ND;ND;ND;ND;ND;ND;ND;ND;free;primary;not_applicable;ND;ND;https://www.aist.go.jp/fukushima/en/research/index.html;ND;2;B;V2;200;V2: institution certifiée 3/3, URL ouverte anonymement, titre et contenu vérifiés automatiquement. V3 réservé à une validation plus forte.;665f04d855478814092a564a7c6c4a9ff924b43f6f2c3dd88c81f875c28d16b3
113;DOC-7430B6E646DA9690AD8E;research;ND;AIST:Publications;https://www.aist.go.jp/aist_e/about_aist/publications/index.html;ND;AIST;ND;Japan;Asia;public_research;ND;ND;2026-10-03T23:02:29.261Z;institutional_primary;en;"AIST Report covers AIST&rsquo;s social responsibility activities as well as environmental reports.";"AIST Report covers AIST&rsquo;s social responsibility activities as well as environmental reports.";ND;ND;ND;ND;ND;ND;ND;ND;free;primary;not_applicable;ND;ND;https://www.aist.go.jp/aist_e/about_aist/publications/index.html;ND;1;B;V2;200;V2: institution certifiée 3/3, URL ouverte anonymement, titre et contenu vérifiés automatiquement. V3 réservé à une validation plus forte.;f3481fbc130744a4495dd0a1719a1ee09e375e03f7a334a5fbeb3772c2e91854
114;DOC-5B909384BF7D8351EDAA;research;ND;AIST:Research Assistant (RA);https://www.aist.go.jp/aist_e/collab/ra/index.html;ND;AIST;ND;Japan;Asia;public_research;ND;ND;2026-10-03T23:02:29.771Z;institutional_primary;en;Copyright © National Institute of Advanced Industrial Science and Technology （AIST） （Japan Corporate Number 7010005005425）. All rights reserved.;Copyright © National Institute of Advanced Industrial Science and Technology （AIST） （Japan Corporate Number 7010005005425）. All rights reserved.;ND;ND;ND;ND;ND;ND;ND;ND;free;primary;not_applicable;ND;ND;https://www.aist.go.jp/aist_e/collab/ra/index.html;ND;1;B;V2;200;V2: institution certifiée 3/3, URL ouverte anonymement, titre et contenu vérifiés automatiquement. V3 réservé à une validation plus forte.;016d4ef89ad7f75fd20d94f5efca34b085b24b632fec5bac2d86ed7205948551
115;DOC-26469E2CB806892D279E;research;ND;AIST:Research Bases;https://www.aist.go.jp/aist_e/about_aist/research_bases/index.html;ND;AIST;ND;Japan;Asia;public_research;ND;ND;2026-10-03T23:02:29.150Z;institutional_primary;en;Innovation created by regional companies is expected to play an important role in regional economic revitalization. AIST has eleven regional research bases throughout Japan (Fukushima, Kashiwa, Tokyo Waterfront, Hokuriku, Hokkaido, Tohoku, Chubu, Kansai, Chugoku, Shikoku, and Kyushu) to contribute to regional innovation.;Innovation created by regional companies is expected to play an important role in regional economic revitalization. AIST has eleven regional research bases throughout Japan (Fukushima, Kashiwa, Tokyo Waterfront, Hokuriku, Hokkaido, Tohoku, Chubu, Kansai, Chugoku, Shikoku, and Kyushu) to contribute to regional innovation.;ND;ND;ND;ND;ND;ND;ND;ND;free;primary;not_applicable;ND;ND;https://www.aist.go.jp/aist_e/about_aist/research_bases/index.html;ND;1;B;V2;200;V2: institution certifiée 3/3, URL ouverte anonymement, titre et contenu vérifiés automatiquement. V3 réservé à une validation plus forte.;f36ba11f6a46c77ad423db845ae41a75a896ea8c82de92b001d009003ec244e1
116;DOC-BE13D14E543571DFADDD;research;ND;AIST:Research results;https://www.aist.go.jp/aist_e/list/us_latest_research.html;ND;AIST;ND;Japan;Asia;public_research;ND;ND;2026-10-03T23:02:29.214Z;institutional_primary;en;"Since its establishment, under its slogan of bringing technology to society, AIST has been engaging in world class research and development across a wide range of fields, bridging the gap to industry in order to connect research results to commercialization, and contributing to the creation of innovation in Japanese corporations. Here research results that have attracted attention in the past year are selected as &ldquo;Research Highlights&rdquo; from research results created through these efforts.";"Since its establishment, under its slogan of bringing technology to society, AIST has been engaging in world class research and development across a wide range of fields, bridging the gap to industry in order to connect research results to commercialization, and contributing to the creation of innovation in Japanese corporations. Here research results that have attracted attention in the past year are selected as &ldquo;Research Highlights&rdquo; from research results created through these efforts.";ND;ND;ND;ND;ND;ND;ND;ND;free;primary;not_applicable;ND;ND;https://www.aist.go.jp/aist_e/list/us_latest_research.html;ND;2;B;V2;200;V2: institution certifiée 3/3, URL ouverte anonymement, titre et contenu vérifiés automatiquement. V3 réservé à une validation plus forte.;d7e1bd8c6febef7ddd0ada1c0b724b32fcb8b2886fa8880cdd9ee127dac62bdc
117;DOC-201831D94EE44CE88309;research;ND;AIST:Research Results Archive;https://www.aist.go.jp/aist_e/list/archive.html;ND;AIST;ND;Japan;Asia;public_research;ND;ND;2026-10-03T23:02:28.830Z;institutional_primary;en;Device Developed to Measure the Surface Profile of Curved Mirrors with the World's Highest Accuracy;Device Developed to Measure the Surface Profile of Curved Mirrors with the World's Highest Accuracy;ND;ND;ND;ND;ND;ND;ND;ND;free;primary;not_applicable;ND;ND;https://www.aist.go.jp/aist_e/list/archive.html;ND;2;B;V2;200;V2: institution certifiée 3/3, URL ouverte anonymement, titre et contenu vérifiés automatiquement. V3 réservé à une validation plus forte.;592f857768599db82d1e1e3899ea5708718e63a1675cdebdc23034e8788f0db9
118;DOC-1D50DA009376FD278DE0;research;ND;Co-digestion of Waste and Wastewater from Biomanufacturing for Energy Recovery;https://www.aist.go.jp/aist_e/list/latest_research/2026/20260910/en20260910.html;ND;AIST;ND;Japan;Asia;public_research;ND;ND;2026-10-03T23:02:28.312Z;institutional_primary;en;"HOME &gt; Research Results &gt; 2026 &gt; Co-digestion of Waste and Wastewater from Biomanufacturing for Energy Recovery";"HOME &gt; Research Results &gt; 2026 &gt; Co-digestion of Waste and Wastewater from Biomanufacturing for Energy Recovery";ND;ND;ND;ND;ND;10.1016/j.jece.2026.123885;10.1016/j.jece.2026.123885;ND;free;primary;not_applicable;ND;ND;https://www.aist.go.jp/aist_e/list/latest_research/2026/20260910/en20260910.html;ND;3;B;V2;200;V2: institution certifiée 3/3, URL ouverte anonymement, titre et contenu vérifiés automatiquement. V3 réservé à une validation plus forte.;0225b65e5e3cddbc25ed2d92965322232f93e714dbd5eea05c3affb1c7ab5be0
119;DOC-D7389BD699CB5716EB56;research;ND;Device Developed to Measure the Surface Profile of Curved Mirrors with the World's Highest Accuracy;https://www.aist.go.jp/aist_e/list/latest_research/2026/20260929/en20260929.html;ND;AIST;ND;Japan;Asia;public_research;ND;ND;2026-10-03T23:02:29.351Z;institutional_primary;en;"HOME &gt; Research Results &gt; 2026 &gt; Device Developed to Measure the Surface Profile of Curved Mirrors with the World's Highest Accuracy";"HOME &gt; Research Results &gt; 2026 &gt; Device Developed to Measure the Surface Profile of Curved Mirrors with the World's Highest Accuracy";ND;ND;ND;ND;ND;10.1016/j.precisioneng.2026.05.011;10.1016/j.precisioneng.2026.05.011;ND;free;primary;not_applicable;ND;ND;https://www.aist.go.jp/aist_e/list/latest_research/2026/20260929/en20260929.html;ND;2;B;V2;200;V2: institution certifiée 3/3, URL ouverte anonymement, titre et contenu vérifiés automatiquement. V3 réservé à une validation plus forte.;e4fedd329d94ee33d015c8e23e57e21932fe7d8ff6ce493049595a8de143ac9f
120;DOC-27F1863BD6585EAF275D;research;ND;Fukushima Renewable Energy Institute, AIST Map;https://www.aist.go.jp/aist_e/guidemap/frea/index.html;ND;AIST;ND;Japan;Asia;public_research;ND;ND;2026-10-03T23:02:29.699Z;institutional_primary;en;Koriyama is the nearest Shinkansen (bullet train) station. It takes approximately one hour and a half from Tokyo to Koriyama. You can take bus or taxi from Koriyama station to FREA. Kikuta is the nearest local train station. You should take a taxi from Kikuta station to FREA.;Koriyama is the nearest Shinkansen (bullet train) station. It takes approximately one hour and a half from Tokyo to Koriyama. You can take bus or taxi from Koriyama station to FREA. Kikuta is the nearest local train station. You should take a taxi from Kikuta station to FREA.;ND;ND;ND;ND;ND;ND;ND;ND;free;primary;not_applicable;ND;ND;https://www.aist.go.jp/aist_e/guidemap/frea/index.html;ND;1;B;V2;200;V2: institution certifiée 3/3, URL ouverte anonymement, titre et contenu vérifiés automatiquement. V3 réservé à une validation plus forte.;97f97c50e9e82c641a2f746f463e38f14262b515c333eec52a6ab90796a48d00
121;DOC-4F4AFC05FBC140026548;research;ND;News;https://www.aist.go.jp/aist_e/news/en20261002.thml;ND;AIST;ND;Japan;Asia;public_research;ND;ND;2026-10-03T23:02:28.425Z;institutional_primary;en;Next-Generation Cancer Immunotherapy Using Quantum Computing Selected for NEDO Demonstration Program －A Joint R&D Project by NEC, Taiho Pharmaceutical, the Japanese Foundation for Cancer Research, AIST, and Waseda University －;Next-Generation Cancer Immunotherapy Using Quantum Computing Selected for NEDO Demonstration Program －A Joint R&D Project by NEC, Taiho Pharmaceutical, the Japanese Foundation for Cancer Research, AIST, and Waseda University －;ND;ND;ND;ND;ND;ND;ND;ND;free;primary;not_applicable;ND;ND;https://www.aist.go.jp/aist_e/news/en20261002.thml;ND;3;B;V2;200;V2: institution certifiée 3/3, URL ouverte anonymement, titre et contenu vérifiés automatiquement. V3 réservé à une validation plus forte.;04415a2e488bea0c294fc302996e9c58c63446be4797cd04c3df09ee2b8f2278
122;DOC-3311EFC2D12FD08E244E;research;ND;Research Highlights,Achieving the World's Highest Output in a Solid Oxide Fuel Cell (SOFC) Single Cell;https://www.aist.go.jp/aist_e/list/highlights/2023/vol1/;ND;AIST;ND;Japan;Asia;public_research;ND;ND;2026-10-03T23:02:30.000Z;institutional_primary;en;"HOME &gt; Research Results &gt; Research Highlights,Achieving the World's Highest Output in a Solid Oxide Fuel Cell (SOFC) Single Cell";"HOME &gt; Research Results &gt; Research Highlights,Achieving the World's Highest Output in a Solid Oxide Fuel Cell (SOFC) Single Cell";ND;ND;ND;ND;ND;ND;ND;ND;free;primary;not_applicable;ND;ND;https://www.aist.go.jp/aist_e/list/highlights/2023/vol1/;ND;1;B;V2;200;V2: institution certifiée 3/3, URL ouverte anonymement, titre et contenu vérifiés automatiquement. V3 réservé à une validation plus forte.;0f7b9d513b864349aa30d491f85025c0b88b4f38b97d9beab8f7a089cfda7af2
123;DOC-2FE309F81EFAA2C6BB5B;research;ND;Research Highlights,Changing the World with Breakthroughs in Coating Technology;https://www.aist.go.jp/aist_e/list/highlights/2023/vol5/;ND;AIST;ND;Japan;Asia;public_research;ND;ND;2026-10-03T23:02:28.080Z;institutional_primary;en;"HOME &gt; Research Results &gt; Research Highlights,Changing the World with Breakthroughs in Coating Technology";"HOME &gt; Research Results &gt; Research Highlights,Changing the World with Breakthroughs in Coating Technology";ND;ND;ND;ND;ND;ND;ND;ND;free;primary;not_applicable;ND;ND;https://www.aist.go.jp/aist_e/list/highlights/2023/vol5/;ND;3;B;V2;200;V2: institution certifiée 3/3, URL ouverte anonymement, titre et contenu vérifiés automatiquement. V3 réservé à une validation plus forte.;4371c870c9729eadf202c026035861a1bcbdd4e69e8ad62b1e30145775982f5d
124;DOC-03256885867009E5CF1F;research;ND;Research Highlights,The World's First Surface Measurement Program from Japan;https://www.aist.go.jp/aist_e/list/highlights/2023/vol4/;ND;AIST;ND;Japan;Asia;public_research;ND;ND;2026-10-03T23:02:28.436Z;institutional_primary;en;"HOME &gt; Research Results &gt; Research Highlights,The World's First Surface Measurement Program from Japan";"HOME &gt; Research Results &gt; Research Highlights,The World's First Surface Measurement Program from Japan";ND;ND;ND;ND;ND;ND;ND;ND;free;primary;not_applicable;ND;ND;https://www.aist.go.jp/aist_e/list/highlights/2023/vol4/;ND;2;B;V2;200;V2: institution certifiée 3/3, URL ouverte anonymement, titre et contenu vérifiés automatiquement. V3 réservé à une validation plus forte.;151664504d11a45ec425da39707ffb2610d9dda92fe51c4fcb319ce09bc86423
125;DOC-254453535A429167ACBE;research;ND;Research Results;https://www.aist.go.jp/aist_e/news/research/l_news_research.html;ND;AIST;ND;Japan;Asia;public_research;ND;ND;2026-10-03T23:02:29.211Z;institutional_primary;en;"Device Developed to Measure the Surface Profile of Curved Mirrors with the World's Highest Accuracy &mdash;Non-contact measurement of the shapes of optical elements used in EUV lithography systems and other equipment, with an accuracy of 2 nanometers&mdash;";"Device Developed to Measure the Surface Profile of Curved Mirrors with the World's Highest Accuracy &mdash;Non-contact measurement of the shapes of optical elements used in EUV lithography systems and other equipment, with an accuracy of 2 nanometers&mdash;";ND;ND;ND;ND;ND;ND;ND;ND;free;primary;not_applicable;ND;ND;https://www.aist.go.jp/aist_e/news/research/l_news_research.html;ND;2;B;V2;200;V2: institution certifiée 3/3, URL ouverte anonymement, titre et contenu vérifiés automatiquement. V3 réservé à une validation plus forte.;be07acab8c9fddabc86041fc6e69c77197bf8e7644d872f2104ab170612e6693
126;DOC-207EAB902495D869EBFB;research;ND;Simplifying the Calibration of Current Measurement Instruments with Diamond Quantum Sensing Technology;https://www.aist.go.jp/aist_e/list/latest_research/2026/20260928/en20260928.html;ND;AIST;ND;Japan;Asia;public_research;ND;ND;2026-10-03T23:02:27.379Z;institutional_primary;en;"HOME &gt; Research Results &gt; 2026 &gt; Simplifying the Calibration of Current Measurement Instruments with Diamond Quantum Sensing Technology";"HOME &gt; Research Results &gt; 2026 &gt; Simplifying the Calibration of Current Measurement Instruments with Diamond Quantum Sensing Technology";ND;ND;ND;ND;ND;10.1038/s41598-026-58868-2;10.1038/s41598-026-58868-2;ND;free;primary;not_applicable;ND;ND;https://www.aist.go.jp/aist_e/list/latest_research/2026/20260928/en20260928.html;ND;4;B;V2;200;V2: institution certifiée 3/3, URL ouverte anonymement, titre et contenu vérifiés automatiquement. V3 réservé à une validation plus forte.;4241b20856194974f2656468df2c89d37b03158f9862e5117fd78caccd7b537b
127;DOC-619EBE7946E43DC7949A;research;ND;Advanced General Intelligence for Science Program (AGIS) | RIKEN;https://www.riken.jp/en/research/labs/trip/agis/;ND;RIKEN;ND;Japan;Asia;public_research;ND;ND;2026-10-03T23:04:31.761Z;institutional_primary;en;AGIS program will introduce the technology of generative AI and will develop foundation models and AI agents for scientific research to further accelerate the research cycle, as well as strengthen activities to lead advanced science to social impact.;AGIS program will introduce the technology of generative AI and will develop foundation models and AI agents for scientific research to further accelerate the research cycle, as well as strengthen activities to lead advanced science to social impact.;ND;ND;ND;ND;ND;ND;ND;ND;free;primary;not_applicable;ND;ND;https://www.riken.jp/en/research/labs/trip/agis/;ND;3;B;V2;200;V2: institution certifiée 3/3, URL ouverte anonymement, titre et contenu vérifiés automatiquement. V3 réservé à une validation plus forte.;0df00b62f50df7b9e7b74354df13015820aae04de1a6b76a3ae1ddbd74acec40
128;DOC-70BECD494985D374786D;research;ND;Advanced Semiconductor Science Program (ASSP) | RIKEN;https://www.riken.jp/en/research/labs/trip/assp/;ND;RIKEN;ND;Japan;Asia;public_research;ND;ND;2026-10-03T23:04:31.787Z;institutional_primary;en;As the technology for generative AI develops and its use expands dramatically, reducing energy consumption has become an urgent issue. In order to achieve ultra-low power consumption for AI servers, technological innovation is required for the semiconductor devices used in generative AI. The Advanced Semiconductor Science Program (ASSP) promotes the design and development of semiconductor devices that can be used in next-generation supercomputing infrastructures, integrated device for advanced computational science, and the foundation for new science, such as quantum innovation, in collaboration with various research centers within RIKEN. In addition, we aim to reduce the cost of design and apply it to edge AI through collaboration with universities and companies in Japan and overseas.;As the technology for generative AI develops and its use expands dramatically, reducing energy consumption has become an urgent issue. In order to achieve ultra-low power consumption for AI servers, technological innovation is required for the semiconductor devices used in generative AI. The Advanced Semiconductor Science Program (ASSP) promotes the design and development of semiconductor devices that can be used in next-generation supercomputing infrastructures, integrated device for advanced computational science, and the foundation for new science, such as quantum innovation, in collaboration with various research centers within RIKEN. In addition, we aim to reduce the cost of design and apply it to edge AI through collaboration with universities and companies in Japan and overseas.;ND;ND;ND;ND;ND;ND;ND;ND;free;primary;not_applicable;ND;ND;https://www.riken.jp/en/research/labs/trip/assp/;ND;3;B;V2;200;V2: institution certifiée 3/3, URL ouverte anonymement, titre et contenu vérifiés automatiquement. V3 réservé à une validation plus forte.;34bbf914e445b30dee31600b18d01edc13db3ddcb733b6591b882a44baa13a58
129;DOC-F873A419073BB8DF21A5;research;ND;Data and Computational Sciences Integration Research Program (CoRe) | RIKEN;https://www.riken.jp/en/research/labs/trip/core/;ND;RIKEN;ND;Japan;Asia;public_research;ND;ND;2026-10-03T23:04:30.896Z;institutional_primary;en;"CoRe is a program carrying out research and development on the following themes: Construction and upgrading of a quantum-supercomputer hybrid platform; Development of a high-quality data storage and data use environment; Advanced simulation methods to make the best use of such data; Collaboration between data science and computational science and prediction algorithm development. We are expanding computationally viable regions and pioneering the science of predictive control in the future. The results of this research will be pioneeringly used for problems in diverse research fields, such as physics, chemistry, and life science. This program will find new scientific horizons and clues to solving global-scale issues, thereby opening up pathways of knowledge toward a better future.";"CoRe is a program carrying out research and development on the following themes: Construction and upgrading of a quantum-supercomputer hybrid platform; Development of a high-quality data storage and data use environment; Advanced simulation methods to make the best use of such data; Collaboration between data science and computational science and prediction algorithm development. We are expanding computationally viable regions and pioneering the science of predictive control in the future. The results of this research will be pioneeringly used for problems in diverse research fields, such as physics, chemistry, and life science. This program will find new scientific horizons and clues to solving global-scale issues, thereby opening up pathways of knowledge toward a better future.";ND;ND;ND;ND;ND;ND;ND;ND;free;primary;not_applicable;ND;ND;https://www.riken.jp/en/research/labs/trip/core/;ND;4;B;V2;200;V2: institution certifiée 3/3, URL ouverte anonymement, titre et contenu vérifiés automatiquement. V3 réservé à une validation plus forte.;6c7c7453ca60e8884faf8b68d24ee0136c31d00d7751331a28a42b5f689f4e4d
130;DOC-5D013E91AA618409F493;research;ND;ECL Unit Leader Leo Speidel elected a 2026 AYS Fellow in Life Sciences | RIKEN;https://www.riken.jp/en/news_pubs/news/2026/20260907_1/index.html;ND;RIKEN;ND;Japan;Asia;public_research;ND;ND;2026-10-03T23:04:32.046Z;institutional_primary;en;Leo Speidel, a RIKEN ECL Unit Leader at the RIKEN Center for Interdisciplinary Theoretical and Mathematical Sciences (iTHEMS) and RIKEN Pioneering Research Institute(PRI) , has been elected as a 2026 Asian Young Scientist (AYS) Fellow in Life Sciences. AYSF is a privately funded research fellowship that aims to encourage and support young scientists in Asia to carry out creative and transformative research. The Fellowship annually selects early-career scientists in three fundamental disciplines: 1) Life Science, 2) Physical Science, and 3) Mathematics and Computer Science. Speidel’s research focuses on the development and application of new mathematical and statistical techniques to reveal human evolution, with the goal of reconstructing genome-wide genealogies across individuals and species. He was selected for this year’s AYSF in recognition of his pioneering achievements.;Leo Speidel, a RIKEN ECL Unit Leader at the RIKEN Center for Interdisciplinary Theoretical and Mathematical Sciences (iTHEMS) and RIKEN Pioneering Research Institute(PRI) , has been elected as a 2026 Asian Young Scientist (AYS) Fellow in Life Sciences. AYSF is a privately funded research fellowship that aims to encourage and support young scientists in Asia to carry out creative and transformative research. The Fellowship annually selects early-career scientists in three fundamental disciplines: 1) Life Science, 2) Physical Science, and 3) Mathematics and Computer Science. Speidel’s research focuses on the development and application of new mathematical and statistical techniques to reveal human evolution, with the goal of reconstructing genome-wide genealogies across individuals and species. He was selected for this year’s AYSF in recognition of his pioneering achievements.;ND;ND;ND;ND;ND;ND;ND;ND;free;primary;not_applicable;ND;ND;https://www.riken.jp/en/news_pubs/news/2026/20260907_1/index.html;ND;2;B;V2;200;V2: institution certifiée 3/3, URL ouverte anonymement, titre et contenu vérifiés automatiquement. V3 réservé à une validation plus forte.;14b286b135b263aa4042b5331295e7aff38bba978e91db3cd497b9f462cf66ad
131;DOC-1C659255994C1BCA1686;research;ND;Fundamental Quantum Science Program (FQSP) | RIKEN;https://www.riken.jp/en/research/labs/trip/fqsp/;ND;RIKEN;ND;Japan;Asia;public_research;ND;ND;2026-10-03T23:04:31.736Z;institutional_primary;en;Although quantum science and technology are advancing rapidly, we still lack a deep understanding of their basic principles. Our Fundamental Quantum Science Program focuses on four key areas—basic physics and chemistry, mathematics, quantum information, and nonequilibrium science—returning to the foundations of quantum science and advancing research from a mid- to long-term perspective.;Although quantum science and technology are advancing rapidly, we still lack a deep understanding of their basic principles. Our Fundamental Quantum Science Program focuses on four key areas—basic physics and chemistry, mathematics, quantum information, and nonequilibrium science—returning to the foundations of quantum science and advancing research from a mid- to long-term perspective.;ND;ND;ND;ND;ND;ND;ND;ND;free;primary;not_applicable;ND;ND;https://www.riken.jp/en/research/labs/trip/fqsp/;ND;3;B;V2;200;V2: institution certifiée 3/3, URL ouverte anonymement, titre et contenu vérifiés automatiquement. V3 réservé à une validation plus forte.;6c11ff2445e1fb811b0eb23179af9016835ac719864aa73ca2c1c5d7d6b6012a
132;DOC-7DEA192AAA766E26BDBA;research;ND;Meet RIKEN's new laboratory heads (August 2026) | RIKEN;https://www.riken.jp/en/news_pubs/news/2026/20260820_1/index.html;ND;RIKEN;ND;Japan;Asia;public_research;ND;ND;2026-10-03T23:04:32.067Z;institutional_primary;en;Meet RIKEN's new laboratory heads (August 2026) | RIKEN Skip to main content Access Contact Us 日本語サイト Search About RIKEN Research News & Publications Careers Partnerships & Tech Transfer Home News & Publications News News 2026 Please enable JavaScript in your browser. Tweet Previous Index Next Aug. 20, 2026 Meet RIKEN's new laboratory heads (August 2026) Japanese Page Three new laboratory heads have been appointed to RIKEN. August 1, 2026 Kantaro Ohmori RIKEN ECL Unit Leader RIKEN Center for Interdisciplinary Theoretical and Mathematical Sciences Division of Fundamental Mathematical Science Category Theoretical Physics RIKEN ECL Research Unit RIKEN Pioneering Research Institute Category Theoretical Physics RIKEN ECL Research Unit Mariko Kikuchi RIKEN ECL Unit Leader RIKEN Center for Biosystems Dynamics Research Sexual Reproduction System RIKEN ECL Research Unit RIKEN Pioneering Research ;Meet RIKEN's new laboratory heads (August 2026) | RIKEN Skip to main content Access Contact Us 日本語サイト Search About RIKEN Research News & Publications Careers Partnerships & Tech Transfer Home News & Publications News News 2026 Please enable JavaScript in your browser. Tweet Previous Index Next Aug. 20, 2026 Meet RIKEN's new laboratory heads (August 2026) Japanese Page Three new laboratory heads have been appointed to RIKEN. August 1, 2026 Kantaro Ohmori RIKEN ECL Unit Leader RIKEN Center for Interdisciplinary Theoretical and Mathematical Sciences Division of Fundamental Mathematical Science Category Theoretical Physics RIKEN ECL Research Unit RIKEN Pioneering Research Institute Category Theoretical Physics RIKEN ECL Research Unit Mariko Kikuchi RIKEN ECL Unit Leader RIKEN Center for Biosystems Dynamics Research Sexual Reproduction System RIKEN ECL Research Unit RIKEN Pioneering Research ;ND;ND;ND;ND;ND;ND;ND;ND;free;primary;not_applicable;ND;ND;https://www.riken.jp/en/news_pubs/news/2026/20260820_1/index.html;ND;2;B;V2;200;V2: institution certifiée 3/3, URL ouverte anonymement, titre et contenu vérifiés automatiquement. V3 réservé à une validation plus forte.;f117417a0d42cef76d8f6605bb204f5d0b7fc5241467955c721f173b5d15ff08
133;DOC-8D5E9FD076744264E260;research;ND;Resources and Facilities | RIKEN;https://www.riken.jp/en/collab/resources/;ND;RIKEN;ND;Japan;Asia;public_research;ND;ND;2026-10-03T23:04:32.059Z;institutional_primary;en;RIKEN centers provide high-quality, high-performance equipment and world-class experimental facilities enabling research at the forefront of science and technology, both for researchers within RIKEN and to collaborators from around the world. In addition, we have a number of resources that contribute to research carried out by scientists around the globe.;RIKEN centers provide high-quality, high-performance equipment and world-class experimental facilities enabling research at the forefront of science and technology, both for researchers within RIKEN and to collaborators from around the world. In addition, we have a number of resources that contribute to research carried out by scientists around the globe.;ND;ND;ND;ND;ND;ND;ND;ND;free;primary;not_applicable;ND;ND;https://www.riken.jp/en/collab/resources/;ND;2;B;V2;200;V2: institution certifiée 3/3, URL ouverte anonymement, titre et contenu vérifiés automatiquement. V3 réservé à une validation plus forte.;1ecd836f81cd88685ddf830c51f3e27393b633676789e26f8be8af1b8ac0bf9c
134;DOC-2C7487AD17238B4EDD5C;research;ND;RIKEN and Argonne National Laboratory sign MOU on AI for Science | RIKEN;https://www.riken.jp/en/news_pubs/news/2024/20240411_1/;ND;RIKEN;ND;Japan;Asia;public_research;ND;ND;2026-10-03T23:04:30.733Z;institutional_primary;en;In the United States-Japan Joint Leaders’ Statement released today, the collaboration between RIKEN and Argonne National Laboratory on AI for Science was welcomed.;In the United States-Japan Joint Leaders’ Statement released today, the collaboration between RIKEN and Argonne National Laboratory on AI for Science was welcomed.;ND;ND;ND;ND;ND;ND;ND;ND;free;primary;not_applicable;ND;ND;https://www.riken.jp/en/news_pubs/news/2024/20240411_1/;ND;3;B;V2;200;V2: institution certifiée 3/3, URL ouverte anonymement, titre et contenu vérifiés automatiquement. V3 réservé à une validation plus forte.;d2f52660d507ae99217e863489617a623d8e028266f59efeab7703633c6dfba1
135;DOC-9E6197E0776D359A4C03;research;ND;RIKEN Center for Sustainable Resource Science | RIKEN;https://www.riken.jp/en/research/labs/csrs/;ND;RIKEN;ND;Japan;Asia;public_research;ND;ND;2026-10-03T23:04:31.322Z;institutional_primary;en;Human activities are rapidly pushing the resilience and stability that the Earth system naturally possesses to its limits. To contribute to the harmony between human activities and the Earth system, the Center for Sustainable Resource Science (CSRS) is promoting four strategic programs: 'Sustainable Bioproduction', 'Material Circulation and Catalysis', 'Symbiosis and Environment', and 'Advanced Research and Technology Platforms'. CSRS is advancing the development of stress-resistant plants and environmentally friendly crop production technologies, and is engaged in manufacturing that utilizes the power of organisms and catalysts. By collaborating with researchers in the computational science and the prediction science, as well as experts from the humanities and social sciences fields, CSRS aims to bring the achievements of fundamental science to society. Through the power of science, CSR;Human activities are rapidly pushing the resilience and stability that the Earth system naturally possesses to its limits. To contribute to the harmony between human activities and the Earth system, the Center for Sustainable Resource Science (CSRS) is promoting four strategic programs: 'Sustainable Bioproduction', 'Material Circulation and Catalysis', 'Symbiosis and Environment', and 'Advanced Research and Technology Platforms'. CSRS is advancing the development of stress-resistant plants and environmentally friendly crop production technologies, and is engaged in manufacturing that utilizes the power of organisms and catalysts. By collaborating with researchers in the computational science and the prediction science, as well as experts from the humanities and social sciences fields, CSRS aims to bring the achievements of fundamental science to society. Through the power of science, CSR;ND;ND;ND;ND;ND;ND;ND;ND;free;primary;not_applicable;ND;ND;https://www.riken.jp/en/research/labs/csrs/;ND;3;B;V2;200;V2: institution certifiée 3/3, URL ouverte anonymement, titre et contenu vérifiés automatiquement. V3 réservé à une validation plus forte.;fdeb1632fcecaa1ce9c612e5c0c58f8dc269308b04243ced89f7b19f88fb698c
136;DOC-755A8BF97FF4B5A50B1C;research;ND;RIKEN establishes innovation company | RIKEN;https://www.riken.jp/en/news_pubs/news/2019/20191217_3/;ND;RIKEN;ND;Japan;Asia;public_research;ND;ND;2026-10-03T23:04:31.912Z;institutional_primary;en;On September 5, RIKEN established a fully-owned subsidiary, RIKEN Innovation, Co., Ltd., which will work to improve communication between private industry and RIKEN, and to support collaborative projects. This move was made possible by a new law passed in January of this year which allows National Research and Development Institutes such as RIKEN to establish subsidiaries to carry out work related to licensing technologies and conducting joint research with the private sector. Starting on December 1, the new company began carrying out business on behalf of RIKEN. Simultaneously, RIKEN's Cluster for Innovation, which previously handled such work, was shut down.;On September 5, RIKEN established a fully-owned subsidiary, RIKEN Innovation, Co., Ltd., which will work to improve communication between private industry and RIKEN, and to support collaborative projects. This move was made possible by a new law passed in January of this year which allows National Research and Development Institutes such as RIKEN to establish subsidiaries to carry out work related to licensing technologies and conducting joint research with the private sector. Starting on December 1, the new company began carrying out business on behalf of RIKEN. Simultaneously, RIKEN's Cluster for Innovation, which previously handled such work, was shut down.;ND;ND;ND;ND;ND;ND;ND;ND;free;primary;not_applicable;ND;ND;https://www.riken.jp/en/news_pubs/news/2019/20191217_3/;ND;2;B;V2;200;V2: institution certifiée 3/3, URL ouverte anonymement, titre et contenu vérifiés automatiquement. V3 réservé à une validation plus forte.;c6a96ac8bc3033672c23c83679f284ecf09f86afc5d36261cd661091c2028b93
137;DOC-F5386C70A7E2A5610FE7;research;ND;RIKEN Industrial Co-creation Program (ICoP) | RIKEN;https://www.riken.jp/en/research/labs/trip/icop/;ND;RIKEN;ND;Japan;Asia;public_research;ND;ND;2026-10-03T23:04:31.691Z;institutional_primary;en;Research topics and technological “seeds” shared by RIKEN and industry partners are deployed into a joint research or problem-solving project set up under the auspices of the RIKEN Industrial Co-creation Program (ICoP).;Research topics and technological “seeds” shared by RIKEN and industry partners are deployed into a joint research or problem-solving project set up under the auspices of the RIKEN Industrial Co-creation Program (ICoP).;ND;ND;ND;ND;ND;ND;ND;ND;free;primary;not_applicable;ND;ND;https://www.riken.jp/en/research/labs/trip/icop/;ND;3;B;V2;200;V2: institution certifiée 3/3, URL ouverte anonymement, titre et contenu vérifiés automatiquement. V3 réservé à une validation plus forte.;7eab5cee8c0e7d97516f503fd527b1e97cef9c681d258d9dacf5f8e126f05085
138;DOC-1486E9ED89EFBB277D56;research;ND;RIKEN Program for Drug Discovery and Medical Technology Platforms (DMP) | RIKEN;https://www.riken.jp/en/research/labs/trip/dmp/;ND;RIKEN;ND;Japan;Asia;public_research;ND;ND;2026-10-03T23:04:30.787Z;institutional_primary;en;Drug discovery is the process of identifying disease-causing molecules and developing appropriate therapeutic modalities to modulate them, ultimately translating these advances into medical practice.;Drug discovery is the process of identifying disease-causing molecules and developing appropriate therapeutic modalities to modulate them, ultimately translating these advances into medical practice.;ND;ND;ND;ND;ND;ND;ND;ND;free;primary;not_applicable;ND;ND;https://www.riken.jp/en/research/labs/trip/dmp/;ND;4;B;V2;200;V2: institution certifiée 3/3, URL ouverte anonymement, titre et contenu vérifiés automatiquement. V3 réservé à une validation plus forte.;3e3ea15705077991f7270888219939fed0e2bc5f673e2e34367ad3d0c64d3bb7
139;DOC-656CB168C92298247E1E;research;ND;Sustainability for the Future 2050: RIKEN’s action plan to create a future together with the environment | RIKEN;https://www.riken.jp/en/news_pubs/news/2026/20260602_2/index.html;ND;RIKEN;ND;Japan;Asia;public_research;ND;ND;2026-10-03T23:04:32.058Z;institutional_primary;en;On June 1, Sustainability for the Future 2050: RIKEN’s action plan to create a future together with the environment, was adopted based on the basic policy in the 5th Mid- to Long-term Plan target period pertaining to environmental measures.;On June 1, Sustainability for the Future 2050: RIKEN’s action plan to create a future together with the environment, was adopted based on the basic policy in the 5th Mid- to Long-term Plan target period pertaining to environmental measures.;ND;ND;ND;ND;ND;ND;ND;ND;free;primary;not_applicable;ND;ND;https://www.riken.jp/en/news_pubs/news/2026/20260602_2/index.html;ND;2;B;V2;200;V2: institution certifiée 3/3, URL ouverte anonymement, titre et contenu vérifiés automatiquement. V3 réservé à une validation plus forte.;8eda5d8ec8f93afe9882ad5864c0336c7edb00c60996741ddaef2c4676da348b
140;DOC-E13E9CFFFA2BBE59170B;research;ND;Technology Transfer | RIKEN;https://www.riken.jp/en/collab/transfer/;ND;RIKEN;ND;Japan;Asia;public_research;ND;ND;2026-10-03T23:04:32.065Z;institutional_primary;en;Transforming discoveries and breakthroughs into applications that contribute to a better society is central to RIKEN's mission. Read about RIKEN's technology transfer activity and its products in the sections below.;Transforming discoveries and breakthroughs into applications that contribute to a better society is central to RIKEN's mission. Read about RIKEN's technology transfer activity and its products in the sections below.;ND;ND;ND;ND;ND;ND;ND;ND;free;primary;not_applicable;ND;ND;https://www.riken.jp/en/collab/transfer/;ND;2;B;V2;200;V2: institution certifiée 3/3, URL ouverte anonymement, titre et contenu vérifiés automatiquement. V3 réservé à une validation plus forte.;cc65b9155b40ed9066c76b6322ab2e6986d3991912d9cfa3556ebafb78328032
141;DOC-331773DAC6F98BFDFF4D;research;ND;The wisdom of the egg cell | RIKEN;https://www.riken.jp/en/news_pubs/research_news/closeup/2026/20260828_1/index.html;ND;RIKEN;ND;Japan;Asia;public_research;ND;ND;2026-10-03T23:04:32.351Z;institutional_primary;en;Azusa Inoue talks about how the epigenome of the oocyte plays important roles in the development.;Azusa Inoue talks about how the epigenome of the oocyte plays important roles in the development.;ND;ND;ND;ND;ND;10.1016/j.molcel.2026.03.014;10.1016/j.molcel.2026.03.014;ND;free;primary;not_applicable;ND;ND;https://www.riken.jp/en/news_pubs/research_news/closeup/2026/20260828_1/index.html;ND;2;B;V2;200;V2: institution certifiée 3/3, URL ouverte anonymement, titre et contenu vérifiés automatiquement. V3 réservé à une validation plus forte.;f47243250842c426a989eb546d60f73fd1366e5687a974075f1be4ff4fef3b7d
142;DOC-5968074F5DCA978FCDE9;research;ND;한국식품연구원;https://www.kfri.re.kr/web/board/10/35413;ND;eng.kfri.re.kr;ND;South Korea;Asia;official_research_institution;ND;ND;2026-10-03T23:02:57.316Z;institutional_primary;en;한국식품연구원 본문으로 바로가기 메인메뉴 바로가기 ▲ KFRI 소개 KFRI 소개 원장인사말 설립목적 및 연혁 설립목적 및 기능 연혁 비전 및 발전목표 조직도 및 직원 조직도 연구자·직원검색 주요업무 연락처 감사부 전략기획본부소개 경영지원본부소개 대외협력 UST 석박사과정 UST 계약학과 학연 석박사과정 산연협동 국제협력 경영공시 KFRI 홍보관 홍보동영상 CI 소개 홍보 브로슈어(PDF) 안전경영방침 윤리경영 윤리헌장 수의계약현황 부패징계현황 윤리위반 신고센터 오시는길 오시는길 건물배치도 연구공간 연구공간 중점 연구분야 국민건강 증진 국민안전먹거리 제공 식품산업 경쟁력 강화 기타 연구분야 연구성과 현황 주요 연구성과 지식재산권 논문 기술이전 식품융합연구본부 가공공정연구단 발효융합연구단 안전유통연구단 스마트제조연구단 식품기능연구본부 기능성플랫폼연구단 노화연구단 마이크로바이옴연구단 정밀식이연구단 식품산업연구본부 기술지원사업화센터 식품표준연구센터 분석인프라지원센터 K-푸드수출지원센터 알림공간 알림공간 보도자료 공지사항 전자조달시스템 구매(입찰)정보 사전규격 입찰공고 개찰결과 계약현황 채용정보 포토뉴스 발간자료 참여공간 참여공간 고객센터 기술상담(Q&A) 고객의소리(Q&A) 견학안내 공동활용 연구시설·장비 공공지원 공공지원 전통식품 품질인증 KS 제품인증 제도 원산지인증제도 술 품질인증제도 식품 데이터 플랫폼 식품 소재 은행 식품 미생물 소재 은행 식품기능성평가지원 사업 식품분석 및 검사 일반의뢰분석 수수료 감각(관능)평가 할랄·비건 분석의뢰 정보공개 정보공개 정보공개제도 안내 청구권자 및 대상 정보 처리절차(링크) 비공개대상정보 관련법령(다운로드) 수수료 정보 사전정보공개 감사결과공개 감사결과공개 NST감사위원회 감사원 업무추진비 공개 공공데이터 개방 공공데이터 개방 논문발표 지식재산권 ;한국식품연구원 본문으로 바로가기 메인메뉴 바로가기 ▲ KFRI 소개 KFRI 소개 원장인사말 설립목적 및 연혁 설립목적 및 기능 연혁 비전 및 발전목표 조직도 및 직원 조직도 연구자·직원검색 주요업무 연락처 감사부 전략기획본부소개 경영지원본부소개 대외협력 UST 석박사과정 UST 계약학과 학연 석박사과정 산연협동 국제협력 경영공시 KFRI 홍보관 홍보동영상 CI 소개 홍보 브로슈어(PDF) 안전경영방침 윤리경영 윤리헌장 수의계약현황 부패징계현황 윤리위반 신고센터 오시는길 오시는길 건물배치도 연구공간 연구공간 중점 연구분야 국민건강 증진 국민안전먹거리 제공 식품산업 경쟁력 강화 기타 연구분야 연구성과 현황 주요 연구성과 지식재산권 논문 기술이전 식품융합연구본부 가공공정연구단 발효융합연구단 안전유통연구단 스마트제조연구단 식품기능연구본부 기능성플랫폼연구단 노화연구단 마이크로바이옴연구단 정밀식이연구단 식품산업연구본부 기술지원사업화센터 식품표준연구센터 분석인프라지원센터 K-푸드수출지원센터 알림공간 알림공간 보도자료 공지사항 전자조달시스템 구매(입찰)정보 사전규격 입찰공고 개찰결과 계약현황 채용정보 포토뉴스 발간자료 참여공간 참여공간 고객센터 기술상담(Q&A) 고객의소리(Q&A) 견학안내 공동활용 연구시설·장비 공공지원 공공지원 전통식품 품질인증 KS 제품인증 제도 원산지인증제도 술 품질인증제도 식품 데이터 플랫폼 식품 소재 은행 식품 미생물 소재 은행 식품기능성평가지원 사업 식품분석 및 검사 일반의뢰분석 수수료 감각(관능)평가 할랄·비건 분석의뢰 정보공개 정보공개 정보공개제도 안내 청구권자 및 대상 정보 처리절차(링크) 비공개대상정보 관련법령(다운로드) 수수료 정보 사전정보공개 감사결과공개 감사결과공개 NST감사위원회 감사원 업무추진비 공개 공공데이터 개방 공공데이터 개방 논문발표 지식재산권 ;ND;ND;ND;ND;ND;ND;ND;ND;free;primary;not_applicable;ND;ND;https://www.kfri.re.kr/web/board/10/35413;ND;1;B;V2;200;V2: institution certifiée 3/3, URL ouverte anonymement, titre et contenu vérifiés automatiquement. V3 réservé à une validation plus forte.;ea7bd8f611f50b658b3f33b4d7862cc8e7a0db8ee55987b51e11efb547c8417d
143;DOC-04AB7D50D92DA9D4567B;research;ND;한국식품연구원;https://www.kfri.re.kr/web/board/10/35421;ND;eng.kfri.re.kr;ND;South Korea;Asia;official_research_institution;ND;ND;2026-10-03T23:02:57.504Z;institutional_primary;en;2026. 9. 17.(목) 한국식품연구원과 (주)엘지생활건강이 건강기능식품 신소재 및 분석기술 개발 등 분야에서 연구·사업화 협력을 위한 업무협약을 체결하였습니다.;2026. 9. 17.(목) 한국식품연구원과 (주)엘지생활건강이 건강기능식품 신소재 및 분석기술 개발 등 분야에서 연구·사업화 협력을 위한 업무협약을 체결하였습니다.;ND;ND;ND;ND;ND;ND;ND;ND;free;primary;not_applicable;ND;ND;https://www.kfri.re.kr/web/board/10/35421;ND;1;B;V2;200;V2: institution certifiée 3/3, URL ouverte anonymement, titre et contenu vérifiés automatiquement. V3 réservé à une validation plus forte.;1dea7ef5fb341a0e869f7e03bd05c4249640b4c2b2f19909ec97a2ccdaef7f5a
144;DOC-5218131640B3A5C77312;research;ND;한국식품연구원;https://www.kfri.re.kr/web/board/10/35426;ND;eng.kfri.re.kr;ND;South Korea;Asia;official_research_institution;ND;ND;2026-10-03T23:02:57.573Z;institutional_primary;en;이번 행사에서는 9개 바이오 기관과 전북도청 농생명축산식품국이 참여하여, 협력 강화를 통한 바이오산업 육성 방안 등을 논의하는 시간을 가졌습니다.;이번 행사에서는 9개 바이오 기관과 전북도청 농생명축산식품국이 참여하여, 협력 강화를 통한 바이오산업 육성 방안 등을 논의하는 시간을 가졌습니다.;ND;ND;ND;ND;ND;ND;ND;ND;free;primary;not_applicable;ND;ND;https://www.kfri.re.kr/web/board/10/35426;ND;1;B;V2;200;V2: institution certifiée 3/3, URL ouverte anonymement, titre et contenu vérifiés automatiquement. V3 réservé à une validation plus forte.;30e17e62c3fd52d3bbd2fa72ec99c068fde25ba62399a70658f826846e8265b5
145;DOC-EDE72F6C4CBE1212566B;research;ND;한국식품연구원;https://www.kfri.re.kr/web/board/10/35427;ND;eng.kfri.re.kr;ND;South Korea;Asia;official_research_institution;ND;ND;2026-10-03T23:02:57.774Z;institutional_primary;en;한국식품연구원 본문으로 바로가기 메인메뉴 바로가기 ▲ KFRI 소개 KFRI 소개 원장인사말 설립목적 및 연혁 설립목적 및 기능 연혁 비전 및 발전목표 조직도 및 직원 조직도 연구자·직원검색 주요업무 연락처 감사부 전략기획본부소개 경영지원본부소개 대외협력 UST 석박사과정 UST 계약학과 학연 석박사과정 산연협동 국제협력 경영공시 KFRI 홍보관 홍보동영상 CI 소개 홍보 브로슈어(PDF) 안전경영방침 윤리경영 윤리헌장 수의계약현황 부패징계현황 윤리위반 신고센터 오시는길 오시는길 건물배치도 연구공간 연구공간 중점 연구분야 국민건강 증진 국민안전먹거리 제공 식품산업 경쟁력 강화 기타 연구분야 연구성과 현황 주요 연구성과 지식재산권 논문 기술이전 식품융합연구본부 가공공정연구단 발효융합연구단 안전유통연구단 스마트제조연구단 식품기능연구본부 기능성플랫폼연구단 노화연구단 마이크로바이옴연구단 정밀식이연구단 식품산업연구본부 기술지원사업화센터 식품표준연구센터 분석인프라지원센터 K-푸드수출지원센터 알림공간 알림공간 보도자료 공지사항 전자조달시스템 구매(입찰)정보 사전규격 입찰공고 개찰결과 계약현황 채용정보 포토뉴스 발간자료 참여공간 참여공간 고객센터 기술상담(Q&A) 고객의소리(Q&A) 견학안내 공동활용 연구시설·장비 공공지원 공공지원 전통식품 품질인증 KS 제품인증 제도 원산지인증제도 술 품질인증제도 식품 데이터 플랫폼 식품 소재 은행 식품 미생물 소재 은행 식품기능성평가지원 사업 식품분석 및 검사 일반의뢰분석 수수료 감각(관능)평가 할랄·비건 분석의뢰 정보공개 정보공개 정보공개제도 안내 청구권자 및 대상 정보 처리절차(링크) 비공개대상정보 관련법령(다운로드) 수수료 정보 사전정보공개 감사결과공개 감사결과공개 NST감사위원회 감사원 업무추진비 공개 공공데이터 개방 공공데이터 개방 논문발표 지식재산권 ;한국식품연구원 본문으로 바로가기 메인메뉴 바로가기 ▲ KFRI 소개 KFRI 소개 원장인사말 설립목적 및 연혁 설립목적 및 기능 연혁 비전 및 발전목표 조직도 및 직원 조직도 연구자·직원검색 주요업무 연락처 감사부 전략기획본부소개 경영지원본부소개 대외협력 UST 석박사과정 UST 계약학과 학연 석박사과정 산연협동 국제협력 경영공시 KFRI 홍보관 홍보동영상 CI 소개 홍보 브로슈어(PDF) 안전경영방침 윤리경영 윤리헌장 수의계약현황 부패징계현황 윤리위반 신고센터 오시는길 오시는길 건물배치도 연구공간 연구공간 중점 연구분야 국민건강 증진 국민안전먹거리 제공 식품산업 경쟁력 강화 기타 연구분야 연구성과 현황 주요 연구성과 지식재산권 논문 기술이전 식품융합연구본부 가공공정연구단 발효융합연구단 안전유통연구단 스마트제조연구단 식품기능연구본부 기능성플랫폼연구단 노화연구단 마이크로바이옴연구단 정밀식이연구단 식품산업연구본부 기술지원사업화센터 식품표준연구센터 분석인프라지원센터 K-푸드수출지원센터 알림공간 알림공간 보도자료 공지사항 전자조달시스템 구매(입찰)정보 사전규격 입찰공고 개찰결과 계약현황 채용정보 포토뉴스 발간자료 참여공간 참여공간 고객센터 기술상담(Q&A) 고객의소리(Q&A) 견학안내 공동활용 연구시설·장비 공공지원 공공지원 전통식품 품질인증 KS 제품인증 제도 원산지인증제도 술 품질인증제도 식품 데이터 플랫폼 식품 소재 은행 식품 미생물 소재 은행 식품기능성평가지원 사업 식품분석 및 검사 일반의뢰분석 수수료 감각(관능)평가 할랄·비건 분석의뢰 정보공개 정보공개 정보공개제도 안내 청구권자 및 대상 정보 처리절차(링크) 비공개대상정보 관련법령(다운로드) 수수료 정보 사전정보공개 감사결과공개 감사결과공개 NST감사위원회 감사원 업무추진비 공개 공공데이터 개방 공공데이터 개방 논문발표 지식재산권 ;ND;ND;ND;ND;ND;ND;ND;ND;free;primary;not_applicable;ND;ND;https://www.kfri.re.kr/web/board/10/35427;ND;1;B;V2;200;V2: institution certifiée 3/3, URL ouverte anonymement, titre et contenu vérifiés automatiquement. V3 réservé à une validation plus forte.;bcab15a2730d2b716aea1971051d93a2f1338c6aef590894fe3a684f7f571d73
146;DOC-918DB7652255F2681774;research;ND;AI-Integrated Geoscience Research Department | GEO-Resources Convergence Knowledge Division | R&D Division : KOREA INSTITUTE OF GEOSCIENCE AND MINERAL RESOURCES;https://www.kigam.re.kr/menu.es?mid=a20706030000;ND;english.kigam.re.kr;KOREA INSTITUTE OF GEOSCIENCE AND MINERAL RESOURCES;South Korea;Asia;official_research_institution;ND;ND;2026-10-03T23:02:54.604Z;institutional_primary;en;KOREA INSTITUTE OF GEOSCIENCE AND MINERAL RESOURCES,AI-Integrated Geoscience Research Department | GEO-Resources Convergence Knowledge Division | R&D Division;KOREA INSTITUTE OF GEOSCIENCE AND MINERAL RESOURCES,AI-Integrated Geoscience Research Department | GEO-Resources Convergence Knowledge Division | R&D Division;ND;ND;ND;ND;ND;ND;ND;ND;free;primary;not_applicable;ND;ND;https://www.kigam.re.kr/menu.es?mid=a20706030000;ND;2;B;V2;200;V2: institution certifiée 3/3, URL ouverte anonymement, titre et contenu vérifiés automatiquement. V3 réservé à une validation plus forte.;e187ab36d53124d988470dc195bdb43e96c8ee04679fa3e9fa9afbd546ced5ca
147;DOC-0ECC5CC511B0DF1BCB43;research;ND;Deep Geological Disposal & Energy Storage Research Center | Geological Safety Division | R&D Division : KOREA INSTITUTE OF GEOSCIENCE AND MINERAL RESOURCES;https://www.kigam.re.kr/menu.es?mid=a20705040000;ND;english.kigam.re.kr;KOREA INSTITUTE OF GEOSCIENCE AND MINERAL RESOURCES;South Korea;Asia;official_research_institution;ND;ND;2026-10-03T23:02:54.641Z;institutional_primary;en;KOREA INSTITUTE OF GEOSCIENCE AND MINERAL RESOURCES,Deep Geological Disposal & Energy Storage Research Center | Geological Safety Division | R&D Division;KOREA INSTITUTE OF GEOSCIENCE AND MINERAL RESOURCES,Deep Geological Disposal & Energy Storage Research Center | Geological Safety Division | R&D Division;ND;ND;ND;ND;ND;ND;ND;ND;free;primary;not_applicable;ND;ND;https://www.kigam.re.kr/menu.es?mid=a20705040000;ND;2;B;V2;200;V2: institution certifiée 3/3, URL ouverte anonymement, titre et contenu vérifiés automatiquement. V3 réservé à une validation plus forte.;5ce0e2f636f31b35f1b61bd9915e7b3a2e090eb1844e7e0f978c87a9c990627e
148;DOC-3640420F7E3B4CD7E2B9;research;ND;Environmental Geology Research Center | Geo-Environment Research Division | R&D Division : KOREA INSTITUTE OF GEOSCIENCE AND MINERAL RESOURCES;https://www.kigam.re.kr/menu.es?mid=a20703050000;ND;english.kigam.re.kr;KOREA INSTITUTE OF GEOSCIENCE AND MINERAL RESOURCES;South Korea;Asia;official_research_institution;ND;ND;2026-10-03T23:02:53.983Z;institutional_primary;en;KOREA INSTITUTE OF GEOSCIENCE AND MINERAL RESOURCES,Environmental Geology Research Center | Geo-Environment Research Division | R&D Division;KOREA INSTITUTE OF GEOSCIENCE AND MINERAL RESOURCES,Environmental Geology Research Center | Geo-Environment Research Division | R&D Division;ND;ND;ND;ND;ND;ND;ND;ND;free;primary;not_applicable;ND;ND;https://www.kigam.re.kr/menu.es?mid=a20703050000;ND;2;B;V2;200;V2: institution certifiée 3/3, URL ouverte anonymement, titre et contenu vérifiés automatiquement. V3 réservé à une validation plus forte.;c294fd66392c42e2ca6923e51a6a45ed62b3807a17f19aa861a140247517a7ff
149;DOC-874721441D4185AC8676;research;ND;Geoscience Data Research Department | GEO-Resources Convergence Knowledge Division | R&D Division : KOREA INSTITUTE OF GEOSCIENCE AND MINERAL RESOURCES;https://www.kigam.re.kr/menu.es?mid=a20706020000;ND;english.kigam.re.kr;KOREA INSTITUTE OF GEOSCIENCE AND MINERAL RESOURCES;South Korea;Asia;official_research_institution;ND;ND;2026-10-03T23:02:53.316Z;institutional_primary;en;KOREA INSTITUTE OF GEOSCIENCE AND MINERAL RESOURCES,Geoscience Data Research Department | GEO-Resources Convergence Knowledge Division | R&D Division;KOREA INSTITUTE OF GEOSCIENCE AND MINERAL RESOURCES,Geoscience Data Research Department | GEO-Resources Convergence Knowledge Division | R&D Division;ND;ND;ND;ND;ND;ND;ND;ND;free;primary;not_applicable;ND;ND;https://www.kigam.re.kr/menu.es?mid=a20706020000;ND;3;B;V2;200;V2: institution certifiée 3/3, URL ouverte anonymement, titre et contenu vérifiés automatiquement. V3 réservé à une validation plus forte.;08731e737cdedeb43e433330e44666fb636cc6edf552f92e07adae5cd444526a
150;DOC-002F9A92FE9F989E44C8;research;ND;Groundwater Environment Research Center | Geo-Environment Research Division | R&D Division : KOREA INSTITUTE OF GEOSCIENCE AND MINERAL RESOURCES;https://www.kigam.re.kr/menu.es?mid=a20703040000;ND;english.kigam.re.kr;KOREA INSTITUTE OF GEOSCIENCE AND MINERAL RESOURCES;South Korea;Asia;official_research_institution;ND;ND;2026-10-03T23:02:53.969Z;institutional_primary;en;KOREA INSTITUTE OF GEOSCIENCE AND MINERAL RESOURCES,Groundwater Environment Research Center | Geo-Environment Research Division | R&D Division;KOREA INSTITUTE OF GEOSCIENCE AND MINERAL RESOURCES,Groundwater Environment Research Center | Geo-Environment Research Division | R&D Division;ND;ND;ND;ND;ND;ND;ND;ND;free;primary;not_applicable;ND;ND;https://www.kigam.re.kr/menu.es?mid=a20703040000;ND;2;B;V2;200;V2: institution certifiée 3/3, URL ouverte anonymement, titre et contenu vérifiés automatiquement. V3 réservé à une validation plus forte.;debc9b95dd7c9d8851c1648d13f37e1a72d291bb168011d4377666da78933f8e
151;DOC-E56CFD9828732498FE6F;research;ND;Groundwater Resources Research Center | Geo-Environment Research Division | R&D Division : KOREA INSTITUTE OF GEOSCIENCE AND MINERAL RESOURCES;https://www.kigam.re.kr/menu.es?mid=a20703030000;ND;english.kigam.re.kr;KOREA INSTITUTE OF GEOSCIENCE AND MINERAL RESOURCES;South Korea;Asia;official_research_institution;ND;ND;2026-10-03T23:02:53.984Z;institutional_primary;en;KOREA INSTITUTE OF GEOSCIENCE AND MINERAL RESOURCES,Groundwater Resources Research Center | Geo-Environment Research Division | R&D Division;KOREA INSTITUTE OF GEOSCIENCE AND MINERAL RESOURCES,Groundwater Resources Research Center | Geo-Environment Research Division | R&D Division;ND;ND;ND;ND;ND;ND;ND;ND;free;primary;not_applicable;ND;ND;https://www.kigam.re.kr/menu.es?mid=a20703030000;ND;2;B;V2;200;V2: institution certifiée 3/3, URL ouverte anonymement, titre et contenu vérifiés automatiquement. V3 réservé à une validation plus forte.;388faf00cc395867e8a9eb806feeb45b4da4295e586d34be4be15e094af43961
152;DOC-31E677033C15182EB4D2;research;ND;Intro | Geo-Environment Research Division | R&D Division : KOREA INSTITUTE OF GEOSCIENCE AND MINERAL RESOURCES;https://www.kigam.re.kr/menu.es?mid=a20703010000;ND;english.kigam.re.kr;KOREA INSTITUTE OF GEOSCIENCE AND MINERAL RESOURCES;South Korea;Asia;official_research_institution;ND;ND;2026-10-03T23:02:54.261Z;institutional_primary;en;KOREA INSTITUTE OF GEOSCIENCE AND MINERAL RESOURCES,Intro | Geo-Environment Research Division | R&D Division;KOREA INSTITUTE OF GEOSCIENCE AND MINERAL RESOURCES,Intro | Geo-Environment Research Division | R&D Division;ND;ND;ND;ND;ND;ND;ND;ND;free;primary;not_applicable;ND;ND;https://www.kigam.re.kr/menu.es?mid=a20703010000;ND;2;B;V2;200;V2: institution certifiée 3/3, URL ouverte anonymement, titre et contenu vérifiés automatiquement. V3 réservé à une validation plus forte.;4836350316fdf8d5ab27f513691d99d8d745d298521d308f2b2ea955564c9555
153;DOC-301FCACFCC2718F49047;research;ND;Intro | GEO-Resources Convergence Knowledge Division | R&D Division : KOREA INSTITUTE OF GEOSCIENCE AND MINERAL RESOURCES;https://www.kigam.re.kr/menu.es?mid=a20706010000;ND;english.kigam.re.kr;KOREA INSTITUTE OF GEOSCIENCE AND MINERAL RESOURCES;South Korea;Asia;official_research_institution;ND;ND;2026-10-03T23:02:54.746Z;institutional_primary;en;KOREA INSTITUTE OF GEOSCIENCE AND MINERAL RESOURCES,Intro | GEO-Resources Convergence Knowledge Division | R&D Division;KOREA INSTITUTE OF GEOSCIENCE AND MINERAL RESOURCES,Intro | GEO-Resources Convergence Knowledge Division | R&D Division;ND;ND;ND;ND;ND;ND;ND;ND;free;primary;not_applicable;ND;ND;https://www.kigam.re.kr/menu.es?mid=a20706010000;ND;2;B;V2;200;V2: institution certifiée 3/3, URL ouverte anonymement, titre et contenu vérifiés automatiquement. V3 réservé à une validation plus forte.;9db696fa4a3b2fc99c2235c76a898fe3d5a09adff74f7e5507c3f94e6e4b8d15
154;DOC-53BEA69F2F94DD1637A6;research;ND;Intro | Resource Exploration and Development Research Division | R&D Division : KOREA INSTITUTE OF GEOSCIENCE AND MINERAL RESOURCES;https://www.kigam.re.kr/menu.es?mid=a20702010000;ND;english.kigam.re.kr;KOREA INSTITUTE OF GEOSCIENCE AND MINERAL RESOURCES;South Korea;Asia;official_research_institution;ND;ND;2026-10-03T23:02:53.517Z;institutional_primary;en;KOREA INSTITUTE OF GEOSCIENCE AND MINERAL RESOURCES,Intro | Resource Exploration and Development Research Division | R&D Division;KOREA INSTITUTE OF GEOSCIENCE AND MINERAL RESOURCES,Intro | Resource Exploration and Development Research Division | R&D Division;ND;ND;ND;ND;ND;ND;ND;ND;free;primary;not_applicable;ND;ND;https://www.kigam.re.kr/menu.es?mid=a20702010000;ND;2;B;V2;200;V2: institution certifiée 3/3, URL ouverte anonymement, titre et contenu vérifiés automatiquement. V3 réservé à une validation plus forte.;22f620ec9fc72649390cbc0f01fa7b4f0301641c91e46383e91e19d716afaeb1
155;DOC-CC99591DE1EBDDC9063A;research;ND;Marine Geology & Energy Research | R&D Activities : KOREA INSTITUTE OF GEOSCIENCE AND MINERAL RESOURCES;https://www.kigam.re.kr/gallery.es?amp%3Bact=view&amp%3Bbid=0033&amp%3Blist_no=2801&mid=a20203000000;ND;english.kigam.re.kr;KOREA INSTITUTE OF GEOSCIENCE AND MINERAL RESOURCES;South Korea;Asia;official_research_institution;ND;ND;2026-10-03T23:02:55.348Z;institutional_primary;en;KOREA INSTITUTE OF GEOSCIENCE AND MINERAL RESOURCES,Marine Geology & Energy Research | R&D Activities;KOREA INSTITUTE OF GEOSCIENCE AND MINERAL RESOURCES,Marine Geology & Energy Research | R&D Activities;ND;ND;ND;ND;ND;ND;ND;ND;free;primary;not_applicable;ND;ND;https://www.kigam.re.kr/gallery.es?amp%3Bact=view&amp%3Bbid=0033&amp%3Blist_no=2801&mid=a20203000000;ND;1;B;V2;200;V2: institution certifiée 3/3, URL ouverte anonymement, titre et contenu vérifiés automatiquement. V3 réservé à une validation plus forte.;0404c4216232d1de1408f5e6fa89f797650fe7a6b3458784527dab1990d50c6e
156;DOC-AD91E10D497DE9CDBB21;research;ND;Mineral Resources Research | R&D Activities : KOREA INSTITUTE OF GEOSCIENCE AND MINERAL RESOURCES;https://www.kigam.re.kr/gallery.es?amp%3Bact=view&amp%3Bbid=0032&amp%3Blist_no=2793&mid=a20202000000;ND;english.kigam.re.kr;KOREA INSTITUTE OF GEOSCIENCE AND MINERAL RESOURCES;South Korea;Asia;official_research_institution;ND;ND;2026-10-03T23:02:54.894Z;institutional_primary;en;KOREA INSTITUTE OF GEOSCIENCE AND MINERAL RESOURCES,Mineral Resources Research | R&D Activities;KOREA INSTITUTE OF GEOSCIENCE AND MINERAL RESOURCES,Mineral Resources Research | R&D Activities;ND;ND;ND;ND;ND;ND;ND;ND;free;primary;not_applicable;ND;ND;https://www.kigam.re.kr/gallery.es?amp%3Bact=view&amp%3Bbid=0032&amp%3Blist_no=2793&mid=a20202000000;ND;1;B;V2;200;V2: institution certifiée 3/3, URL ouverte anonymement, titre et contenu vérifiés automatiquement. V3 réservé à une validation plus forte.;8da2451015d61e49bcfd9d34458858a5072ca47b368ed3f5031c9516363d3ed7
157;DOC-76BB50507A40E2806117;research;ND;Petroleum and Future Energy Research Center | Resource Exploration and Development Research Division | R&D Division : KOREA INSTITUTE OF GEOSCIENCE AND MINERAL RESOURCES;https://www.kigam.re.kr/menu.es?mid=a20702040000;ND;english.kigam.re.kr;KOREA INSTITUTE OF GEOSCIENCE AND MINERAL RESOURCES;South Korea;Asia;official_research_institution;ND;ND;2026-10-03T23:02:54.293Z;institutional_primary;en;KOREA INSTITUTE OF GEOSCIENCE AND MINERAL RESOURCES,Petroleum and Future Energy Research Center | Resource Exploration and Development Research Division | R&D Division;KOREA INSTITUTE OF GEOSCIENCE AND MINERAL RESOURCES,Petroleum and Future Energy Research Center | Resource Exploration and Development Research Division | R&D Division;ND;ND;ND;ND;ND;ND;ND;ND;free;primary;not_applicable;ND;ND;https://www.kigam.re.kr/menu.es?mid=a20702040000;ND;2;B;V2;200;V2: institution certifiée 3/3, URL ouverte anonymement, titre et contenu vérifiés automatiquement. V3 réservé à une validation plus forte.;0911a37bfd9d026a51d33dacaa85ee247403665a22a4e1b84e6dec6c8851cc77
158;DOC-DA8F45E999AAFFE97A8B;research;ND;Resources & Materials Research Center | Resources Utilization Division | R&D Division : KOREA INSTITUTE OF GEOSCIENCE AND MINERAL RESOURCES;https://www.kigam.re.kr/menu.es?mid=a20704040000;ND;english.kigam.re.kr;KOREA INSTITUTE OF GEOSCIENCE AND MINERAL RESOURCES;South Korea;Asia;official_research_institution;ND;ND;2026-10-03T23:02:53.248Z;institutional_primary;en;KOREA INSTITUTE OF GEOSCIENCE AND MINERAL RESOURCES,Resources & Materials Research Center | Resources Utilization Division | R&D Division;KOREA INSTITUTE OF GEOSCIENCE AND MINERAL RESOURCES,Resources & Materials Research Center | Resources Utilization Division | R&D Division;ND;ND;ND;ND;ND;ND;ND;ND;free;primary;not_applicable;ND;ND;https://www.kigam.re.kr/menu.es?mid=a20704040000;ND;3;B;V2;200;V2: institution certifiée 3/3, URL ouverte anonymement, titre et contenu vérifiés automatiquement. V3 réservé à une validation plus forte.;2d61407b132c223f10c1b563d3101ab31cd89957831114b49face78f423e3d09
159;DOC-21BB81AB544CB6AF0730;research;ND;Resources Recycling Research Center | Resources Utilization Division | R&D Division : KOREA INSTITUTE OF GEOSCIENCE AND MINERAL RESOURCES;https://www.kigam.re.kr/menu.es?mid=a20704030000;ND;english.kigam.re.kr;KOREA INSTITUTE OF GEOSCIENCE AND MINERAL RESOURCES;South Korea;Asia;official_research_institution;ND;ND;2026-10-03T23:02:53.970Z;institutional_primary;en;KOREA INSTITUTE OF GEOSCIENCE AND MINERAL RESOURCES,Resources Recycling Research Center | Resources Utilization Division | R&D Division;KOREA INSTITUTE OF GEOSCIENCE AND MINERAL RESOURCES,Resources Recycling Research Center | Resources Utilization Division | R&D Division;ND;ND;ND;ND;ND;ND;ND;ND;free;primary;not_applicable;ND;ND;https://www.kigam.re.kr/menu.es?mid=a20704030000;ND;2;B;V2;200;V2: institution certifiée 3/3, URL ouverte anonymement, titre et contenu vérifiés automatiquement. V3 réservé à une validation plus forte.;bbade127c4e6444cda3f77b4dbd3231adb82b69dfa12ca622a527897dee32029
160;DOC-FAD1A5367B0E031018D2;research;ND;Resources Utilization Research | R&D Activities : KOREA INSTITUTE OF GEOSCIENCE AND MINERAL RESOURCES;https://www.kigam.re.kr/gallery.es?amp%3Bact=view&amp%3Bbid=0035&amp%3Blist_no=2817&mid=a20205000000;ND;english.kigam.re.kr;KOREA INSTITUTE OF GEOSCIENCE AND MINERAL RESOURCES;South Korea;Asia;official_research_institution;ND;ND;2026-10-03T23:02:52.141Z;institutional_primary;en;KOREA INSTITUTE OF GEOSCIENCE AND MINERAL RESOURCES,Resources Utilization Research | R&D Activities;KOREA INSTITUTE OF GEOSCIENCE AND MINERAL RESOURCES,Resources Utilization Research | R&D Activities;ND;ND;ND;ND;ND;ND;ND;ND;free;primary;not_applicable;ND;ND;https://www.kigam.re.kr/gallery.es?amp%3Bact=view&amp%3Bbid=0035&amp%3Blist_no=2817&mid=a20205000000;ND;3;B;V2;200;V2: institution certifiée 3/3, URL ouverte anonymement, titre et contenu vérifiés automatiquement. V3 réservé à une validation plus forte.;eb32f69e77e8912e7ef50240e4448ce6d74adb740be4a0ba74f817c69b134f22
161;DOC-C819E139E9D667303F16;research;ND;Budget Process for Governmental Basic Funding - NST 영문 홈페이지;https://www.nst.re.kr/eng/contents.do?key=148;ND;National Research Council of Science & Technology;ND;South Korea;Asia;government_research_council;ND;ND;2026-10-03T23:04:36.032Z;institutional_primary;en;To create research immersive environment through comprehensive budget support encompassing all budget management phases, from budget demand to project planning, budget compilation, and settlement;To create research immersive environment through comprehensive budget support encompassing all budget management phases, from budget demand to project planning, budget compilation, and settlement;ND;ND;ND;ND;ND;ND;ND;ND;free;primary;not_applicable;ND;ND;https://www.nst.re.kr/eng/contents.do?key=148;ND;2;B;V2;200;V2: institution certifiée 3/3, URL ouverte anonymement, titre et contenu vérifiés automatiquement. V3 réservé à une validation plus forte.;99989dfbd08ca54ad5d162d45d4b14fae441ef1eaeebdea2efe8639b051db4a9
162;DOC-D687D95C9C1438557241;research;ND;Korea Electrotechnology Research Institute (KERI) - NST 영문 홈페이지;https://www.nst.re.kr/eng/contents.do?key=173;ND;National Research Council of Science & Technology;ND;South Korea;Asia;government_research_council;ND;ND;2026-10-03T23:04:34.367Z;institutional_primary;en;Development and achievements spread of power and electricity related industry source technology, and provision of testing and certification services;Development and achievements spread of power and electricity related industry source technology, and provision of testing and certification services;ND;ND;ND;ND;ND;ND;ND;ND;free;primary;not_applicable;ND;ND;https://www.nst.re.kr/eng/contents.do?key=173;ND;3;B;V2;200;V2: institution certifiée 3/3, URL ouverte anonymement, titre et contenu vérifiés automatiquement. V3 réservé à une validation plus forte.;22c161e5b1aee54ecf21e060445cc56317569a584aec8d1588c8477dd6303dae
163;DOC-431EE9FC1486891C5408;research;ND;Korea Electrotechnology Research Institutes (KERI) - NST 영문 홈페이지;https://www.nst.re.kr/eng/contents.do?key=330;ND;National Research Council of Science & Technology;ND;South Korea;Asia;government_research_council;ND;ND;2026-10-03T23:04:34.903Z;institutional_primary;en;Korea Electrotechnology Research Institutes (KERI) - NST 영문 홈페이지 본문 바로가기 KOR Search SiteMap Search Search close main menu open main menu ENG KOR ENG About NST About NST We're looking at the key research institutes and objectives of the NST Please check. Introduction Chairperson's Greetings Mission and Function History Vision and Strategies Organization NST Organization Chart Board of Directors Planning and Evaluation Committee R&D Strategy Committee Management Council Audit Commission CI Location NST Function NST Function We're looking at the key research institutes and objectives of the NST Please check. Strengthening R&D innovation capacity Policy Planning Evaluation of research institutes HR Development Stimulating convergence research ecosystem Convergence Research Activate Domestic and International Collaborative Networks Regional Innovation International Cooperation Utilization and;Korea Electrotechnology Research Institutes (KERI) - NST 영문 홈페이지 본문 바로가기 KOR Search SiteMap Search Search close main menu open main menu ENG KOR ENG About NST About NST We're looking at the key research institutes and objectives of the NST Please check. Introduction Chairperson's Greetings Mission and Function History Vision and Strategies Organization NST Organization Chart Board of Directors Planning and Evaluation Committee R&D Strategy Committee Management Council Audit Commission CI Location NST Function NST Function We're looking at the key research institutes and objectives of the NST Please check. Strengthening R&D innovation capacity Policy Planning Evaluation of research institutes HR Development Stimulating convergence research ecosystem Convergence Research Activate Domestic and International Collaborative Networks Regional Innovation International Cooperation Utilization and;ND;ND;ND;ND;ND;ND;ND;ND;free;primary;not_applicable;ND;ND;https://www.nst.re.kr/eng/contents.do?key=330;ND;3;B;V2;200;V2: institution certifiée 3/3, URL ouverte anonymement, titre et contenu vérifiés automatiquement. V3 réservé à une validation plus forte.;acde3b02c61fadb57ad68810d31a77d3446a63fb5b792d5de02b54a3b1e4b97b
164;DOC-E12A6171E9E10F46F525;research;ND;Korea Institute of Civil Engineering and Building Technology (KICT) - NST 영문 홈페이지;https://www.nst.re.kr/eng/contents.do?key=164;ND;National Research Council of Science & Technology;ND;South Korea;Asia;government_research_council;ND;ND;2026-10-03T23:04:33.518Z;institutional_primary;en;Source technology development and results dissemination in the field of construction and land management;Source technology development and results dissemination in the field of construction and land management;ND;ND;ND;ND;ND;ND;ND;ND;free;primary;not_applicable;ND;ND;https://www.nst.re.kr/eng/contents.do?key=164;ND;3;B;V2;200;V2: institution certifiée 3/3, URL ouverte anonymement, titre et contenu vérifiés automatiquement. V3 réservé à une validation plus forte.;b155dfceac31fef625735d7b1c31f7eac53aa7b34cad3f328e57bdde6b261e7c
165;DOC-6F1C543E98C8DB84F6E7;research;ND;Korea Institute of Industrial Technology (KITECH) - NST 영문 홈페이지;https://www.nst.re.kr/eng/contents.do?key=161;ND;National Research Council of Science & Technology;ND;South Korea;Asia;government_research_council;ND;ND;2026-10-03T23:04:33.517Z;institutional_primary;en;Development and commercialization of industrial source technology in the field of production technology, technical support for SMEs, and achievements diffusion;Development and commercialization of industrial source technology in the field of production technology, technical support for SMEs, and achievements diffusion;ND;ND;ND;ND;ND;ND;ND;ND;free;primary;not_applicable;ND;ND;https://www.nst.re.kr/eng/contents.do?key=161;ND;3;B;V2;200;V2: institution certifiée 3/3, URL ouverte anonymement, titre et contenu vérifiés automatiquement. V3 réservé à une validation plus forte.;57156ed58860116a30fa5debf94c9e681c4bc8765f6662071848a579a1ab1272
166;DOC-FB2C3DE3281B5643229F;research;ND;Korea Institute of Science and Technology (KIST) - NST 영문 홈페이지;https://www.nst.re.kr/eng/contents.do?key=154;ND;National Research Council of Science & Technology;ND;South Korea;Asia;government_research_council;ND;ND;2026-10-03T23:04:33.504Z;institutional_primary;en;R&D of creative source technology to lead national science and technology and dissemination of its results;R&D of creative source technology to lead national science and technology and dissemination of its results;ND;ND;ND;ND;ND;ND;ND;ND;free;primary;not_applicable;ND;ND;https://www.nst.re.kr/eng/contents.do?key=154;ND;3;B;V2;200;V2: institution certifiée 3/3, URL ouverte anonymement, titre et contenu vérifiés automatiquement. V3 réservé à une validation plus forte.;22eb882f05c27ea3508e81e8a922995e49f3fb23cf827f2e8bfa15e6872d94ef
167;DOC-91325CEFBA2588E117AD;research;ND;Korea Institute of Science and Technology Information (KISTI) - NST 영문 홈페이지;https://www.nst.re.kr/eng/contents.do?key=159;ND;National Research Council of Science & Technology;ND;South Korea;Asia;government_research_council;ND;ND;2026-10-03T23:04:33.511Z;institutional_primary;en;National scientific and technical information field specialized research institutes;National scientific and technical information field specialized research institutes;ND;ND;ND;ND;ND;ND;ND;ND;free;primary;not_applicable;ND;ND;https://www.nst.re.kr/eng/contents.do?key=159;ND;3;B;V2;200;V2: institution certifiée 3/3, URL ouverte anonymement, titre et contenu vérifiés automatiquement. V3 réservé à une validation plus forte.;48d5a9b27c7368950a87f4c6b45524ab616d7fbde80fd0234f6cf5fdd6fd5137
168;DOC-6E69A63E395077FB8BA0;research;ND;Korea Institutes of Civil Engineering and Building Technology (KICT) - NST 영문 홈페이지;https://www.nst.re.kr/eng/contents.do?key=325;ND;National Research Council of Science & Technology;ND;South Korea;Asia;government_research_council;ND;ND;2026-10-03T23:04:34.904Z;institutional_primary;en;"The Department of Future and Smart Construction Research at the Korea Institute of Civil Engineering and Building Technology (KICT) develops, integrates, and implements technologies for the digital transformation of the construction industry. Intelligent construction data and geospatial data; digital social overhead capital; construction automation and building information modeling for smart construction; smart city standardization and related policy studies; smart IoT; and the development of core technologies for construction in extreme environments (i.e., space and the polar regions) are some of the areas in which the Department of Future and Smart Construction Technology is making progress. In these areas, it pursues package R&D which includes foundation research, policy (standardization) platform development, and field implementation, including technical and policy support of corpora";"The Department of Future and Smart Construction Research at the Korea Institute of Civil Engineering and Building Technology (KICT) develops, integrates, and implements technologies for the digital transformation of the construction industry. Intelligent construction data and geospatial data; digital social overhead capital; construction automation and building information modeling for smart construction; smart city standardization and related policy studies; smart IoT; and the development of core technologies for construction in extreme environments (i.e., space and the polar regions) are some of the areas in which the Department of Future and Smart Construction Technology is making progress. In these areas, it pursues package R&D which includes foundation research, policy (standardization) platform development, and field implementation, including technical and policy support of corpora";ND;ND;ND;ND;ND;ND;ND;ND;free;primary;not_applicable;ND;ND;https://www.nst.re.kr/eng/contents.do?key=325;ND;3;B;V2;200;V2: institution certifiée 3/3, URL ouverte anonymement, titre et contenu vérifiés automatiquement. V3 réservé à une validation plus forte.;c326dbbf6527d7894122259b68673d82fa8de40fa887898e9eb7ad776777d84c
169;DOC-AA240FB5E6FE05F7AA31;research;ND;Korea Institutes of Science and Technology (KIST) - NST 영문 홈페이지;https://www.nst.re.kr/eng/contents.do?key=321;ND;National Research Council of Science & Technology;ND;South Korea;Asia;government_research_council;ND;ND;2026-10-03T23:04:34.633Z;institutional_primary;en;Main Functions: Researches in mathematical and fundamental improvements in above fields;Main Functions: Researches in mathematical and fundamental improvements in above fields;ND;ND;ND;ND;ND;ND;ND;ND;free;primary;not_applicable;ND;ND;https://www.nst.re.kr/eng/contents.do?key=321;ND;3;B;V2;200;V2: institution certifiée 3/3, URL ouverte anonymement, titre et contenu vérifiés automatiquement. V3 réservé à une validation plus forte.;8871eb923bf6476d020ecd887a51430e91304666285602a5ece9990168031445
170;DOC-08818FD6FBA1ECD77544;research;ND;Korea Institutes of Science and Technology Information (KISTI) - NST 영문 홈페이지;https://www.nst.re.kr/eng/contents.do?key=323;ND;National Research Council of Science & Technology;ND;South Korea;Asia;government_research_council;ND;ND;2026-10-03T23:04:34.628Z;institutional_primary;en;The Korea Institute of Science and Technology Information (KISTI), founded in 1962, is a government-funded research institute advancing national science and technology through expertise in information services, artificial intelligence, and high-performance computing infrastructure. Headquartered in Daejeon, Korea’s leading science and technology hub, KISTI provides advanced services in data analytics, cybersecurity, and research networks, and operates Korea’s national supercomputers, including the 5th flagship system Nurion and the upcoming 6th-generation system.;The Korea Institute of Science and Technology Information (KISTI), founded in 1962, is a government-funded research institute advancing national science and technology through expertise in information services, artificial intelligence, and high-performance computing infrastructure. Headquartered in Daejeon, Korea’s leading science and technology hub, KISTI provides advanced services in data analytics, cybersecurity, and research networks, and operates Korea’s national supercomputers, including the 5th flagship system Nurion and the upcoming 6th-generation system.;ND;ND;ND;ND;ND;ND;ND;ND;free;primary;not_applicable;ND;ND;https://www.nst.re.kr/eng/contents.do?key=323;ND;3;B;V2;200;V2: institution certifiée 3/3, URL ouverte anonymement, titre et contenu vérifiés automatiquement. V3 réservé à une validation plus forte.;163c1ff982a1c1f49dc3aa9c26b5ec9b4aa2b70325f012b3b736ebe3f122384a
171;DOC-904EA3AFB8C6147EEC5B;research;ND;Korea Research Institute of Bioscience and Biotechnology (KRIBB) - NST 영문 홈페이지;https://www.nst.re.kr/eng/contents.do?key=158;ND;National Research Council of Science & Technology;ND;South Korea;Asia;government_research_council;ND;ND;2026-10-03T23:04:33.220Z;institutional_primary;en;Construction and operation of R&D and public infrastructure in the fields of life science and technology;Construction and operation of R&D and public infrastructure in the fields of life science and technology;ND;ND;ND;ND;ND;ND;ND;ND;free;primary;not_applicable;ND;ND;https://www.nst.re.kr/eng/contents.do?key=158;ND;4;B;V2;200;V2: institution certifiée 3/3, URL ouverte anonymement, titre et contenu vérifiés automatiquement. V3 réservé à une validation plus forte.;38d10fe788f8473d8b5d26f567557ab759c6f3c2c47effdd640948a3525ee3c0
172;DOC-EE711683CFF362FB3B8F;research;ND;Korea Research Institute of Chemical Technology (KRICT) - NST 영문 홈페이지;https://www.nst.re.kr/eng/contents.do?key=174;ND;National Research Council of Science & Technology;ND;South Korea;Asia;government_research_council;ND;ND;2026-10-03T23:04:34.366Z;institutional_primary;en;R&D and public infrastructure services support in the sectors of chemistry and related convergence and complex;R&D and public infrastructure services support in the sectors of chemistry and related convergence and complex;ND;ND;ND;ND;ND;ND;ND;ND;free;primary;not_applicable;ND;ND;https://www.nst.re.kr/eng/contents.do?key=174;ND;3;B;V2;200;V2: institution certifiée 3/3, URL ouverte anonymement, titre et contenu vérifiés automatiquement. V3 réservé à une validation plus forte.;850b44e5e494657392e82f4acce218cdaae22a9a73de3bd53ed9c9f40fdd4ce6
173;DOC-223297220EF4C323A4C5;research;ND;Korea Research Institutes of Bioscience and Biotechnology (KRIBB) - NST 영문 홈페이지;https://www.nst.re.kr/eng/contents.do?key=322;ND;National Research Council of Science & Technology;ND;South Korea;Asia;government_research_council;ND;ND;2026-10-03T23:04:33.219Z;institutional_primary;en;Synthetic biology for AI-driven biofoundry innovation, standardized biological data generation, and microbial cell factory design. Our research emphasizes the integration of synthetic biology with artificial intelligence, data science, and ICT to accelerate discovery and application in healthcare, sustainability, and biomanufacturing.;Synthetic biology for AI-driven biofoundry innovation, standardized biological data generation, and microbial cell factory design. Our research emphasizes the integration of synthetic biology with artificial intelligence, data science, and ICT to accelerate discovery and application in healthcare, sustainability, and biomanufacturing.;ND;ND;ND;ND;ND;ND;ND;ND;free;primary;not_applicable;ND;ND;https://www.nst.re.kr/eng/contents.do?key=322;ND;4;B;V2;200;V2: institution certifiée 3/3, URL ouverte anonymement, titre et contenu vérifiés automatiquement. V3 réservé à une validation plus forte.;83dfac2ddf2a3d6c6cc972def4a296d775ca716d9ebfe9de32a9201180e1ceff
174;DOC-5CEB65ABDC1C62CB5900;research;ND;Korea Research Institutes of Chemical Technology (KRICT) - NST 영문 홈페이지;https://www.nst.re.kr/eng/contents.do?key=331;ND;National Research Council of Science & Technology;ND;South Korea;Asia;government_research_council;ND;ND;2026-10-03T23:04:35.723Z;institutional_primary;en;Prediction model of blood-brain-barrier penetration based on Message Passing Neural Network;Prediction model of blood-brain-barrier penetration based on Message Passing Neural Network;ND;ND;ND;ND;ND;ND;ND;ND;free;primary;not_applicable;ND;ND;https://www.nst.re.kr/eng/contents.do?key=331;ND;3;B;V2;200;V2: institution certifiée 3/3, URL ouverte anonymement, titre et contenu vérifiés automatiquement. V3 réservé à une validation plus forte.;278baedffaa6d857f25dc1bb3a9c44a9a9fbb344df8031ef774980eb4f69d377
175;DOC-F49C26B45576CB724AF0;research;ND;Promotion of technology transfer and commercialization - NST 영문 홈페이지;https://www.nst.re.kr/eng/contents.do?key=145;ND;National Research Council of Science & Technology;ND;South Korea;Asia;government_research_council;ND;ND;2026-10-03T23:04:35.709Z;institutional_primary;en;To encourage GRIs to yield outstanding research outcomes and promote their utilization throughout the entire life cycle through support for research performance commercialization and business startups;To encourage GRIs to yield outstanding research outcomes and promote their utilization throughout the entire life cycle through support for research performance commercialization and business startups;ND;ND;ND;ND;ND;ND;ND;ND;free;primary;not_applicable;ND;ND;https://www.nst.re.kr/eng/contents.do?key=145;ND;2;B;V2;200;V2: institution certifiée 3/3, URL ouverte anonymement, titre et contenu vérifiés automatiquement. V3 réservé à une validation plus forte.;e0f7297ca02c0fd20ef7db5f1ab386ccd2b0c96e9050964d66eaeef40452d60b
176;DOC-76C2AF017F453465E788;research;ND;ETRI;https://www.etri.re.kr/eng/bbs/view.etri?amp%3Bb_idx=19582&b_board_id=ENG02;ND;www.etri.re.kr;ND;South Korea;Asia;official_research_institution;ND;ND;2026-10-03T23:04:53.362Z;institutional_primary;en;ETRI Skip to contents Skip Global navigation Skip Contents Skip Footer HOME KOREAN SITEMAP search search About ETRI --> About ETRI President Greeting --> Overview History Management Objectives Organization Achievement Global Network ETRI was ranked NO.1 Gender Equality Plan Contact Us Map Info Organization Audit & Inspection Department Artificial Intelligence Research Laboratory Physical AI Research Laboratory Terrestrial & Non-Terrestrial Integrated Telecommunications Research Laboratory Spatial Media Research Laboratory ADX Convergence Research Laboratory ICT Strategy Research Laboratory AI Safety Institute Aerospace Semiconductor Strategic Research Department Daegu-Gyeongbuk Research Division Honam Research Division Sudogwon Research Division Planning Division Technology Commercialization Division Administration Division External Relations Division Public Relations ETRI Brochure&Repor;ETRI Skip to contents Skip Global navigation Skip Contents Skip Footer HOME KOREAN SITEMAP search search About ETRI --> About ETRI President Greeting --> Overview History Management Objectives Organization Achievement Global Network ETRI was ranked NO.1 Gender Equality Plan Contact Us Map Info Organization Audit & Inspection Department Artificial Intelligence Research Laboratory Physical AI Research Laboratory Terrestrial & Non-Terrestrial Integrated Telecommunications Research Laboratory Spatial Media Research Laboratory ADX Convergence Research Laboratory ICT Strategy Research Laboratory AI Safety Institute Aerospace Semiconductor Strategic Research Department Daegu-Gyeongbuk Research Division Honam Research Division Sudogwon Research Division Planning Division Technology Commercialization Division Administration Division External Relations Division Public Relations ETRI Brochure&Repor;ND;ND;ND;ND;ND;ND;ND;ND;free;primary;not_applicable;ND;ND;https://www.etri.re.kr/eng/bbs/view.etri?amp%3Bb_idx=19582&b_board_id=ENG02;ND;2;B;V2;200;V2: institution certifiée 3/3, URL ouverte anonymement, titre et contenu vérifiés automatiquement. V3 réservé à une validation plus forte.;b28583992d80bebbe03422b0ed8f9d7be665577dd15df78d7913efec3e625c27
177;DOC-116B21D7683E119604D3;research;ND;ETRI Brochure ㅣ ETRI Brochure&Report ㅣ Public Relations ㅣ ETRI;https://www.etri.re.kr/engcon/sub3/sub3_0101.etri;ND;www.etri.re.kr;ND;South Korea;Asia;official_research_institution;ND;ND;2026-10-03T23:04:53.433Z;institutional_primary;en;ETRI Brochure ㅣ ETRI Brochure&Report ㅣ Public Relations ㅣ ETRI Skip to contents Skip Global navigation Skip Contents Skip Footer HOME KOREAN SITEMAP search search About ETRI --> About ETRI President Greeting --> Overview History Management Objectives Organization Achievement Global Network ETRI was ranked NO.1 Gender Equality Plan Contact Us Map Info Organization Audit & Inspection Department Artificial Intelligence Research Laboratory Physical AI Research Laboratory Terrestrial & Non-Terrestrial Integrated Telecommunications Research Laboratory Spatial Media Research Laboratory ADX Convergence Research Laboratory ICT Strategy Research Laboratory AI Safety Institute Aerospace Semiconductor Strategic Research Department Daegu-Gyeongbuk Research Division Honam Research Division Sudogwon Research Division Planning Division Technology Commercialization Division Administration Division Extern;ETRI Brochure ㅣ ETRI Brochure&Report ㅣ Public Relations ㅣ ETRI Skip to contents Skip Global navigation Skip Contents Skip Footer HOME KOREAN SITEMAP search search About ETRI --> About ETRI President Greeting --> Overview History Management Objectives Organization Achievement Global Network ETRI was ranked NO.1 Gender Equality Plan Contact Us Map Info Organization Audit & Inspection Department Artificial Intelligence Research Laboratory Physical AI Research Laboratory Terrestrial & Non-Terrestrial Integrated Telecommunications Research Laboratory Spatial Media Research Laboratory ADX Convergence Research Laboratory ICT Strategy Research Laboratory AI Safety Institute Aerospace Semiconductor Strategic Research Department Daegu-Gyeongbuk Research Division Honam Research Division Sudogwon Research Division Planning Division Technology Commercialization Division Administration Division Extern;ND;ND;ND;ND;ND;ND;ND;ND;free;primary;not_applicable;ND;ND;https://www.etri.re.kr/engcon/sub3/sub3_0101.etri;ND;3;B;V2;200;V2: institution certifiée 3/3, URL ouverte anonymement, titre et contenu vérifiés automatiquement. V3 réservé à une validation plus forte.;6103a6448cec059a99f056859cfb5be22fefde2953287afce2778c0af361d393
178;DOC-E0A0E74FB6AE53410448;research;ND;ETRI NEWS ㅣ News ㅣ ETRI;https://www.etri.re.kr/eng/bbs/view.etri?b_board_id=ENG02&b_idx=19582;ND;www.etri.re.kr;ND;South Korea;Asia;official_research_institution;ND;ND;2026-10-03T23:04:53.696Z;institutional_primary;en;Electronics and Telecommunications Research Institute (ETRI) has published “6G Insight vision and technologies v2.0” , which outlines the direction and core technologies of the upcoming 6G mobile communication era.;Electronics and Telecommunications Research Institute (ETRI) has published “6G Insight vision and technologies v2.0” , which outlines the direction and core technologies of the upcoming 6G mobile communication era.;ND;ND;ND;ND;ND;ND;ND;ND;free;primary;not_applicable;ND;ND;https://www.etri.re.kr/eng/bbs/view.etri?b_board_id=ENG02&b_idx=19582;ND;2;B;V2;200;V2: institution certifiée 3/3, URL ouverte anonymement, titre et contenu vérifiés automatiquement. V3 réservé à une validation plus forte.;3fa90e6fc86936da545a488ae22512908aa6c4dd3833a25b88b0f8e1576d7d10
179;DOC-0D5263B9E3C02BE1E753;research;ND;ETRI Technology Report ㅣ ETRI Brochure&Report ㅣ Public Relations ㅣ ETRI;https://www.etri.re.kr/engcon/sub3/sub3_0102.etri;ND;www.etri.re.kr;ND;South Korea;Asia;official_research_institution;ND;ND;2026-10-03T23:04:53.431Z;institutional_primary;en;ETRI Technology Report ㅣ ETRI Brochure&Report ㅣ Public Relations ㅣ ETRI Skip to contents Skip Global navigation Skip Contents Skip Footer HOME KOREAN SITEMAP search search About ETRI --> About ETRI President Greeting --> Overview History Management Objectives Organization Achievement Global Network ETRI was ranked NO.1 Gender Equality Plan Contact Us Map Info Organization Audit & Inspection Department Artificial Intelligence Research Laboratory Physical AI Research Laboratory Terrestrial & Non-Terrestrial Integrated Telecommunications Research Laboratory Spatial Media Research Laboratory ADX Convergence Research Laboratory ICT Strategy Research Laboratory AI Safety Institute Aerospace Semiconductor Strategic Research Department Daegu-Gyeongbuk Research Division Honam Research Division Sudogwon Research Division Planning Division Technology Commercialization Division Administration Divisi;ETRI Technology Report ㅣ ETRI Brochure&Report ㅣ Public Relations ㅣ ETRI Skip to contents Skip Global navigation Skip Contents Skip Footer HOME KOREAN SITEMAP search search About ETRI --> About ETRI President Greeting --> Overview History Management Objectives Organization Achievement Global Network ETRI was ranked NO.1 Gender Equality Plan Contact Us Map Info Organization Audit & Inspection Department Artificial Intelligence Research Laboratory Physical AI Research Laboratory Terrestrial & Non-Terrestrial Integrated Telecommunications Research Laboratory Spatial Media Research Laboratory ADX Convergence Research Laboratory ICT Strategy Research Laboratory AI Safety Institute Aerospace Semiconductor Strategic Research Department Daegu-Gyeongbuk Research Division Honam Research Division Sudogwon Research Division Planning Division Technology Commercialization Division Administration Divisi;ND;ND;ND;ND;ND;ND;ND;ND;free;primary;not_applicable;ND;ND;https://www.etri.re.kr/engcon/sub3/sub3_0102.etri;ND;3;B;V2;200;V2: institution certifiée 3/3, URL ouverte anonymement, titre et contenu vérifiés automatiquement. V3 réservé à une validation plus forte.;ab62744dc4c171dde641d4ea92455f0d7d1b57e125d84b667e2368b57db47b81
180;DOC-127823808C6167FAA922;research;ND;ETRI Technology ㅣ Technology Commercialization Division ㅣ Organization ㅣ ETRI;https://www.etri.re.kr/eng/bbs/list.etri?b_board_id=ENG03;ND;www.etri.re.kr;ND;South Korea;Asia;official_research_institution;ND;ND;2026-10-03T23:04:53.499Z;institutional_primary;en;ETRI Technology ㅣ Technology Commercialization Division ㅣ Organization ㅣ ETRI Skip to contents Skip Global navigation Skip Contents Skip Footer HOME KOREAN SITEMAP search search About ETRI --> About ETRI President Greeting --> Overview History Management Objectives Organization Achievement Global Network ETRI was ranked NO.1 Gender Equality Plan Contact Us Map Info Organization Audit & Inspection Department Artificial Intelligence Research Laboratory Physical AI Research Laboratory Terrestrial & Non-Terrestrial Integrated Telecommunications Research Laboratory Spatial Media Research Laboratory ADX Convergence Research Laboratory ICT Strategy Research Laboratory AI Safety Institute Aerospace Semiconductor Strategic Research Department Daegu-Gyeongbuk Research Division Honam Research Division Sudogwon Research Division Planning Division Technology Commercialization Division Administration ;ETRI Technology ㅣ Technology Commercialization Division ㅣ Organization ㅣ ETRI Skip to contents Skip Global navigation Skip Contents Skip Footer HOME KOREAN SITEMAP search search About ETRI --> About ETRI President Greeting --> Overview History Management Objectives Organization Achievement Global Network ETRI was ranked NO.1 Gender Equality Plan Contact Us Map Info Organization Audit & Inspection Department Artificial Intelligence Research Laboratory Physical AI Research Laboratory Terrestrial & Non-Terrestrial Integrated Telecommunications Research Laboratory Spatial Media Research Laboratory ADX Convergence Research Laboratory ICT Strategy Research Laboratory AI Safety Institute Aerospace Semiconductor Strategic Research Department Daegu-Gyeongbuk Research Division Honam Research Division Sudogwon Research Division Planning Division Technology Commercialization Division Administration ;ND;ND;ND;ND;ND;ND;ND;ND;free;primary;not_applicable;ND;ND;https://www.etri.re.kr/eng/bbs/list.etri?b_board_id=ENG03;ND;2;B;V2;200;V2: institution certifiée 3/3, URL ouverte anonymement, titre et contenu vérifiés automatiquement. V3 réservé à une validation plus forte.;54d01683bb8afe9e6bfeb23c173e46e9f12ffb2e80786ebbf6345be0e7ed7159
181;DOC-84DAC492114982AFA763;research;ND;Introcduction of Management Division ㅣ Technology Commercialization Division ㅣ Organization ㅣ Welcome to ETRI;https://www.etri.re.kr/eng/sub6/sub6_0101.etri?departCode=3;ND;www.etri.re.kr;ND;South Korea;Asia;official_research_institution;ND;ND;2026-10-03T23:04:53.833Z;institutional_primary;en;The Technology Commercialization Division is responsible for establishing a technology commercialization system to maximize the business potential of technologies developed in ETRI and for supporting the small and medium-sized enterprises to strengthen their technological competitiveness. It mainly focuses on the development of commercialization strategies, commercialization supporting programs, creating and utilizing IPR efficiently, and supporting SMEs and start-ups. To foster SMEs and create job opportunities, it also endeavors to improve supportive systems for technology transfer and commercialization. The technology commercialization system consists of various programs, efficient patent management and utilization, customized technical support for enterprises, and support for prospective start-ups and research institute companies. To ensure closer cooperation among those programs, th;The Technology Commercialization Division is responsible for establishing a technology commercialization system to maximize the business potential of technologies developed in ETRI and for supporting the small and medium-sized enterprises to strengthen their technological competitiveness. It mainly focuses on the development of commercialization strategies, commercialization supporting programs, creating and utilizing IPR efficiently, and supporting SMEs and start-ups. To foster SMEs and create job opportunities, it also endeavors to improve supportive systems for technology transfer and commercialization. The technology commercialization system consists of various programs, efficient patent management and utilization, customized technical support for enterprises, and support for prospective start-ups and research institute companies. To ensure closer cooperation among those programs, th;ND;ND;ND;ND;ND;ND;ND;ND;free;primary;not_applicable;ND;ND;https://www.etri.re.kr/eng/sub6/sub6_0101.etri?departCode=3;ND;2;B;V2;200;V2: institution certifiée 3/3, URL ouverte anonymement, titre et contenu vérifiés automatiquement. V3 réservé à une validation plus forte.;5ecbe5acb6152b3b0407cb145f4afa14404a93cc7dce0acef9a5a36aab4cd7b1
182;DOC-BE15FE2AC5208E3C8E03;research;ND;Introcduction of Research Strategy Laboratory ㅣ Artificial Intelligence Research Laboratory ㅣ Organization ㅣ Welcome to ETRI;https://www.etri.re.kr/eng/sub6/sub6_0101.etri?departCode=10;ND;www.etri.re.kr;ND;South Korea;Asia;official_research_institution;ND;ND;2026-10-03T23:04:54.071Z;institutional_primary;en;Artificial Intelligence Computing Research Laboratory is researching and developing core technologies to fulfill its pivotal role in ETRI’s vision of ‘Technology pioneer creating a happy future world through digital innovation.’ We are promoting the development of ultra-high performance hardware and software strategic technology for AI. We have established a strategic goal to realize disruptive innovative computing through the development of computing systems and infrastructure to overcome performance limitations. To achieve this goal, we are developing key technologies for future computing systems, including hardware using intelligent semiconductors and quantum computing, but also system software supports them. In particular, we pursue open technology innovation through close collaboration with domestic and foreign universities and companies so that the computing systems developed by ET;Artificial Intelligence Computing Research Laboratory is researching and developing core technologies to fulfill its pivotal role in ETRI’s vision of ‘Technology pioneer creating a happy future world through digital innovation.’ We are promoting the development of ultra-high performance hardware and software strategic technology for AI. We have established a strategic goal to realize disruptive innovative computing through the development of computing systems and infrastructure to overcome performance limitations. To achieve this goal, we are developing key technologies for future computing systems, including hardware using intelligent semiconductors and quantum computing, but also system software supports them. In particular, we pursue open technology innovation through close collaboration with domestic and foreign universities and companies so that the computing systems developed by ET;ND;ND;ND;ND;ND;ND;ND;ND;free;primary;not_applicable;ND;ND;https://www.etri.re.kr/eng/sub6/sub6_0101.etri?departCode=10;ND;2;B;V2;200;V2: institution certifiée 3/3, URL ouverte anonymement, titre et contenu vérifiés automatiquement. V3 réservé à une validation plus forte.;ef913bdbb421d87c704b188c13570afc83c3348a3395ea043b68bc1ec0a86748
183;DOC-33BDBEFB72AF1581861C;research;ND;Introcduction of Research Strategy Laboratory ㅣ Physical AI Research Laboratory ㅣ Organization ㅣ Welcome to ETRI;https://www.etri.re.kr/eng/sub6/sub6_0101.etri?departCode=5;ND;www.etri.re.kr;ND;South Korea;Asia;official_research_institution;ND;ND;2026-10-03T23:04:53.950Z;institutional_primary;en;"Super-Intelligence Creative Research Laboratory carries out diverse researches from Materials and Components to finished products, such as Autonomous driving vehicles & Robots, in order to lead the national competitiveness of technology. We seek to excavate the technique, which can be the epoch-making break-through rather than simple imitation, so that we can exceed limitations of present technologies, and prepare for next-generation technologies. As the main research fields, there are next-generation AI core technologies that constantly see, hear, and learn like human, Intelligence Mobility that makes decisions on its own based on circumstances while functioning autonomously and securely at the same time, and Robot Techniques. Furthermore, in order to secure semiconductor technologies; materials, components, and equipment, which is the core of hegemonic competition among nations, we are";"Super-Intelligence Creative Research Laboratory carries out diverse researches from Materials and Components to finished products, such as Autonomous driving vehicles & Robots, in order to lead the national competitiveness of technology. We seek to excavate the technique, which can be the epoch-making break-through rather than simple imitation, so that we can exceed limitations of present technologies, and prepare for next-generation technologies. As the main research fields, there are next-generation AI core technologies that constantly see, hear, and learn like human, Intelligence Mobility that makes decisions on its own based on circumstances while functioning autonomously and securely at the same time, and Robot Techniques. Furthermore, in order to secure semiconductor technologies; materials, components, and equipment, which is the core of hegemonic competition among nations, we are";ND;ND;ND;ND;ND;ND;ND;ND;free;primary;not_applicable;ND;ND;https://www.etri.re.kr/eng/sub6/sub6_0101.etri?departCode=5;ND;2;B;V2;200;V2: institution certifiée 3/3, URL ouverte anonymement, titre et contenu vérifiés automatiquement. V3 réservé à une validation plus forte.;4ad908f2b67d78aca2efa5a942667d4d1de4e56984b588f41bf1be20c4f0f5a6
184;DOC-75FA49693F14A38846C9;research;ND;Introduction of Research Laboratory ㅣ AI Safety Institute ㅣ Organization ㅣ Welcome to ETRI;https://www.etri.re.kr/eng/sub6/sub6_0101.etri?departCode=187;ND;www.etri.re.kr;ND;South Korea;Asia;official_research_institution;ND;ND;2026-10-03T23:04:53.947Z;institutional_primary;en;The Korea Artificial Intelligence Safety Institute (Korea AISI) is an organization dedicated to evaluating the risks associated with AI models or systems and researching technologies for preventing and mitigating those risks. We represent the Republic of Korea in collaborating with AI safety research institutes and related organizations worldwide. Established in November 2024, the Korea AISI is committed to fostering an environment conducive to the development and application of safe AI, empowering Korean AI companies to enhance their competitiveness and expand globally, while strengthening international solidarity and standards for AI safety.;The Korea Artificial Intelligence Safety Institute (Korea AISI) is an organization dedicated to evaluating the risks associated with AI models or systems and researching technologies for preventing and mitigating those risks. We represent the Republic of Korea in collaborating with AI safety research institutes and related organizations worldwide. Established in November 2024, the Korea AISI is committed to fostering an environment conducive to the development and application of safe AI, empowering Korean AI companies to enhance their competitiveness and expand globally, while strengthening international solidarity and standards for AI safety.;ND;ND;ND;ND;ND;ND;ND;ND;free;primary;not_applicable;ND;ND;https://www.etri.re.kr/eng/sub6/sub6_0101.etri?departCode=187;ND;2;B;V2;200;V2: institution certifiée 3/3, URL ouverte anonymement, titre et contenu vérifiés automatiquement. V3 réservé à une validation plus forte.;ceeaa68bbe953b886c71012ddc847d088d745a495ce2152162c619bd40d516ec
185;DOC-564E4DDEB3F28AB047FE;research;ND;Introduction of Research Laboratory ㅣ Audit & Inspection Department ㅣ Organization ㅣ Welcome to ETRI;https://www.etri.re.kr/eng/sub6/sub6_0101.etri?departCode=168;ND;www.etri.re.kr;ND;South Korea;Asia;official_research_institution;ND;ND;2026-10-03T23:04:53.852Z;institutional_primary;en;The Audit & Inspection Department consists of the Prevention Audit Division, Ethics Audit Division, and Integrity and Ethics Division, and strives to proactively respond to internal and external environmental changes, foster a creative and transparent working atmosphere, and enhance transparency. The department performs the following main tasks: ① conducting regular audits of researchers' service and ordinary audits, responding to external audit institutions, and other audit-related work ② activities to prevent harassment, bullying, sexual harassment, and sexual violence in the workplace, as well as reporting and handling related incidents ③ anti-corruption, integrity and research ethics systems, conflict of interest prevention system, human rights management, and other related tasks and ④ managing the operation of the customer feedback and suggestion system. Going forward, we will conti;The Audit & Inspection Department consists of the Prevention Audit Division, Ethics Audit Division, and Integrity and Ethics Division, and strives to proactively respond to internal and external environmental changes, foster a creative and transparent working atmosphere, and enhance transparency. The department performs the following main tasks: ① conducting regular audits of researchers' service and ordinary audits, responding to external audit institutions, and other audit-related work ② activities to prevent harassment, bullying, sexual harassment, and sexual violence in the workplace, as well as reporting and handling related incidents ③ anti-corruption, integrity and research ethics systems, conflict of interest prevention system, human rights management, and other related tasks and ④ managing the operation of the customer feedback and suggestion system. Going forward, we will conti;ND;ND;ND;ND;ND;ND;ND;ND;free;primary;not_applicable;ND;ND;https://www.etri.re.kr/eng/sub6/sub6_0101.etri?departCode=168;ND;2;B;V2;200;V2: institution certifiée 3/3, URL ouverte anonymement, titre et contenu vérifiés automatiquement. V3 réservé à une validation plus forte.;278981193652b7717bc9f2599a9f461b9a372012929ec07ac31e22efb1ff0be5
186;DOC-F8273D9D6CFA147D764C;research;ND;Introduction of Research Laboratory ㅣ Deagu-Gyeongbuk Research Laboratory ㅣ Organization ㅣ Welcome to ETRI;https://www.etri.re.kr/eng/sub6/sub6_0101.etri?departCode=69;ND;www.etri.re.kr;ND;South Korea;Asia;official_research_institution;ND;ND;2026-10-03T23:04:54.200Z;institutional_primary;en;The Daegu-Gyeongbuk Research Division was established in 2006 and serves as a technology hub for fostering regional strategic industries in Daegu and Gyeongbuk, including strengthening R&D capabilities, strengthening technological competitiveness, and creating added value in ICT and major industries. To this end, we are striving to strengthen the R&D capabilities of new regional industries in connection with regional strategic industries by upgrading ICT convergence technologies in smart city/intelligent robot/smart medical/future mobility. By supporting the development of demand-based customized technologies by local SMEs, and focusing on the commercialization of technologies by supporting difficult technologies and advising local companies, and disseminating and spreading ETRI technologies, it is becoming a regional hub research division. ○ Vision : Leading Research Institution for Reg;The Daegu-Gyeongbuk Research Division was established in 2006 and serves as a technology hub for fostering regional strategic industries in Daegu and Gyeongbuk, including strengthening R&D capabilities, strengthening technological competitiveness, and creating added value in ICT and major industries. To this end, we are striving to strengthen the R&D capabilities of new regional industries in connection with regional strategic industries by upgrading ICT convergence technologies in smart city/intelligent robot/smart medical/future mobility. By supporting the development of demand-based customized technologies by local SMEs, and focusing on the commercialization of technologies by supporting difficult technologies and advising local companies, and disseminating and spreading ETRI technologies, it is becoming a regional hub research division. ○ Vision : Leading Research Institution for Reg;ND;ND;ND;ND;ND;ND;ND;ND;free;primary;not_applicable;ND;ND;https://www.etri.re.kr/eng/sub6/sub6_0101.etri?departCode=69;ND;2;B;V2;200;V2: institution certifiée 3/3, URL ouverte anonymement, titre et contenu vérifiés automatiquement. V3 réservé à une validation plus forte.;9e82a3f50eb8d3a6fbe3340cd2dcbdc90fe70d7531f10f1a726ef1869e914b38
187;DOC-254597BFDAB35830386F;research;ND;Introduction of Research Laboratory ㅣ Honam Research Center ㅣ Organization ㅣ Welcome to ETRI;https://www.etri.re.kr/eng/sub6/sub6_0101.etri?departCode=70;ND;www.etri.re.kr;ND;South Korea;Asia;official_research_institution;ND;ND;2026-10-03T23:04:54.206Z;institutional_primary;en;The Honam Research Division has served as a technological hub to foster regional strategic industries through R&BD of ICT convergence technology within the Honam area. To date, the HRC has been supporting the development of leading technology based on regional strategic industries in the area, the development of customized technology to nurture local companies, and the commercialization of technology to distribute the technologies developed by ETRI. In addition, we have provided the A2LA test service for optical communication components, equipment and pilot-production support for optical packaging technology, and a variety of technical support systems for solving technical difficulties. ⬥ Vision : Technical hub for the promotion of the leading and strategic industries of the Honam region through R&BD of IT convergence technology ⬥ Goal : 1. R&BD and proliferation of promising leading pro;The Honam Research Division has served as a technological hub to foster regional strategic industries through R&BD of ICT convergence technology within the Honam area. To date, the HRC has been supporting the development of leading technology based on regional strategic industries in the area, the development of customized technology to nurture local companies, and the commercialization of technology to distribute the technologies developed by ETRI. In addition, we have provided the A2LA test service for optical communication components, equipment and pilot-production support for optical packaging technology, and a variety of technical support systems for solving technical difficulties. ⬥ Vision : Technical hub for the promotion of the leading and strategic industries of the Honam region through R&BD of IT convergence technology ⬥ Goal : 1. R&BD and proliferation of promising leading pro;ND;ND;ND;ND;ND;ND;ND;ND;free;primary;not_applicable;ND;ND;https://www.etri.re.kr/eng/sub6/sub6_0101.etri?departCode=70;ND;2;B;V2;200;V2: institution certifiée 3/3, URL ouverte anonymement, titre et contenu vérifiés automatiquement. V3 réservé à une validation plus forte.;31f316d56204123178a39065ff12fbdf5895fd7aa9e4b39254944d20921c8a8f
188;DOC-E2EDDB692C56C52851FD;research;ND;Introduction of Research Laboratory ㅣ Spatial Media Research Laboratory ㅣ Organization ㅣ Welcome to ETRI;https://www.etri.re.kr/eng/sub6/sub6_0101.etri?departCode=170;ND;www.etri.re.kr;ND;South Korea;Asia;official_research_institution;ND;ND;2026-10-03T23:04:53.948Z;institutional_primary;en;Hyper-Reality Metaverse Research Laboratory is researching and developing core technologies to lead Korea's digital strategy to leap into a new digital continent that will be the center of the future industry, the Metaverse. In order to realize future hyper-realistic metaverse service, three-dimensional spatial media technology that acquires real space as it is, compresses and transmits, and reproduces in an hyper-realistic sense, XR space reconstruction, ultra-realistic digital human and five senses interaction technologies that provide an interactive metaverse experience, and display device technology to provide hyper-realistic experience are being researched and developed. About 330 people with master's and doctoral degrees in the fields of media, content, display, and sensory devices are conducting research and development of core technologies and standardization activities at home a;Hyper-Reality Metaverse Research Laboratory is researching and developing core technologies to lead Korea's digital strategy to leap into a new digital continent that will be the center of the future industry, the Metaverse. In order to realize future hyper-realistic metaverse service, three-dimensional spatial media technology that acquires real space as it is, compresses and transmits, and reproduces in an hyper-realistic sense, XR space reconstruction, ultra-realistic digital human and five senses interaction technologies that provide an interactive metaverse experience, and display device technology to provide hyper-realistic experience are being researched and developed. About 330 people with master's and doctoral degrees in the fields of media, content, display, and sensory devices are conducting research and development of core technologies and standardization activities at home a;ND;ND;ND;ND;ND;ND;ND;ND;free;primary;not_applicable;ND;ND;https://www.etri.re.kr/eng/sub6/sub6_0101.etri?departCode=170;ND;2;B;V2;200;V2: institution certifiée 3/3, URL ouverte anonymement, titre et contenu vérifiés automatiquement. V3 réservé à une validation plus forte.;f6fa50bf3124be79571c7dad6d3133cb0c20b9aade59a6bf81b0bed7da4d5d07
189;DOC-6461C0300C7491F048FB;research;ND;Introduction of Research Laboratory ㅣ Sudogwon Research Center ㅣ Organization ㅣ Welcome to ETRI;https://www.etri.re.kr/eng/sub6/sub6_0101.etri?departCode=71;ND;www.etri.re.kr;ND;South Korea;Asia;official_research_institution;ND;ND;2026-10-03T23:04:54.204Z;institutional_primary;en;The Sudogwon Research Division was established in 1997 to foster the system semiconductor industry, and the Seoul SW-SoC Convergence R & BD Center was renamed in 2012 to develop the SW-SoC industry. The Sudogwon Research Center aims to play a role as a hub for the development of the SW-SoC industry by conducting R&BD in connection with regional ICT strategic industries and establishing a foundation for system semiconductor technology development. To this end, we operate specialized human resource training programs based on industry demand to foster a well-trained workforce for SoC design with IT convergence knowledge. We also endeavor to strengthen the industrial competitiveness of domestic small businesses through promoting hidden champions of fabless companies and the localization of parts. In addition, we are focusing on securing AI software solution applicable to the various domains ;The Sudogwon Research Division was established in 1997 to foster the system semiconductor industry, and the Seoul SW-SoC Convergence R & BD Center was renamed in 2012 to develop the SW-SoC industry. The Sudogwon Research Center aims to play a role as a hub for the development of the SW-SoC industry by conducting R&BD in connection with regional ICT strategic industries and establishing a foundation for system semiconductor technology development. To this end, we operate specialized human resource training programs based on industry demand to foster a well-trained workforce for SoC design with IT convergence knowledge. We also endeavor to strengthen the industrial competitiveness of domestic small businesses through promoting hidden champions of fabless companies and the localization of parts. In addition, we are focusing on securing AI software solution applicable to the various domains ;ND;ND;ND;ND;ND;ND;ND;ND;free;primary;not_applicable;ND;ND;https://www.etri.re.kr/eng/sub6/sub6_0101.etri?departCode=71;ND;2;B;V2;200;V2: institution certifiée 3/3, URL ouverte anonymement, titre et contenu vérifiés automatiquement. V3 réservé à une validation plus forte.;3eca511525096b27543fb12ae2895f5d85ffefa239117ce5f401f28e3c8cefc0
190;DOC-088EB87509BBBDEA709C;research;ND;Introduction of Research Laboratory ㅣ Terrestrial & Non-Terrestrial Integrated Telecommunications Research Laboratory ㅣ Organization ㅣ Welcome to ETRI;https://www.etri.re.kr/eng/sub6/sub6_0101.etri?departCode=7;ND;www.etri.re.kr;ND;South Korea;Asia;official_research_institution;ND;ND;2026-10-03T23:04:52.680Z;institutional_primary;en;Telecommunications & Media Research Laboratory is researching three major fields: communication, media･content, and radio･satellite including 5G and Post 5G (5G +, 6G) mobile communication which is the essential infrastructure of national growth, hyper-realistic/virtual broadcasting/digital contents for realizing everyday digitalization, and radio/satellite fields that are invisible but essential to the hyper-connectivity era. In the communication sector, there are Future Mobile Communication Research Division and Network Research Division. Future Mobile Communication Research Division develops social issue solving technology with 5G, 5G convergence technology to other industries, and original technology of Post 5G. Network Research Division develops information/knowledge-based networking technology and ultra-speed･ultra-wideband･ultra-low-delay optical network technology. In the media･c;Telecommunications & Media Research Laboratory is researching three major fields: communication, media･content, and radio･satellite including 5G and Post 5G (5G +, 6G) mobile communication which is the essential infrastructure of national growth, hyper-realistic/virtual broadcasting/digital contents for realizing everyday digitalization, and radio/satellite fields that are invisible but essential to the hyper-connectivity era. In the communication sector, there are Future Mobile Communication Research Division and Network Research Division. Future Mobile Communication Research Division develops social issue solving technology with 5G, 5G convergence technology to other industries, and original technology of Post 5G. Network Research Division develops information/knowledge-based networking technology and ultra-speed･ultra-wideband･ultra-low-delay optical network technology. In the media･c;ND;ND;ND;ND;ND;ND;ND;ND;free;primary;not_applicable;ND;ND;https://www.etri.re.kr/eng/sub6/sub6_0101.etri?departCode=7;ND;3;B;V2;200;V2: institution certifiée 3/3, URL ouverte anonymement, titre et contenu vérifiés automatiquement. V3 réservé à une validation plus forte.;a861c7c9cd38d08cde04238f783772c16de00b7fcfe135b7599e627dc45b42ca
191;DOC-C1C9C6362C5E5205044E;research;ND;"Complete localized radiation ecosystem &lt; Radiation Fusion Technology &lt; R&D Activities - 한국원자력연구원 대표 홈페이지(영문)";https://www.kaeri.re.kr/eng/board?menuId=MENU00727;ND;www.kaeri.re.kr;Korea Atomic Energy Research Institute;South Korea;Asia;official_research_institution;ND;ND;2026-10-03T23:05:05.992Z;institutional_primary;en;The development of Nuclear technology, New Standards New Innovations, Development of core radiation technology, Development of New Technologies for Mixed-Use, A lead in the study of basic science;The development of Nuclear technology, New Standards New Innovations, Development of core radiation technology, Development of New Technologies for Mixed-Use, A lead in the study of basic science;ND;ND;ND;ND;ND;ND;ND;ND;free;primary;not_applicable;ND;ND;https://www.kaeri.re.kr/eng/board?menuId=MENU00727;ND;2;B;V2;200;V2: institution certifiée 3/3, URL ouverte anonymement, titre et contenu vérifiés automatiquement. V3 réservé à une validation plus forte.;bae0728a8ff0c0cef7b4b8e9550ff25626cbedc7246b9d820a636a3850c0332e
192;DOC-B66F57AF111056FB452C;research;ND;"Development of higher value-added radiation techno &lt; Radiation Fusion Technology &lt; R&D Activities - 한국원자력연구원 대표 홈페이지(영문)";https://www.kaeri.re.kr/eng/board?menuId=MENU00728;ND;www.kaeri.re.kr;Korea Atomic Energy Research Institute;South Korea;Asia;official_research_institution;ND;ND;2026-10-03T23:05:08.404Z;institutional_primary;en;The development of Nuclear technology, New Standards New Innovations, Development of core radiation technology, Development of New Technologies for Mixed-Use, A lead in the study of basic science;The development of Nuclear technology, New Standards New Innovations, Development of core radiation technology, Development of New Technologies for Mixed-Use, A lead in the study of basic science;ND;ND;ND;ND;ND;ND;ND;ND;free;primary;not_applicable;ND;ND;https://www.kaeri.re.kr/eng/board?menuId=MENU00728;ND;1;B;V2;200;V2: institution certifiée 3/3, URL ouverte anonymement, titre et contenu vérifiés automatiquement. V3 réservé à une validation plus forte.;df30343822a11e7c0544ba0893bc6df92e4a0ace49ec14b826ed5d94be3b7cf9
193;DOC-96F6BD4B03EAEC59FA57;research;ND;"Development of new safety technology to prevent radioactive material leakage &lt; Nuclear Safety Technology &lt; R&D Activities - 한국원자력연구원 대표 홈페이지(영문)";https://www.kaeri.re.kr/eng/board?menuId=MENU00723;ND;www.kaeri.re.kr;Korea Atomic Energy Research Institute;South Korea;Asia;official_research_institution;ND;ND;2026-10-03T23:04:57.720Z;institutional_primary;en;The development of Nuclear technology, New Standards New Innovations, Development of core radiation technology, Development of New Technologies for Mixed-Use, A lead in the study of basic science;The development of Nuclear technology, New Standards New Innovations, Development of core radiation technology, Development of New Technologies for Mixed-Use, A lead in the study of basic science;ND;ND;ND;ND;ND;ND;ND;ND;free;primary;not_applicable;ND;ND;https://www.kaeri.re.kr/eng/board?menuId=MENU00723;ND;3;B;V2;200;V2: institution certifiée 3/3, URL ouverte anonymement, titre et contenu vérifiés automatiquement. V3 réservé à une validation plus forte.;6804b192afb87760db2fe8ffec9781e84da2f809b68bdb4792ecd5cc2f176ec8
194;DOC-5AD562E090C5CB8402D8;research;ND;"Full utilization of nuclear facilities for strengt &lt; Basic Science and Research &lt; R&D Activities - 한국원자력연구원 대표 홈페이지(영문)";https://www.kaeri.re.kr/eng/board?menuId=MENU00732;ND;www.kaeri.re.kr;Korea Atomic Energy Research Institute;South Korea;Asia;official_research_institution;ND;ND;2026-10-03T23:05:08.270Z;institutional_primary;en;The development of Nuclear technology, New Standards New Innovations, Development of core radiation technology, Development of New Technologies for Mixed-Use, A lead in the study of basic science;The development of Nuclear technology, New Standards New Innovations, Development of core radiation technology, Development of New Technologies for Mixed-Use, A lead in the study of basic science;ND;ND;ND;ND;ND;ND;ND;ND;free;primary;not_applicable;ND;ND;https://www.kaeri.re.kr/eng/board?menuId=MENU00732;ND;2;B;V2;200;V2: institution certifiée 3/3, URL ouverte anonymement, titre et contenu vérifiés automatiquement. V3 réservé à une validation plus forte.;c1edb3494b7eae1578a0c40072a36925d39739bc1d58edf9e2a74e69e1364fba
195;DOC-EEF237D442C9BA3D47F5;research;ND;"History and Research Achievements &lt; About KAERI - 한국원자력연구원 대표 홈페이지(영문)";https://www.kaeri.re.kr/eng/board?menuId=MENU00734;ND;www.kaeri.re.kr;Korea Atomic Energy Research Institute;South Korea;Asia;official_research_institution;ND;ND;2026-10-03T23:05:09.716Z;institutional_primary;en;The development of Nuclear technology, New Standards New Innovations, Development of core radiation technology, Development of New Technologies for Mixed-Use, A lead in the study of basic science;The development of Nuclear technology, New Standards New Innovations, Development of core radiation technology, Development of New Technologies for Mixed-Use, A lead in the study of basic science;ND;ND;ND;ND;ND;ND;ND;ND;free;primary;not_applicable;ND;ND;https://www.kaeri.re.kr/eng/board?menuId=MENU00734;ND;1;B;V2;200;V2: institution certifiée 3/3, URL ouverte anonymement, titre et contenu vérifiés automatiquement. V3 réservé à une validation plus forte.;a36a55f539ae24ffb2b97647c0943cb6e038aa2f0eb2af1e70fefc9208418fc6
196;DOC-0B171FA6D3359FC8AE99;research;ND;"Independent NPP decommissioning technology & prepa &lt; Innovative Growth and Job Creation &lt; R&D Activities - 한국원자력연구원 대표 홈페이지(영문)";https://www.kaeri.re.kr/eng/board?menuId=MENU00726;ND;www.kaeri.re.kr;Korea Atomic Energy Research Institute;South Korea;Asia;official_research_institution;ND;ND;2026-10-03T23:04:58.017Z;institutional_primary;en;The development of Nuclear technology, New Standards New Innovations, Development of core radiation technology, Development of New Technologies for Mixed-Use, A lead in the study of basic science;The development of Nuclear technology, New Standards New Innovations, Development of core radiation technology, Development of New Technologies for Mixed-Use, A lead in the study of basic science;ND;ND;ND;ND;ND;ND;ND;ND;free;primary;not_applicable;ND;ND;https://www.kaeri.re.kr/eng/board?menuId=MENU00726;ND;3;B;V2;200;V2: institution certifiée 3/3, URL ouverte anonymement, titre et contenu vérifiés automatiquement. V3 réservé à une validation plus forte.;42cbade69be5981e083e30148948d4eacf9f16037125f268b3afb2744289268a
197;DOC-9E7D1F47C78D027072B8;research;ND;Korea Atomic Energy Research Institute;https://www.kaeri.re.kr/eng/;ND;www.kaeri.re.kr;Korea Atomic Energy Research Institute;South Korea;Asia;official_research_institution;ND;ND;2026-10-03T23:05:01.616Z;institutional_primary;en;The development of Nuclear technology, New Standards New Innovations, Development of core radiation technology, Development of New Technologies for Mixed-Use, A lead in the study of basic science;The development of Nuclear technology, New Standards New Innovations, Development of core radiation technology, Development of New Technologies for Mixed-Use, A lead in the study of basic science;ND;ND;ND;ND;ND;ND;ND;ND;free;primary;not_applicable;ND;ND;https://www.kaeri.re.kr/eng/;ND;2;B;V2;200;V2: institution certifiée 3/3, URL ouverte anonymement, titre et contenu vérifiés automatiquement. V3 réservé à une validation plus forte.;88a2b25635bee2ac32030c00d68d5eb23bac5312c1bd06a6cee2c566d376d77b
198;DOC-2F55CA5696E0023319DB;research;ND;"Leading the world market through indigenously deve &lt; Innovative Growth and Job Creation &lt; R&D Activities - 한국원자력연구원 대표 홈페이지(영문)";https://www.kaeri.re.kr/eng/board?menuId=MENU00725;ND;www.kaeri.re.kr;Korea Atomic Energy Research Institute;South Korea;Asia;official_research_institution;ND;ND;2026-10-03T23:04:57.663Z;institutional_primary;en;The development of Nuclear technology, New Standards New Innovations, Development of core radiation technology, Development of New Technologies for Mixed-Use, A lead in the study of basic science;The development of Nuclear technology, New Standards New Innovations, Development of core radiation technology, Development of New Technologies for Mixed-Use, A lead in the study of basic science;ND;ND;ND;ND;ND;ND;ND;ND;free;primary;not_applicable;ND;ND;https://www.kaeri.re.kr/eng/board?menuId=MENU00725;ND;3;B;V2;200;V2: institution certifiée 3/3, URL ouverte anonymement, titre et contenu vérifiés automatiquement. V3 réservé à une validation plus forte.;60bd2d049210858a7d4fd2f1fe943dc3e1978904e6e55fbed842996950d46e81
199;DOC-E852C995B1C9DA30B8BA;research;ND;"Nuclear Technology Development for Space, Polar, a &lt; New Future Technology &lt; R&D Activities - 한국원자력연구원 대표 홈페이지(영문)";https://www.kaeri.re.kr/eng/board?menuId=MENU00729;ND;www.kaeri.re.kr;Korea Atomic Energy Research Institute;South Korea;Asia;official_research_institution;ND;ND;2026-10-03T23:05:05.991Z;institutional_primary;en;The development of Nuclear technology, New Standards New Innovations, Development of core radiation technology, Development of New Technologies for Mixed-Use, A lead in the study of basic science;The development of Nuclear technology, New Standards New Innovations, Development of core radiation technology, Development of New Technologies for Mixed-Use, A lead in the study of basic science;ND;ND;ND;ND;ND;ND;ND;ND;free;primary;not_applicable;ND;ND;https://www.kaeri.re.kr/eng/board?menuId=MENU00729;ND;2;B;V2;200;V2: institution certifiée 3/3, URL ouverte anonymement, titre et contenu vérifiés automatiquement. V3 réservé à une validation plus forte.;c68eca9fe72a68c52c7ffd3ebbdd3e7773ce1b66a9f8ff24dfc88e90e27903d1
200;DOC-58EDE1FAFED217C99B87;research;ND;"Reports &lt; News & Information - 한국원자력연구원 대표 홈페이지(영문)";https://www.kaeri.re.kr/eng/board?menuId=MENU00722;ND;www.kaeri.re.kr;Korea Atomic Energy Research Institute;South Korea;Asia;official_research_institution;ND;ND;2026-10-03T23:05:08.301Z;institutional_primary;en;The development of Nuclear technology, New Standards New Innovations, Development of core radiation technology, Development of New Technologies for Mixed-Use, A lead in the study of basic science;The development of Nuclear technology, New Standards New Innovations, Development of core radiation technology, Development of New Technologies for Mixed-Use, A lead in the study of basic science;ND;ND;ND;ND;ND;ND;ND;ND;free;primary;not_applicable;ND;ND;https://www.kaeri.re.kr/eng/board?menuId=MENU00722;ND;1;B;V2;200;V2: institution certifiée 3/3, URL ouverte anonymement, titre et contenu vérifiés automatiquement. V3 réservé à une validation plus forte.;158f6493da13f475097a35071fe398f96b4f0b9558634c215570c38cf7a7da70
201;DOC-C13B887CBBF6103685F6;research;ND;"Strengthening basic research in various fields &lt; Basic Science and Research &lt; R&D Activities - 한국원자력연구원 대표 홈페이지(영문)";https://www.kaeri.re.kr/eng/board?menuId=MENU00733;ND;www.kaeri.re.kr;Korea Atomic Energy Research Institute;South Korea;Asia;official_research_institution;ND;ND;2026-10-03T23:05:09.838Z;institutional_primary;en;The development of Nuclear technology, New Standards New Innovations, Development of core radiation technology, Development of New Technologies for Mixed-Use, A lead in the study of basic science;The development of Nuclear technology, New Standards New Innovations, Development of core radiation technology, Development of New Technologies for Mixed-Use, A lead in the study of basic science;ND;ND;ND;ND;ND;ND;ND;ND;free;primary;not_applicable;ND;ND;https://www.kaeri.re.kr/eng/board?menuId=MENU00733;ND;1;B;V2;200;V2: institution certifiée 3/3, URL ouverte anonymement, titre et contenu vérifiés automatiquement. V3 réservé à une validation plus forte.;366019fda2d3abc22064a5f57e9b4f911fbd1b7de5295f4595e715be10ec8af2
202;DOC-D2B7B0407DE156181C98;research;ND;Fundamental Technology | Research Activities | Plasma Technology Research | Research : KOREA INSTITUTE OF FUSION ENERGY;https://www.kfe.re.kr/menu.es?mid=a20205020100;ND;www.kfe.re.kr;KOREA INSTITUTE OF FUSION ENERGY;South Korea;Asia;official_research_institution;ND;ND;2026-10-03T23:05:17.500Z;institutional_primary;en;KOREA INSTITUTE OF FUSION ENERGY,Fundamental Technology | Research Activities | Plasma Technology Research | Research;KOREA INSTITUTE OF FUSION ENERGY,Fundamental Technology | Research Activities | Plasma Technology Research | Research;ND;ND;ND;ND;ND;ND;ND;ND;free;primary;not_applicable;ND;ND;https://www.kfe.re.kr/menu.es?mid=a20205020100;ND;1;B;V2;200;V2: institution certifiée 3/3, URL ouverte anonymement, titre et contenu vérifiés automatiquement. V3 réservé à une validation plus forte.;97d085926f2454bac252cf60577b908f6533a0640f37352ed0af0852cf41bce8
203;DOC-A0C3BBE1E73B95E45042;research;ND;Fusion Engineering Research | Fusion Engineering Research | Research : KOREA INSTITUTE OF FUSION ENERGY;https://www.kfe.re.kr/menu.es?mid=a20204030000;ND;www.kfe.re.kr;KOREA INSTITUTE OF FUSION ENERGY;South Korea;Asia;official_research_institution;ND;ND;2026-10-03T23:05:15.634Z;institutional_primary;en;KOREA INSTITUTE OF FUSION ENERGY,Fusion Engineering Research | Fusion Engineering Research | Research;KOREA INSTITUTE OF FUSION ENERGY,Fusion Engineering Research | Fusion Engineering Research | Research;ND;ND;ND;ND;ND;ND;ND;ND;free;primary;not_applicable;ND;ND;https://www.kfe.re.kr/menu.es?mid=a20204030000;ND;2;B;V2;200;V2: institution certifiée 3/3, URL ouverte anonymement, titre et contenu vérifiés automatiquement. V3 réservé à une validation plus forte.;f4ff3c2df30f0605f30aac6e4e4bcc68800f7ddb854aead8a6bdf83e33aef332
204;DOC-FA6D8B00D473EB1C4388;research;ND;Fusion Fuel System Research | Research Activities | Fusion Engineering Research | Research : KOREA INSTITUTE OF FUSION ENERGY;https://www.kfe.re.kr/menu.es?mid=a20204020100;ND;www.kfe.re.kr;KOREA INSTITUTE OF FUSION ENERGY;South Korea;Asia;official_research_institution;ND;ND;2026-10-03T23:05:17.244Z;institutional_primary;en;KOREA INSTITUTE OF FUSION ENERGY,Fusion Fuel System Research | Research Activities | Fusion Engineering Research | Research;KOREA INSTITUTE OF FUSION ENERGY,Fusion Fuel System Research | Research Activities | Fusion Engineering Research | Research;ND;ND;ND;ND;ND;ND;ND;ND;free;primary;not_applicable;ND;ND;https://www.kfe.re.kr/menu.es?mid=a20204020100;ND;1;B;V2;200;V2: institution certifiée 3/3, URL ouverte anonymement, titre et contenu vérifiés automatiquement. V3 réservé à une validation plus forte.;81e2b11e78db2a2b70ac8e1b5d7a0a9c41614657fd52b6d0117febc3ef35643b
205;DOC-60FCCF40844454983193;research;ND;Fusion Research Devices | International Fusion Research | Fusion Energy | Research : KOREA INSTITUTE OF FUSION ENERGY;https://www.kfe.re.kr/menu.es?mid=a20201030100;ND;www.kfe.re.kr;KOREA INSTITUTE OF FUSION ENERGY;South Korea;Asia;official_research_institution;ND;ND;2026-10-03T23:05:17.395Z;institutional_primary;en;KOREA INSTITUTE OF FUSION ENERGY,Fusion Research Devices | International Fusion Research | Fusion Energy | Research;KOREA INSTITUTE OF FUSION ENERGY,Fusion Research Devices | International Fusion Research | Fusion Energy | Research;ND;ND;ND;ND;ND;ND;ND;ND;free;primary;not_applicable;ND;ND;https://www.kfe.re.kr/menu.es?mid=a20201030100;ND;1;B;V2;200;V2: institution certifiée 3/3, URL ouverte anonymement, titre et contenu vérifiés automatiquement. V3 réservé à une validation plus forte.;a027345e74487e4786336340cff3771ec22ee5afdb911387f53a78c1cd7b003f
206;DOC-3BDDA50896A17A2CF122;research;ND;Institute of Plasma Technology (Gunsan) | Visiting KFE | About KFE : KOREA INSTITUTE OF FUSION ENERGY;https://www.kfe.re.kr/menu.es?mid=a20105020000;ND;www.kfe.re.kr;KOREA INSTITUTE OF FUSION ENERGY;South Korea;Asia;official_research_institution;ND;ND;2026-10-03T23:05:14.864Z;institutional_primary;en;KOREA INSTITUTE OF FUSION ENERGY,Institute of Plasma Technology (Gunsan) | Visiting KFE | About KFE;KOREA INSTITUTE OF FUSION ENERGY,Institute of Plasma Technology (Gunsan) | Visiting KFE | About KFE;ND;ND;ND;ND;ND;ND;ND;ND;free;primary;not_applicable;ND;ND;https://www.kfe.re.kr/menu.es?mid=a20105020000;ND;2;B;V2;200;V2: institution certifiée 3/3, URL ouverte anonymement, titre et contenu vérifiés automatiquement. V3 réservé à une validation plus forte.;a81b6c5ceebc6a00ebd47ca7e9c8132dfbb3b83fdee6c8ccaf2da012c8917cdf
207;DOC-124EA0879B473F3CC982;research;ND;Introduction | Fusion Engineering Research | Research : KOREA INSTITUTE OF FUSION ENERGY;https://www.kfe.re.kr/menu.es?mid=a20204010000;ND;www.kfe.re.kr;KOREA INSTITUTE OF FUSION ENERGY;South Korea;Asia;official_research_institution;ND;ND;2026-10-03T23:05:14.904Z;institutional_primary;en;KOREA INSTITUTE OF FUSION ENERGY,Introduction | Fusion Engineering Research | Research;KOREA INSTITUTE OF FUSION ENERGY,Introduction | Fusion Engineering Research | Research;ND;ND;ND;ND;ND;ND;ND;ND;free;primary;not_applicable;ND;ND;https://www.kfe.re.kr/menu.es?mid=a20204010000;ND;2;B;V2;200;V2: institution certifiée 3/3, URL ouverte anonymement, titre et contenu vérifiés automatiquement. V3 réservé à une validation plus forte.;465cd95054e91e9f22ad8257f5c0d1642ae9db13e91b8cf242e0f5df93ba2b0f
208;DOC-00DA80D57EE236088F8F;research;ND;Introduction | Plasma Technology Research | Research : KOREA INSTITUTE OF FUSION ENERGY;https://www.kfe.re.kr/menu.es?mid=a20205010000;ND;www.kfe.re.kr;KOREA INSTITUTE OF FUSION ENERGY;South Korea;Asia;official_research_institution;ND;ND;2026-10-03T23:05:13.874Z;institutional_primary;en;KOREA INSTITUTE OF FUSION ENERGY,Introduction | Plasma Technology Research | Research;KOREA INSTITUTE OF FUSION ENERGY,Introduction | Plasma Technology Research | Research;ND;ND;ND;ND;ND;ND;ND;ND;free;primary;not_applicable;ND;ND;https://www.kfe.re.kr/menu.es?mid=a20205010000;ND;3;B;V2;200;V2: institution certifiée 3/3, URL ouverte anonymement, titre et contenu vérifiés automatiquement. V3 réservé à une validation plus forte.;7407478d3f60f87ddc1c82d22c72b4758050b5fd9f41bec1b2e0d7fcbaf135f7
209;DOC-8205FDA40CA90EBAB457;research;ND;Overview of the 4th Master Plan | Fusion Research in Korea | Fusion Energy | Research : KOREA INSTITUTE OF FUSION ENERGY;https://www.kfe.re.kr/menu.es?mid=a20201020100;ND;www.kfe.re.kr;KOREA INSTITUTE OF FUSION ENERGY;South Korea;Asia;official_research_institution;ND;ND;2026-10-03T23:05:15.996Z;institutional_primary;en;KOREA INSTITUTE OF FUSION ENERGY,Overview of the 4th Master Plan | Fusion Research in Korea | Fusion Energy | Research;KOREA INSTITUTE OF FUSION ENERGY,Overview of the 4th Master Plan | Fusion Research in Korea | Fusion Energy | Research;ND;ND;ND;ND;ND;ND;ND;ND;free;primary;not_applicable;ND;ND;https://www.kfe.re.kr/menu.es?mid=a20201020100;ND;1;B;V2;200;V2: institution certifiée 3/3, URL ouverte anonymement, titre et contenu vérifiés automatiquement. V3 réservé à une validation plus forte.;2d296e9d2adfe9aeee09d992aaf8247a4a266a86d024b2d7ab93b86fcc001a20
210;DOC-241C9F75F2F190073AA6;research;ND;Procurement Items | Research Activities | ITER | Research : KOREA INSTITUTE OF FUSION ENERGY;https://www.kfe.re.kr/menu.es?mid=a20203030100;ND;www.kfe.re.kr;KOREA INSTITUTE OF FUSION ENERGY;South Korea;Asia;official_research_institution;ND;ND;2026-10-03T23:05:17.651Z;institutional_primary;en;KOREA INSTITUTE OF FUSION ENERGY,Procurement Items | Research Activities | ITER | Research;KOREA INSTITUTE OF FUSION ENERGY,Procurement Items | Research Activities | ITER | Research;ND;ND;ND;ND;ND;ND;ND;ND;free;primary;not_applicable;ND;ND;https://www.kfe.re.kr/menu.es?mid=a20203030100;ND;1;B;V2;200;V2: institution certifiée 3/3, URL ouverte anonymement, titre et contenu vérifiés automatiquement. V3 réservé à une validation plus forte.;1772a4b891f50f157fa601c7dd9c9a463ef067e77ea608ad0aeb6dd7160a5827
211;DOC-2E6DCA9177BDDF46E1F2;research;ND;Results of Operation | Research Activities | KSTAR | Research : KOREA INSTITUTE OF FUSION ENERGY;https://www.kfe.re.kr/menu.es?mid=a20202040100;ND;www.kfe.re.kr;KOREA INSTITUTE OF FUSION ENERGY;South Korea;Asia;official_research_institution;ND;ND;2026-10-03T23:05:17.642Z;institutional_primary;en;KOREA INSTITUTE OF FUSION ENERGY,Results of Operation | Research Activities | KSTAR | Research;KOREA INSTITUTE OF FUSION ENERGY,Results of Operation | Research Activities | KSTAR | Research;ND;ND;ND;ND;ND;ND;ND;ND;free;primary;not_applicable;ND;ND;https://www.kfe.re.kr/menu.es?mid=a20202040100;ND;1;B;V2;200;V2: institution certifiée 3/3, URL ouverte anonymement, titre et contenu vérifiés automatiquement. V3 réservé à une validation plus forte.;5fccfa3128398613bb782b86c2b4dabe885f959d60090110019dad7adffb3006
212;DOC-A2C68E670F33AFA48B8E;research;ND;Safety and Health Management Policy | About KFE : KOREA INSTITUTE OF FUSION ENERGY;https://www.kfe.re.kr/menu.es?mid=a20106000000;ND;www.kfe.re.kr;KOREA INSTITUTE OF FUSION ENERGY;South Korea;Asia;official_research_institution;ND;ND;2026-10-03T23:05:16.746Z;institutional_primary;en;KOREA INSTITUTE OF FUSION ENERGY,Safety and Health Management Policy | About KFE;KOREA INSTITUTE OF FUSION ENERGY,Safety and Health Management Policy | About KFE;ND;ND;ND;ND;ND;ND;ND;ND;free;primary;not_applicable;ND;ND;https://www.kfe.re.kr/menu.es?mid=a20106000000;ND;1;B;V2;200;V2: institution certifiée 3/3, URL ouverte anonymement, titre et contenu vérifiés automatiquement. V3 réservé à une validation plus forte.;1e007428015ff1b4b454ae292d4995fdd967619f0ef75c4f17eca36acae18f5e
213;DOC-F31F3D362CDC9D3AC0D8;research;ND;Global KICT | News & Notice : KICT-KOREA INSTITUTE of CIVIL ENGINEERING and BUILDING TECHNOLOGY;https://www.kict.re.kr/board.es?amp%3Bact=view&amp%3Bbid=globalkict&amp%3Blist_no=17555&mid=a20602000000;ND;www.kict.re.kr;KICT-KOREA INSTITUTE of CIVIL ENGINEERING and BUILDING TECHNOLOGY;South Korea;Asia;official_research_institution;ND;ND;2026-10-03T23:05:14.166Z;institutional_primary;en;KICT-KOREA INSTITUTE of CIVIL ENGINEERING and BUILDING TECHNOLOGY,Global KICT | News & Notice;KICT-KOREA INSTITUTE of CIVIL ENGINEERING and BUILDING TECHNOLOGY,Global KICT | News & Notice;ND;ND;ND;ND;ND;ND;ND;ND;free;primary;not_applicable;ND;ND;https://www.kict.re.kr/board.es?amp%3Bact=view&amp%3Bbid=globalkict&amp%3Blist_no=17555&mid=a20602000000;ND;2;B;V2;200;V2: institution certifiée 3/3, URL ouverte anonymement, titre et contenu vérifiés automatiquement. V3 réservé à une validation plus forte.;9f4177da53eebd8f1825c35642c7f8e1bcd62cc37ee51506a6f97f0035357d6f
214;DOC-F4CC2DBA90BC41DEA712;research;ND;Ilsan Headquarters (Main Research Facilities) | Research Facilities | Research Information : KICT-KOREA INSTITUTE of CIVIL ENGINEERING and BUILDING TECHNOLOGY;https://www.kict.re.kr/menu.es?mid=a20302010000;ND;www.kict.re.kr;KICT-KOREA INSTITUTE of CIVIL ENGINEERING and BUILDING TECHNOLOGY;South Korea;Asia;official_research_institution;ND;ND;2026-10-03T23:05:14.972Z;institutional_primary;en;KICT-KOREA INSTITUTE of CIVIL ENGINEERING and BUILDING TECHNOLOGY,Ilsan Headquarters (Main Research Facilities) | Research Facilities | Research Information;KICT-KOREA INSTITUTE of CIVIL ENGINEERING and BUILDING TECHNOLOGY,Ilsan Headquarters (Main Research Facilities) | Research Facilities | Research Information;ND;ND;ND;ND;ND;ND;ND;ND;free;primary;not_applicable;ND;ND;https://www.kict.re.kr/menu.es?mid=a20302010000;ND;2;B;V2;200;V2: institution certifiée 3/3, URL ouverte anonymement, titre et contenu vérifiés automatiquement. V3 réservé à une validation plus forte.;96dea1a711e96dd5541780e7ad47a74bf506157e5993216618b4be1012b9ee06
215;DOC-1F2AC76FD2C12D554BAD;research;ND;Intro | Smart Construction Technology Plaza | Industrial Support : KICT-KOREA INSTITUTE of CIVIL ENGINEERING and BUILDING TECHNOLOGY;https://www.kict.re.kr/menu.es?mid=a20406010000;ND;www.kict.re.kr;KICT-KOREA INSTITUTE of CIVIL ENGINEERING and BUILDING TECHNOLOGY;South Korea;Asia;official_research_institution;ND;ND;2026-10-03T23:05:15.514Z;institutional_primary;en;KICT-KOREA INSTITUTE of CIVIL ENGINEERING and BUILDING TECHNOLOGY,Intro | Smart Construction Technology Plaza | Industrial Support;KICT-KOREA INSTITUTE of CIVIL ENGINEERING and BUILDING TECHNOLOGY,Intro | Smart Construction Technology Plaza | Industrial Support;ND;ND;ND;ND;ND;ND;ND;ND;free;primary;not_applicable;ND;ND;https://www.kict.re.kr/menu.es?mid=a20406010000;ND;2;B;V2;200;V2: institution certifiée 3/3, URL ouverte anonymement, titre et contenu vérifiés automatiquement. V3 réservé à une validation plus forte.;f1dd48d7401534792900015cea45b1aef676e790a802bc48267bf01942493ba1
216;DOC-B8E0D9AE5CBB1D74761D;research;ND;Introduction | Department of Building Energy Research | Research Division : KICT-KOREA INSTITUTE of CIVIL ENGINEERING and BUILDING TECHNOLOGY;https://www.kict.re.kr/menu.es?mid=a20220010000;ND;www.kict.re.kr;KICT-KOREA INSTITUTE of CIVIL ENGINEERING and BUILDING TECHNOLOGY;South Korea;Asia;official_research_institution;ND;ND;2026-10-03T23:05:14.977Z;institutional_primary;en;KICT-KOREA INSTITUTE of CIVIL ENGINEERING and BUILDING TECHNOLOGY,Introduction | Department of Building Energy Research | Research Division;KICT-KOREA INSTITUTE of CIVIL ENGINEERING and BUILDING TECHNOLOGY,Introduction | Department of Building Energy Research | Research Division;ND;ND;ND;ND;ND;ND;ND;ND;free;primary;not_applicable;ND;ND;https://www.kict.re.kr/menu.es?mid=a20220010000;ND;2;B;V2;200;V2: institution certifiée 3/3, URL ouverte anonymement, titre et contenu vérifiés automatiquement. V3 réservé à une validation plus forte.;5e9cf5ae2ff3b817583f7bc163118f75ac0124e13138d051d54b339f237d13ce
217;DOC-FB74C300F550EC09A5DC;research;ND;Introduction | Department of Environmental Research | Research Division : KICT-KOREA INSTITUTE of CIVIL ENGINEERING and BUILDING TECHNOLOGY;https://www.kict.re.kr/menu.es?mid=a20217010000;ND;www.kict.re.kr;KICT-KOREA INSTITUTE of CIVIL ENGINEERING and BUILDING TECHNOLOGY;South Korea;Asia;official_research_institution;ND;ND;2026-10-03T23:05:15.092Z;institutional_primary;en;KICT-KOREA INSTITUTE of CIVIL ENGINEERING and BUILDING TECHNOLOGY,Introduction | Department of Environmental Research | Research Division;KICT-KOREA INSTITUTE of CIVIL ENGINEERING and BUILDING TECHNOLOGY,Introduction | Department of Environmental Research | Research Division;ND;ND;ND;ND;ND;ND;ND;ND;free;primary;not_applicable;ND;ND;https://www.kict.re.kr/menu.es?mid=a20217010000;ND;2;B;V2;200;V2: institution certifiée 3/3, URL ouverte anonymement, titre et contenu vérifiés automatiquement. V3 réservé à une validation plus forte.;6a6eaf35b42e5931828aa995e4fa9b1c186693d3c7df1a505377cec00506e9ef
218;DOC-921C5933E657C60A4889;research;ND;Introduction | Department of Geotechnical Engineering Research | Research Division : KICT-KOREA INSTITUTE of CIVIL ENGINEERING and BUILDING TECHNOLOGY;https://www.kict.re.kr/menu.es?mid=a20214010000;ND;www.kict.re.kr;KICT-KOREA INSTITUTE of CIVIL ENGINEERING and BUILDING TECHNOLOGY;South Korea;Asia;official_research_institution;ND;ND;2026-10-03T23:05:14.814Z;institutional_primary;en;KICT-KOREA INSTITUTE of CIVIL ENGINEERING and BUILDING TECHNOLOGY,Introduction | Department of Geotechnical Engineering Research | Research Division;KICT-KOREA INSTITUTE of CIVIL ENGINEERING and BUILDING TECHNOLOGY,Introduction | Department of Geotechnical Engineering Research | Research Division;ND;ND;ND;ND;ND;ND;ND;ND;free;primary;not_applicable;ND;ND;https://www.kict.re.kr/menu.es?mid=a20214010000;ND;2;B;V2;200;V2: institution certifiée 3/3, URL ouverte anonymement, titre et contenu vérifiés automatiquement. V3 réservé à une validation plus forte.;8f690cd8e07c7c584cf12c82b0eaa93e291e6a8fa0ff6c24252fd14dc80f29e1
219;DOC-49A7947E7D154D7B91F1;research;ND;Introduction | Department of Hydro Science and Engineering Research | Research Division : KICT-KOREA INSTITUTE of CIVIL ENGINEERING and BUILDING TECHNOLOGY;https://www.kict.re.kr/menu.es?mid=a20216010000;ND;www.kict.re.kr;KICT-KOREA INSTITUTE of CIVIL ENGINEERING and BUILDING TECHNOLOGY;South Korea;Asia;official_research_institution;ND;ND;2026-10-03T23:05:13.377Z;institutional_primary;en;KICT-KOREA INSTITUTE of CIVIL ENGINEERING and BUILDING TECHNOLOGY,Introduction | Department of Hydro Science and Engineering Research | Research Division;KICT-KOREA INSTITUTE of CIVIL ENGINEERING and BUILDING TECHNOLOGY,Introduction | Department of Hydro Science and Engineering Research | Research Division;ND;ND;ND;ND;ND;ND;ND;ND;free;primary;not_applicable;ND;ND;https://www.kict.re.kr/menu.es?mid=a20216010000;ND;3;B;V2;200;V2: institution certifiée 3/3, URL ouverte anonymement, titre et contenu vérifiés automatiquement. V3 réservé à une validation plus forte.;bbc1f1409cbb2f23644d8080618b7c7e0386dfe4687f8bda0880bffe0e25240e
220;DOC-F9F523D1EB6A1306ADAA;research;ND;Introduction | Department of Structural Engineering Research | Research Division : KICT-KOREA INSTITUTE of CIVIL ENGINEERING and BUILDING TECHNOLOGY;https://www.kict.re.kr/menu.es?mid=a20213010000;ND;www.kict.re.kr;KICT-KOREA INSTITUTE of CIVIL ENGINEERING and BUILDING TECHNOLOGY;South Korea;Asia;official_research_institution;ND;ND;2026-10-03T23:05:14.324Z;institutional_primary;en;KICT-KOREA INSTITUTE of CIVIL ENGINEERING and BUILDING TECHNOLOGY,Introduction | Department of Structural Engineering Research | Research Division;KICT-KOREA INSTITUTE of CIVIL ENGINEERING and BUILDING TECHNOLOGY,Introduction | Department of Structural Engineering Research | Research Division;ND;ND;ND;ND;ND;ND;ND;ND;free;primary;not_applicable;ND;ND;https://www.kict.re.kr/menu.es?mid=a20213010000;ND;2;B;V2;200;V2: institution certifiée 3/3, URL ouverte anonymement, titre et contenu vérifiés automatiquement. V3 réservé à une validation plus forte.;ad8d95aff72be4f844db81cdd4934195c8ed203bd044c57e0ff43756292944f8
221;DOC-094893D0C5AECBECE2CB;research;ND;News & Notice | News & Notice : KICT-KOREA INSTITUTE of CIVIL ENGINEERING and BUILDING TECHNOLOGY;https://www.kict.re.kr/board.es?amp%3Bact=view&amp%3Bbid=newsnotice&amp%3Blist_no=17715&mid=a20601000000;ND;www.kict.re.kr;KICT-KOREA INSTITUTE of CIVIL ENGINEERING and BUILDING TECHNOLOGY;South Korea;Asia;official_research_institution;ND;ND;2026-10-03T23:05:15.502Z;institutional_primary;en;KICT-KOREA INSTITUTE of CIVIL ENGINEERING and BUILDING TECHNOLOGY,News & Notice | News & Notice;KICT-KOREA INSTITUTE of CIVIL ENGINEERING and BUILDING TECHNOLOGY,News & Notice | News & Notice;ND;ND;ND;ND;ND;ND;ND;ND;free;primary;not_applicable;ND;ND;https://www.kict.re.kr/board.es?amp%3Bact=view&amp%3Bbid=newsnotice&amp%3Blist_no=17715&mid=a20601000000;ND;1;B;V2;200;V2: institution certifiée 3/3, URL ouverte anonymement, titre et contenu vérifiés automatiquement. V3 réservé à une validation plus forte.;0f5593b336da7e7abd5ad5c82138ea3bdca56889124f6b299433b09686a16075
222;DOC-B3C90C21A6AE9A82DC05;research;ND;Research Reports | Research Information : KICT-KOREA INSTITUTE of CIVIL ENGINEERING and BUILDING TECHNOLOGY;https://www.kict.re.kr/researchResultWeb/getResearchResultAll.es?mid=a20301000000;ND;www.kict.re.kr;KICT-KOREA INSTITUTE of CIVIL ENGINEERING and BUILDING TECHNOLOGY;South Korea;Asia;official_research_institution;ND;ND;2026-10-03T23:05:14.461Z;institutional_primary;en;KICT-KOREA INSTITUTE of CIVIL ENGINEERING and BUILDING TECHNOLOGY,Research Reports | Research Information;KICT-KOREA INSTITUTE of CIVIL ENGINEERING and BUILDING TECHNOLOGY,Research Reports | Research Information;ND;ND;ND;ND;ND;10.1016/j.scs.2025.106283;10.1016/j.scs.2025.106283;ND;free;primary;not_applicable;ND;ND;https://www.kict.re.kr/researchResultWeb/getResearchResultAll.es?mid=a20301000000;ND;3;B;V2;200;V2: institution certifiée 3/3, URL ouverte anonymement, titre et contenu vérifiés automatiquement. V3 réservé à une validation plus forte.;b52a7a60e29add27ab86e34c835c9d73422c0a20c064587efcac40f9bb46bd34
223;DOC-DED1962E8672B7104FA3;research;ND;Smart Construction Innovation Startup Program | Smart Construction Support Center | Industrial Support : KICT-KOREA INSTITUTE of CIVIL ENGINEERING and BUILDING TECHNOLOGY;https://www.kict.re.kr/menu.es?mid=a20405060000;ND;www.kict.re.kr;KICT-KOREA INSTITUTE of CIVIL ENGINEERING and BUILDING TECHNOLOGY;South Korea;Asia;official_research_institution;ND;ND;2026-10-03T23:05:15.521Z;institutional_primary;en;KICT-KOREA INSTITUTE of CIVIL ENGINEERING and BUILDING TECHNOLOGY,Smart Construction Innovation Startup Program | Smart Construction Support Center | Industrial Support;KICT-KOREA INSTITUTE of CIVIL ENGINEERING and BUILDING TECHNOLOGY,Smart Construction Innovation Startup Program | Smart Construction Support Center | Industrial Support;ND;ND;ND;ND;ND;ND;ND;ND;free;primary;not_applicable;ND;ND;https://www.kict.re.kr/menu.es?mid=a20405060000;ND;2;B;V2;200;V2: institution certifiée 3/3, URL ouverte anonymement, titre et contenu vérifiés automatiquement. V3 réservé à une validation plus forte.;f9876ccb8e1c690f7137f12961b4174a17c6d9b51e297476632545497e95fa7f
224;DOC-BE25F48240A40E8A45CF;research;ND;Technology Exchange Meeting | SME Support | Industrial Support : KICT-KOREA INSTITUTE of CIVIL ENGINEERING and BUILDING TECHNOLOGY;https://www.kict.re.kr/menu.es?mid=a20401020000;ND;www.kict.re.kr;KICT-KOREA INSTITUTE of CIVIL ENGINEERING and BUILDING TECHNOLOGY;South Korea;Asia;official_research_institution;ND;ND;2026-10-03T23:05:14.978Z;institutional_primary;en;KICT-KOREA INSTITUTE of CIVIL ENGINEERING and BUILDING TECHNOLOGY,Technology Exchange Meeting | SME Support | Industrial Support;KICT-KOREA INSTITUTE of CIVIL ENGINEERING and BUILDING TECHNOLOGY,Technology Exchange Meeting | SME Support | Industrial Support;ND;ND;ND;ND;ND;ND;ND;ND;free;primary;not_applicable;ND;ND;https://www.kict.re.kr/menu.es?mid=a20401020000;ND;2;B;V2;200;V2: institution certifiée 3/3, URL ouverte anonymement, titre et contenu vérifiés automatiquement. V3 réservé à une validation plus forte.;f2ddce1a39c9dd28fa091279b54a8a335b5b9f43a9e3c9e5e368c17cea1b5e79
225;DOC-F6316694D5F0D58017C6;research;ND;Technology Transfer | Industrial Support : KICT-KOREA INSTITUTE of CIVIL ENGINEERING and BUILDING TECHNOLOGY;https://www.kict.re.kr/menu.es?mid=a20402000000;ND;www.kict.re.kr;KICT-KOREA INSTITUTE of CIVIL ENGINEERING and BUILDING TECHNOLOGY;South Korea;Asia;official_research_institution;ND;ND;2026-10-03T23:05:14.964Z;institutional_primary;en;KICT-KOREA INSTITUTE of CIVIL ENGINEERING and BUILDING TECHNOLOGY,Technology Transfer | Industrial Support;KICT-KOREA INSTITUTE of CIVIL ENGINEERING and BUILDING TECHNOLOGY,Technology Transfer | Industrial Support;ND;ND;ND;ND;ND;ND;ND;ND;free;primary;not_applicable;ND;ND;https://www.kict.re.kr/menu.es?mid=a20402000000;ND;2;B;V2;200;V2: institution certifiée 3/3, URL ouverte anonymement, titre et contenu vérifiés automatiquement. V3 réservé à une validation plus forte.;5f5cdf55255abd91e550be8a236f1bf739ce3d69b6fb883717fabcb8d8849a4d
226;DOC-BE9AB07CDADB869D31AC;research;ND;Herbal Medicine Resources Research Center(Jeonnam) | Location | About KIOM : 한국한의학연구원;https://kiom.re.kr/menu.es?mid=a20104050000;ND;www.kiom.re.kr;한의학연구원 영문;South Korea;Asia;official_research_institution;ND;ND;2026-10-03T23:05:37.789Z;institutional_primary;en;한국한의학연구원,Herbal Medicine Resources Research Center(Jeonnam) | Location | About KIOM;한국한의학연구원,Herbal Medicine Resources Research Center(Jeonnam) | Location | About KIOM;ND;ND;ND;ND;ND;ND;ND;ND;free;primary;not_applicable;ND;ND;https://kiom.re.kr/menu.es?mid=a20104050000;ND;2;B;V2;200;V2: institution certifiée 3/3, URL ouverte anonymement, titre et contenu vérifiés automatiquement. V3 réservé à une validation plus forte.;8ada71310b3eed61a48c492eb6b70230a151dc7940f5cfd9e96a4e1b4da4f126
227;DOC-9F447DAA7B1631CADAE0;research;ND;About Group | Convergence Research Center for Meta-Touch | Convergence Research Center for Meta-Touch | Research : 한국표준과학연구원 영문;https://www.kriss.re.kr/departmentEngWeb/department2deptsView.es?kd2_code=1000072&mid=a20806010100;ND;www.kriss.re.kr;한국표준과학연구원 영문;South Korea;Asia;official_research_institution;ND;ND;2026-10-03T23:05:47.547Z;institutional_primary;en;한국표준과학연구원 영문,About Group | Convergence Research Center for Meta-Touch | Convergence Research Center for Meta-Touch | Research;한국표준과학연구원 영문,About Group | Convergence Research Center for Meta-Touch | Convergence Research Center for Meta-Touch | Research;ND;ND;ND;ND;ND;ND;ND;ND;free;primary;not_applicable;ND;ND;https://www.kriss.re.kr/departmentEngWeb/department2deptsView.es?kd2_code=1000072&mid=a20806010100;ND;1;B;V2;200;V2: institution certifiée 3/3, URL ouverte anonymement, titre et contenu vérifiés automatiquement. V3 réservé à une validation plus forte.;d193882a507a624fd45433c0537408038985e68dc495f8d535bfb6d775f5db26
228;DOC-A7CEFD6BD3DA7D2CE9CB;research;ND;About Group | Emerging Material Metrology Group | Division of Chemical and Material Metrology | Research : 한국표준과학연구원 영문;https://www.kriss.re.kr/departmentEngWeb/department2deptsView.es?kd2_code=1000041&mid=a20802040100;ND;www.kriss.re.kr;한국표준과학연구원 영문;South Korea;Asia;official_research_institution;ND;ND;2026-10-03T23:05:47.010Z;institutional_primary;en;한국표준과학연구원 영문,About Group | Emerging Material Metrology Group | Division of Chemical and Material Metrology | Research;한국표준과학연구원 영문,About Group | Emerging Material Metrology Group | Division of Chemical and Material Metrology | Research;ND;ND;ND;ND;ND;ND;ND;ND;free;primary;not_applicable;ND;ND;https://www.kriss.re.kr/departmentEngWeb/department2deptsView.es?kd2_code=1000041&mid=a20802040100;ND;1;B;V2;200;V2: institution certifiée 3/3, URL ouverte anonymement, titre et contenu vérifiés automatiquement. V3 réservé à une validation plus forte.;c64e18dc97bd7374535228e37a9ebb304910949f5ce6b74409580564acdceee2
229;DOC-4E800DC7704A989D62B6;research;ND;About Group | Emerging Research Instruments Group | Strategic Technology Research Institute | Research : 한국표준과학연구원 영문;https://www.kriss.re.kr/departmentEngWeb/department2deptsView.es?kd2_code=1000034&mid=a20805040100;ND;www.kriss.re.kr;한국표준과학연구원 영문;South Korea;Asia;official_research_institution;ND;ND;2026-10-03T23:05:46.996Z;institutional_primary;en;한국표준과학연구원 영문,About Group | Emerging Research Instruments Group | Strategic Technology Research Institute | Research;한국표준과학연구원 영문,About Group | Emerging Research Instruments Group | Strategic Technology Research Institute | Research;ND;ND;ND;ND;ND;ND;ND;ND;free;primary;not_applicable;ND;ND;https://www.kriss.re.kr/departmentEngWeb/department2deptsView.es?kd2_code=1000034&mid=a20805040100;ND;1;B;V2;200;V2: institution certifiée 3/3, URL ouverte anonymement, titre et contenu vérifiés automatiquement. V3 réservé à une validation plus forte.;90d32ad4bbd7db3a73565658ecd40c0c88797deaf43d906a007af849dcf8ef08
230;DOC-92C76FCAD08C2426BF23;research;ND;About Group | Hydrogen Energy Group | Strategic Technology Research Institute | Research : 한국표준과학연구원 영문;https://www.kriss.re.kr/departmentEngWeb/department2deptsView.es?kd2_code=1000045&mid=a20805030100;ND;www.kriss.re.kr;한국표준과학연구원 영문;South Korea;Asia;official_research_institution;ND;ND;2026-10-03T23:05:47.006Z;institutional_primary;en;한국표준과학연구원 영문,About Group | Hydrogen Energy Group | Strategic Technology Research Institute | Research;한국표준과학연구원 영문,About Group | Hydrogen Energy Group | Strategic Technology Research Institute | Research;ND;ND;ND;ND;ND;ND;ND;ND;free;primary;not_applicable;ND;ND;https://www.kriss.re.kr/departmentEngWeb/department2deptsView.es?kd2_code=1000045&mid=a20805030100;ND;1;B;V2;200;V2: institution certifiée 3/3, URL ouverte anonymement, titre et contenu vérifiés automatiquement. V3 réservé à une validation plus forte.;fa3d71a633922a2dabe9f04e104dabf7bc1336e890e2c1649d7106c9e333fa6d
231;DOC-81DC98211809D8CBCA13;research;ND;About Group | Material Property Metrology Group | Division of Chemical and Material Metrology | Research : 한국표준과학연구원 영문;https://www.kriss.re.kr/departmentEngWeb/department2deptsView.es?kd2_code=1000036&mid=a20802050100;ND;www.kriss.re.kr;한국표준과학연구원 영문;South Korea;Asia;official_research_institution;ND;ND;2026-10-03T23:05:47.001Z;institutional_primary;en;한국표준과학연구원 영문,About Group | Material Property Metrology Group | Division of Chemical and Material Metrology | Research;한국표준과학연구원 영문,About Group | Material Property Metrology Group | Division of Chemical and Material Metrology | Research;ND;ND;ND;ND;ND;ND;ND;ND;free;primary;not_applicable;ND;ND;https://www.kriss.re.kr/departmentEngWeb/department2deptsView.es?kd2_code=1000036&mid=a20802050100;ND;1;B;V2;200;V2: institution certifiée 3/3, URL ouverte anonymement, titre et contenu vérifiés automatiquement. V3 réservé à une validation plus forte.;c16b90bf9950109cf75a5efb704a2e5f94bef9e89f2923cfeb6b4b7ef065cec2
232;DOC-D4E9B403743CB661E78F;research_infrastructure;ND;Projects and Landmarks | ESFRI Roadmap 2021;https://roadmap2021.esfri.eu/projects-and-landmarks/;ND;Health & Food / Landmark Euro-BioImaging ERIC European Research Infrastructure for Imaging Technologies in Biological and Biomedical Sciences;ND;European Research Area;Europe;official_research_infrastructure_record;ND;ND;2026-10-03T23:03:15.509Z;institutional_primary;en;ESFRI Research Infrastructures are facilities, resources or services of a unique nature, identified by European research communities to conduct and to support top-level research activities in their domains. ESFRI selects proposals of RIs in strategic areas of research and with an adequate level of maturity to become ESFRI Projects, and identifies successfully implemented RIs to become ESFRI Landmarks.;ESFRI Research Infrastructures are facilities, resources or services of a unique nature, identified by European research communities to conduct and to support top-level research activities in their domains. ESFRI selects proposals of RIs in strategic areas of research and with an adequate level of maturity to become ESFRI Projects, and identifies successfully implemented RIs to become ESFRI Landmarks.;ND;ND;ND;ND;ND;ND;ND;ND;free;primary;not_applicable;ND;ND;https://roadmap2021.esfri.eu/projects-and-landmarks/;ND;1;B;V2;200;V2: institution certifiée 3/3, URL ouverte anonymement, titre et contenu vérifiés automatiquement. V3 réservé à une validation plus forte.;770e08c010e4e76b8f82bc554a0db66977d206da0d2d5b8d58c9ead1fd7645c4
233;DOC-64F5744E9F1CE04C5AF6;research_infrastructure;ND;Roadmap & Strategy report | ESFRI Roadmap 2021;https://roadmap2021.esfri.eu/strategy-report/;ND;Health & Food / Landmark Euro-BioImaging ERIC European Research Infrastructure for Imaging Technologies in Biological and Biomedical Sciences;ND;European Research Area;Europe;official_research_infrastructure_record;ND;ND;2026-10-03T23:03:15.695Z;institutional_primary;en;"The European Strategy Forum on Research Infrastructures (ESFRI) In June 2001, the Research Council invited ""the Commission, in close collaboration with the Member States, to explore the establishment of new arrangements to support policies related to research infrastructures”. The first meeting of ESFRI took place in Brussels on 25 April 2002. Detailed mandate and rules governing ESFRI are laid out in ESFRI Procedural Guidelines, see: www.esfri.eu , established in 2002, brings together national governments, the scientific community and the European Commission (EC) to support a coherent, strategy-led approach to Research Infrastructures (RI) in Europe.";"The European Strategy Forum on Research Infrastructures (ESFRI) In June 2001, the Research Council invited ""the Commission, in close collaboration with the Member States, to explore the establishment of new arrangements to support policies related to research infrastructures”. The first meeting of ESFRI took place in Brussels on 25 April 2002. Detailed mandate and rules governing ESFRI are laid out in ESFRI Procedural Guidelines, see: www.esfri.eu , established in 2002, brings together national governments, the scientific community and the European Commission (EC) to support a coherent, strategy-led approach to Research Infrastructures (RI) in Europe.";ND;ND;ND;ND;ND;ND;ND;ND;free;primary;not_applicable;ND;ND;https://roadmap2021.esfri.eu/strategy-report/;ND;1;B;V2;200;V2: institution certifiée 3/3, URL ouverte anonymement, titre et contenu vérifiés automatiquement. V3 réservé à une validation plus forte.;e5b6513bcdab5b3507bc670f8cb1bc93bfada3713e38d26759c02e986503b12c
234;DOC-F8C92CEE96FE99C51CF9;research;ND;59. Environmental micro(nano) plastics – what’s going on? | News | CORDIS | European Commission;https://cordis.europa.eu/article/id/467376-59-environmental-micro-nano-plastics-what-s-going-on;ND;CORDIS;ND;European Union;Europe;eu_research;ND;ND;2026-10-03T23:02:53.089Z;institutional_primary;en;Many of us are looking around ourselves uneasily at the idea of the amount of nano and microplastics in our environment, so if you are...;Many of us are looking around ourselves uneasily at the idea of the amount of nano and microplastics in our environment, so if you are...;ND;ND;ND;ND;ND;ND;ND;ND;free;primary;not_applicable;ND;ND;https://cordis.europa.eu/article/id/467376-59-environmental-micro-nano-plastics-what-s-going-on;ND;2;B;V2;200;V2: institution certifiée 3/3, URL ouverte anonymement, titre et contenu vérifiés automatiquement. V3 réservé à une validation plus forte.;3bb2ed467e2904f02e3fe071961c0d300a2f0aeca9fb8256ae0919f9ca6f1572
235;DOC-7C818363D2386C53063F;research;ND;About CORDIS | CORDIS | European Commission;https://cordis.europa.eu/about;ND;CORDIS;ND;European Union;Europe;eu_research;ND;ND;2026-10-03T23:02:53.317Z;institutional_primary;en;CORDIS provides information on all EU-supported R&D activities, including programs (Horizon Europe, H2020 and older), projects, results, publications;CORDIS provides information on all EU-supported R&D activities, including programs (Horizon Europe, H2020 and older), projects, results, publications;ND;ND;ND;ND;ND;ND;ND;ND;free;primary;not_applicable;ND;ND;https://cordis.europa.eu/about;ND;1;B;V2;200;V2: institution certifiée 3/3, URL ouverte anonymement, titre et contenu vérifiés automatiquement. V3 réservé à une validation plus forte.;d3d33cba72fbafe35becbb7d380c065076e4ef9cfee11d910d3950c4572c0da1
236;DOC-7E538D9C245F59410177;research;ND;Climate Change and Environment | CORDIS | European Commission;https://cordis.europa.eu/domain-of-application/climate-change-and-environment;ND;CORDIS;ND;European Union;Europe;eu_research;ND;ND;2026-10-03T23:02:53.679Z;institutional_primary;en;Europe is working towards a sustainable future by investing in research and innovation to combat climate change and secure a brighter future for generations.;Europe is working towards a sustainable future by investing in research and innovation to combat climate change and secure a brighter future for generations.;ND;ND;ND;ND;ND;ND;ND;ND;free;primary;not_applicable;ND;ND;https://cordis.europa.eu/domain-of-application/climate-change-and-environment;ND;1;B;V2;200;V2: institution certifiée 3/3, URL ouverte anonymement, titre et contenu vérifiés automatiquement. V3 réservé à une validation plus forte.;dec767a32b03a20107ad8482405207cb7a2256c643eb5b2d00e42ca93b33d90f
237;DOC-B3622DF7F70DA135AE40;research;ND;Computer model decoding the brain’s diversity | News | CORDIS | European Commission;https://cordis.europa.eu/article/id/467833-computer-model-decoding-the-brain-s-diversity;ND;CORDIS;ND;European Union;Europe;eu_research;ND;ND;2026-10-03T23:02:53.956Z;institutional_primary;en;A groundbreaking computer model reveals that regional differences in brain receptors are essential for synchronising neural activity and...;A groundbreaking computer model reveals that regional differences in brain receptors are essential for synchronising neural activity and...;ND;ND;ND;ND;ND;ND;ND;ND;free;primary;not_applicable;ND;ND;https://cordis.europa.eu/article/id/467833-computer-model-decoding-the-brain-s-diversity;ND;1;B;V2;200;V2: institution certifiée 3/3, URL ouverte anonymement, titre et contenu vérifiés automatiquement. V3 réservé à une validation plus forte.;657a7cd40e68f0bbe94b4faf081c3982a4ba179243a470154bdd3c4969e5f758
238;DOC-AAA0034F400253BC2B84;research;ND;Datalab | CORDIS | European Commission;https://cordis.europa.eu/datalab;ND;CORDIS;ND;European Union;Europe;eu_research;ND;ND;2026-10-03T23:02:53.477Z;institutional_primary;en;CORDIS offers various tools to get the most out of data, including querying Linked Open Data, data extraction tools, maps, and visualisation widgets.;CORDIS offers various tools to get the most out of data, including querying Linked Open Data, data extraction tools, maps, and visualisation widgets.;ND;ND;ND;ND;ND;ND;ND;ND;free;primary;not_applicable;ND;ND;https://cordis.europa.eu/datalab;ND;1;B;V2;200;V2: institution certifiée 3/3, URL ouverte anonymement, titre et contenu vérifiés automatiquement. V3 réservé à une validation plus forte.;5b5ad7562f1f52929d78f995d2dc01b0bfa3029de9b36545ca4a23248964ea8b
239;DOC-E18E9470477F60AB2AE8;research;ND;Energy | CORDIS | European Commission;https://cordis.europa.eu/domain-of-application/energy;ND;CORDIS;ND;European Union;Europe;eu_research;ND;ND;2026-10-03T23:02:53.547Z;institutional_primary;en;Updates on the scientific research efforts to improve the efficiency of the renewable energy value chain and integrate sustainability and circularity in Europe.;Updates on the scientific research efforts to improve the efficiency of the renewable energy value chain and integrate sustainability and circularity in Europe.;ND;ND;ND;ND;ND;ND;ND;ND;free;primary;not_applicable;ND;ND;https://cordis.europa.eu/domain-of-application/energy;ND;1;B;V2;200;V2: institution certifiée 3/3, URL ouverte anonymement, titre et contenu vérifiés automatiquement. V3 réservé à une validation plus forte.;fd9569952486bd21e6d115d5e4a8d53858ca9887c9a4417724a5cf9a39ee916d
240;DOC-FDB5E625DD8BC3EF5C39;research;ND;Food and Natural Resources | CORDIS | European Commission;https://cordis.europa.eu/domain-of-application/food-and-natural-resources;ND;CORDIS;ND;European Union;Europe;eu_research;ND;ND;2026-10-03T23:02:53.551Z;institutional_primary;en;Food production must adapt to population growth, climate change and resource scarcity. Discover how EU research is exploring sustainable solutions.;Food production must adapt to population growth, climate change and resource scarcity. Discover how EU research is exploring sustainable solutions.;ND;ND;ND;ND;ND;ND;ND;ND;free;primary;not_applicable;ND;ND;https://cordis.europa.eu/domain-of-application/food-and-natural-resources;ND;1;B;V2;200;V2: institution certifiée 3/3, URL ouverte anonymement, titre et contenu vérifiés automatiquement. V3 réservé à une validation plus forte.;a94b9500dd8f01198f33408a79a9ed799b2b59cfc98bdcf8340b75fbbf2074aa
241;DOC-DDAD2B4BB1CB5754A3C6;research;ND;Fundamental Research | CORDIS | European Commission;https://cordis.europa.eu/domain-of-application/fundamental-research;ND;CORDIS;ND;European Union;Europe;eu_research;ND;ND;2026-10-03T23:02:54.181Z;institutional_primary;en;The ERC funds innovative scientific research projects in Europe, promoting frontier research based on scientific excellence.;The ERC funds innovative scientific research projects in Europe, promoting frontier research based on scientific excellence.;ND;ND;ND;ND;ND;ND;ND;ND;free;primary;not_applicable;ND;ND;https://cordis.europa.eu/domain-of-application/fundamental-research;ND;1;B;V2;200;V2: institution certifiée 3/3, URL ouverte anonymement, titre et contenu vérifiés automatiquement. V3 réservé à une validation plus forte.;72eb4c70d44dac4ca4f34d3abf01d268ffab1d54b932ab3bf68b5e71a55b7fc6
242;DOC-C0DF333A0A5B4DCE4B15;research;ND;Health | CORDIS | European Commission;https://cordis.europa.eu/domain-of-application/health;ND;CORDIS;ND;European Union;Europe;eu_research;ND;ND;2026-10-03T23:02:54.204Z;institutional_primary;en;The EU funds health research and innovation to address healthcare challenges, including chronic illnesses, climate change, and antimicrobial resistance. Learn more on this page.;The EU funds health research and innovation to address healthcare challenges, including chronic illnesses, climate change, and antimicrobial resistance. Learn more on this page.;ND;ND;ND;ND;ND;ND;ND;ND;free;primary;not_applicable;ND;ND;https://cordis.europa.eu/domain-of-application/health;ND;1;B;V2;200;V2: institution certifiée 3/3, URL ouverte anonymement, titre et contenu vérifiés automatiquement. V3 réservé à une validation plus forte.;880564c2fd9205963712726208e44342e673c8407175ae707760bd17221f5a6c
243;DOC-E77F23ABE2697D5A07EB;research;ND;Horizon is powering the EU’s biotechnology industry, from innovation to investment | Results Pack | CORDIS | European Commission;https://cordis.europa.eu/article/id/466833-horizon-is-powering-the-eu-s-biotechnology-industry-from-innovation-to-investment;ND;CORDIS;ND;European Union;Europe;eu_research;ND;ND;2026-10-03T23:02:52.256Z;institutional_primary;en;Taking frontier research from lab to market is essential for Europe to maintain its leadership in science and industry. This new Results...;Taking frontier research from lab to market is essential for Europe to maintain its leadership in science and industry. This new Results...;ND;ND;ND;ND;ND;10.2830/7939905;10.2830/7939905;ND;free;primary;not_applicable;ND;ND;https://cordis.europa.eu/article/id/466833-horizon-is-powering-the-eu-s-biotechnology-industry-from-innovation-to-investment;ND;5;B;V2;200;V2: institution certifiée 3/3, URL ouverte anonymement, titre et contenu vérifiés automatiquement. V3 réservé à une validation plus forte.;8cc0dfbaaf883de391f39fb20ff57d0130caa97df99aec4bd889af4d03e10e52
244;DOC-B57261CD9E6F34FBA68E;research;ND;How can you fit the stars in a backpack? | News | CORDIS | European Commission;https://cordis.europa.eu/article/id/467829-how-can-you-fit-the-stars-in-a-backpack;ND;CORDIS;ND;European Union;Europe;eu_research;ND;ND;2026-10-03T23:02:53.520Z;institutional_primary;en;A tiny orbital telescope designed to watch hundreds of stars at a time offers big benefits to researchers seeking to understand...;A tiny orbital telescope designed to watch hundreds of stars at a time offers big benefits to researchers seeking to understand...;ND;ND;ND;ND;ND;ND;ND;ND;free;primary;not_applicable;ND;ND;https://cordis.europa.eu/article/id/467829-how-can-you-fit-the-stars-in-a-backpack;ND;1;B;V2;200;V2: institution certifiée 3/3, URL ouverte anonymement, titre et contenu vérifiés automatiquement. V3 réservé à une validation plus forte.;21353226cf7f82673b27174a022d7d8c4488238c72a185d28281fed95d51dab1
245;DOC-E088B0D1B816BD5B0FA1;research;ND;Industrial Technologies | CORDIS | European Commission;https://cordis.europa.eu/domain-of-application/industrial-technologies;ND;CORDIS;ND;European Union;Europe;eu_research;ND;ND;2026-10-03T23:02:53.057Z;institutional_primary;en;CORDIS articles about EU research and innovation projects in key industrial technologies to promote sustainability, worker safety, job growth and digital transformation.;CORDIS articles about EU research and innovation projects in key industrial technologies to promote sustainability, worker safety, job growth and digital transformation.;ND;ND;ND;ND;ND;ND;ND;ND;free;primary;not_applicable;ND;ND;https://cordis.europa.eu/domain-of-application/industrial-technologies;ND;2;B;V2;200;V2: institution certifiée 3/3, URL ouverte anonymement, titre et contenu vérifiés automatiquement. V3 réservé à une validation plus forte.;5a61c595168c4a0474cc889b8d6e923279f4a708b347a9b496374e2c64ca98bc
246;DOC-C6DEB9BAC7CAF7960591;research;ND;Material-producing bacteria | PRINGLE Project | Results in Brief | HORIZON | CORDIS | European Commission;https://cordis.europa.eu/article/id/467825-material-producing-bacteria;ND;CORDIS;ND;European Union;Europe;eu_research;ND;ND;2026-10-03T23:02:52.403Z;institutional_primary;en;EU-funded researchers discover a promising electronic material that is naturally produced by bacteria.,,,European Commission;EU-funded researchers discover a promising electronic material that is naturally produced by bacteria.,,,European Commission;ND;ND;ND;ND;ND;10.3030/101046719;10.3030/101046719;ND;free;primary;not_applicable;ND;ND;https://cordis.europa.eu/article/id/467825-material-producing-bacteria;ND;3;B;V2;200;V2: institution certifiée 3/3, URL ouverte anonymement, titre et contenu vérifiés automatiquement. V3 réservé à une validation plus forte.;7f9dcc4e025ec1394f870aff386c1d6ddd8a6adcafc142e3fd742a0d2cb96a98
247;DOC-1B055D38E918B1B1DA6A;research;ND;Nano scale materials and sensors and microsystems for medical implants improving health and quality of life | Healthy Aims | Project | Fact Sheet | FP6 | CORDIS | European Commission;https://cordis.europa.eu/project/id/001837;ND;CORDIS;ND;European Union;Europe;eu_research;ND;ND;2026-10-03T23:02:54.314Z;institutional_primary;en;In this project key microsystem technologies and communication methods will be developed that bring intelligence directly to the human, in the form of medical implants and ambulatory measurement systems, and also enable information from these devices to be transmitted out int...;In this project key microsystem technologies and communication methods will be developed that bring intelligence directly to the human, in the form of medical implants and ambulatory measurement systems, and also enable information from these devices to be transmitted out int...;ND;ND;ND;ND;ND;ND;ND;ND;free;primary;not_applicable;ND;ND;https://cordis.europa.eu/project/id/001837;ND;1;B;V2;200;V2: institution certifiée 3/3, URL ouverte anonymement, titre et contenu vérifiés automatiquement. V3 réservé à une validation plus forte.;1f29ba082f27561344258175e96932a7c2b4d50a02a3c94c14ccf13923e4c279
248;DOC-6DF8802CBEE5E3FE1F84;research;ND;Projects & results | CORDIS | European Commission;https://cordis.europa.eu/projects;ND;CORDIS;ND;European Union;Europe;eu_research;ND;ND;2026-10-03T23:02:53.302Z;institutional_primary;en;Information on public research projects funded by the EU framework programmes. Data includes participants, results, reports, deliverables and links to publications;Information on public research projects funded by the EU framework programmes. Data includes participants, results, reports, deliverables and links to publications;ND;ND;ND;ND;ND;ND;ND;ND;free;primary;not_applicable;ND;ND;https://cordis.europa.eu/projects;ND;2;B;V2;200;V2: institution certifiée 3/3, URL ouverte anonymement, titre et contenu vérifiés automatiquement. V3 réservé à une validation plus forte.;22ee64a3f5609f833baa94242f4bc9292d37b30c5426020281934b841b10238a
249;DOC-14E9CB622A8699219CCA;patents;ND;Academic Research Programme | epo.org;https://www.epo.org/en/about-us/observatory-patents-and-technology/about-observatory/chief-economist/academic-research-programme;ND;European Patent Office;ND;European Union;Europe;public_patent_office;ND;ND;2026-10-03T23:03:16.793Z;institutional_primary;en;"Keep up with key aspects of selected BoA decisions with our monthly ""Abstracts of decisions”";"Keep up with key aspects of selected BoA decisions with our monthly ""Abstracts of decisions”";ND;ND;ND;ND;ND;ND;ND;ND;free;primary;not_applicable;ND;ND;https://www.epo.org/en/about-us/observatory-patents-and-technology/about-observatory/chief-economist/academic-research-programme;ND;5;B;V2;200;V2: institution certifiée 3/3, URL ouverte anonymement, titre et contenu vérifiés automatiquement. V3 réservé à une validation plus forte.;2372f28303b50a0ca69bb20bfcaf878d718b623f360613ed6a4c2f4fc85b3a6e
250;DOC-B94C6CE1D382E18604C4;patents;ND;Completed research projects | epo.org;https://www.epo.org/en/about-us/observatory-patents-and-technology/about-observatory/chief-economist/academic-research-programme/completed-research-projects;ND;European Patent Office;ND;European Union;Europe;public_patent_office;ND;ND;2026-10-03T23:03:16.008Z;institutional_primary;en;"Keep up with key aspects of selected BoA decisions with our monthly ""Abstracts of decisions”";"Keep up with key aspects of selected BoA decisions with our monthly ""Abstracts of decisions”";ND;ND;ND;ND;ND;ND;ND;ND;free;primary;not_applicable;ND;ND;https://www.epo.org/en/about-us/observatory-patents-and-technology/about-observatory/chief-economist/academic-research-programme/completed-research-projects;ND;5;B;V2;200;V2: institution certifiée 3/3, URL ouverte anonymement, titre et contenu vérifiés automatiquement. V3 réservé à une validation plus forte.;3c88a194f6e1393ce8c8a720c7559fafac38b4537c5a2e74bc0533e9733fb15f
251;DOC-5E53BCCB3D854A86A8EE;patents;ND;Current research projects | epo.org;https://www.epo.org/en/about-us/observatory-patents-and-technology/about-observatory/chief-economist/academic-research-programme/current-research-projects;ND;European Patent Office;ND;European Union;Europe;public_patent_office;ND;ND;2026-10-03T23:03:15.984Z;institutional_primary;en;"Keep up with key aspects of selected BoA decisions with our monthly ""Abstracts of decisions”";"Keep up with key aspects of selected BoA decisions with our monthly ""Abstracts of decisions”";ND;ND;ND;ND;ND;ND;ND;ND;free;primary;not_applicable;ND;ND;https://www.epo.org/en/about-us/observatory-patents-and-technology/about-observatory/chief-economist/academic-research-programme/current-research-projects;ND;5;B;V2;200;V2: institution certifiée 3/3, URL ouverte anonymement, titre et contenu vérifiés automatiquement. V3 réservé à une validation plus forte.;3efd524de032b721712b15fc56451a70d0d50599f58ef2f58696a94173489ed6
252;DOC-3131B29D7F21EE3AB3BE;patents;ND;EPO initiatives for patent applicants | epo.org;https://www.epo.org/en/about-us/observatory-patents-and-technology/policy-and-funding/financing-innovation-programme/epo-initiatives-patent-applicants;ND;European Patent Office;ND;European Union;Europe;public_patent_office;ND;ND;2026-10-03T23:03:16.842Z;institutional_primary;en;The EPO offers several schemes aimed at supporting the growth and development of smaller and less experienced entities by making it easier for them to access the European patent system. Explore the programmes below to see if you qualify so that you can leverage patents to empower your innovation journey.;The EPO offers several schemes aimed at supporting the growth and development of smaller and less experienced entities by making it easier for them to access the European patent system. Explore the programmes below to see if you qualify so that you can leverage patents to empower your innovation journey.;ND;ND;ND;ND;ND;ND;ND;ND;free;primary;not_applicable;ND;ND;https://www.epo.org/en/about-us/observatory-patents-and-technology/policy-and-funding/financing-innovation-programme/epo-initiatives-patent-applicants;ND;5;B;V2;200;V2: institution certifiée 3/3, URL ouverte anonymement, titre et contenu vérifiés automatiquement. V3 réservé à une validation plus forte.;2ed21124e94585c533be4b61ea29a529a6ee6e84eab512c18752fb52ece121ed
253;DOC-1D646F25CE331B56D4C7;patents;ND;Financial support for innovators in Europe | epo.org;https://www.epo.org/en/about-us/observatory-patents-and-technology/policy-and-funding/financing-innovation-programme/financial-support-innovators-europe;ND;European Patent Office;ND;European Union;Europe;public_patent_office;ND;ND;2026-10-03T23:03:16.828Z;institutional_primary;en;Explore key resources and institutions dedicated to financing innovation in Europe. The EPO collaborates with leading organisations that provide essential financial support to startups, SMEs, and innovators, thus helping them turn ideas into impactful solutions. Learn more about the opportunities offered by these partners.EPO Partners;Explore key resources and institutions dedicated to financing innovation in Europe. The EPO collaborates with leading organisations that provide essential financial support to startups, SMEs, and innovators, thus helping them turn ideas into impactful solutions. Learn more about the opportunities offered by these partners.EPO Partners;ND;ND;ND;ND;ND;ND;ND;ND;free;primary;not_applicable;ND;ND;https://www.epo.org/en/about-us/observatory-patents-and-technology/policy-and-funding/financing-innovation-programme/financial-support-innovators-europe;ND;5;B;V2;200;V2: institution certifiée 3/3, URL ouverte anonymement, titre et contenu vérifiés automatiquement. V3 réservé à une validation plus forte.;42ec01bc8866f73c75059b750b1fc14f993068273f58d6a18ec7230aebbf141a
254;DOC-2F0947790B3C13325F9F;patents;ND;IP education resources | epo.org;https://www.epo.org/en/learning/learning-resources-profile/universities-research-centres-and-technology-transfer-centres/pan-european-seal-professional-programme/for-universities/e-learning;ND;European Patent Office;ND;European Union;Europe;public_patent_office;ND;ND;2026-10-03T23:03:17.082Z;institutional_primary;en;Through its co-operation with strategic university partners, the Pan-European Seal offers an extensive catalogue of IP training materials, providing professional input to academic education and helping improve the professional qualifications of young graduates.;Through its co-operation with strategic university partners, the Pan-European Seal offers an extensive catalogue of IP training materials, providing professional input to academic education and helping improve the professional qualifications of young graduates.;ND;ND;ND;ND;ND;ND;ND;ND;free;primary;not_applicable;ND;ND;https://www.epo.org/en/learning/learning-resources-profile/universities-research-centres-and-technology-transfer-centres/pan-european-seal-professional-programme/for-universities/e-learning;ND;5;B;V2;200;V2: institution certifiée 3/3, URL ouverte anonymement, titre et contenu vérifiés automatiquement. V3 réservé à une validation plus forte.;0d59132ab4525b9f4fc912669d331eb96c74fbcfb713df7a27ee5b81e6469ed2
255;DOC-F7AFD7FAFE2ABA8BBBCD;patents;ND;"Nos études sur le financement de l&#039;innovation | epo.org";https://www.epo.org/fr/about-us/observatory-patents-and-technology/policy-and-funding/financing-innovation-programme/our-studies-financing-innovation;ND;European Patent Office;ND;European Union;Europe;public_patent_office;ND;ND;2026-10-03T23:03:16.480Z;institutional_primary;en;"Cette page présente une sélection d&#039;études de l&#039;économiste en chef de l&#039;OEB qui offrent des informations précieuses sur le financement de l&#039;innovation en fournissant une expertise de haut niveau et en favorisant un débat politique éclairé. Vous pouvez également consulter des études de cas qui fournissent des exemples pratiques et concrets de commercialisation réussie de technologies, afin de mettre en évidence la manière dont les innovateurs tirent efficacement parti du système de PI pour obtenir des financements et créer de la valeur.";"Cette page présente une sélection d&#039;études de l&#039;économiste en chef de l&#039;OEB qui offrent des informations précieuses sur le financement de l&#039;innovation en fournissant une expertise de haut niveau et en favorisant un débat politique éclairé. Vous pouvez également consulter des études de cas qui fournissent des exemples pratiques et concrets de commercialisation réussie de technologies, afin de mettre en évidence la manière dont les innovateurs tirent efficacement parti du système de PI pour obtenir des financements et créer de la valeur.";ND;ND;ND;ND;ND;ND;ND;ND;free;primary;not_applicable;ND;ND;https://www.epo.org/fr/about-us/observatory-patents-and-technology/policy-and-funding/financing-innovation-programme/our-studies-financing-innovation;ND;5;B;V2;200;V2: institution certifiée 3/3, URL ouverte anonymement, titre et contenu vérifiés automatiquement. V3 réservé à une validation plus forte.;f47b4c59a495fc710cefde48880736de211e0fbe0bff8c2242e28ec4d8306a2d
256;DOC-E1AE443BEC4E17D77886;patents;ND;Our studies on the financing of innovation | epo.org;https://www.epo.org/en/about-us/observatory-patents-and-technology/policy-and-funding/financing-innovation-programme/our-studies-financing-innovation;ND;European Patent Office;ND;European Union;Europe;public_patent_office;ND;ND;2026-10-03T23:03:16.563Z;institutional_primary;en;This page features a selection of EPO Chief Economist studies that offer valuable insights into the financing of innovation by providing high-level expertise and fostering informed policy debate. You can also explore case studies that provide practical, real-world examples of successful technology commercialisation to highlight how innovators effectively leverage the IP system to secure funding and create value.;This page features a selection of EPO Chief Economist studies that offer valuable insights into the financing of innovation by providing high-level expertise and fostering informed policy debate. You can also explore case studies that provide practical, real-world examples of successful technology commercialisation to highlight how innovators effectively leverage the IP system to secure funding and create value.;ND;ND;ND;ND;ND;ND;ND;ND;free;primary;not_applicable;ND;ND;https://www.epo.org/en/about-us/observatory-patents-and-technology/policy-and-funding/financing-innovation-programme/our-studies-financing-innovation;ND;5;B;V2;200;V2: institution certifiée 3/3, URL ouverte anonymement, titre et contenu vérifiés automatiquement. V3 réservé à une validation plus forte.;85b0d5890dc3bc6fc33232255d8ab86dbeb647723f83f2deecbe780d0edff96a
257;DOC-0860655FEB774D64EB78;patents;ND;Pan-European Seal Young Professionals Programme | epo.org;https://www.epo.org/en/learning/learning-resources-profile/universities-research-centres-and-technology-transfer-centres/pan-european-seal-professional-programme;ND;European Patent Office;ND;European Union;Europe;public_patent_office;ND;ND;2026-10-03T23:03:16.813Z;institutional_primary;en;"From university to a unique career start in an international organisation.The European Patent Office (EPO), the second-largest intergovernmental organisation in Europe, offers high-achieving university graduates the opportunity to undertake challenging assignments across a range of departments. Participants work at the EPO&#039;s headquarters in Munich, or at our sites in The Hague, Vienna, Berlin, and Brussels.";"From university to a unique career start in an international organisation.The European Patent Office (EPO), the second-largest intergovernmental organisation in Europe, offers high-achieving university graduates the opportunity to undertake challenging assignments across a range of departments. Participants work at the EPO&#039;s headquarters in Munich, or at our sites in The Hague, Vienna, Berlin, and Brussels.";ND;ND;ND;ND;ND;ND;ND;ND;free;primary;not_applicable;ND;ND;https://www.epo.org/en/learning/learning-resources-profile/universities-research-centres-and-technology-transfer-centres/pan-european-seal-professional-programme;ND;5;B;V2;200;V2: institution certifiée 3/3, URL ouverte anonymement, titre et contenu vérifiés automatiquement. V3 réservé à une validation plus forte.;8a17dadf3c0759c52043cd8d720d45147e7c6c2e0ee2aa98f712e3616c285314
258;DOC-8F79348980F26565EE82;patents;ND;Participating universities | epo.org;https://www.epo.org/en/learning/learning-resources-profile/universities-research-centres-and-technology-transfer-centres/pan-european-seal-professional-programme/for-universities/university-memberships;ND;European Patent Office;ND;European Union;Europe;public_patent_office;ND;ND;2026-10-03T23:03:17.064Z;institutional_primary;en;Leading European universities in 38 countries have signed a Memorandum of Understanding (MoU) with the EPO and the EUIPO as strategic partners in the Pan-European Seal programme.AlbaniaPolytechnic University of TiranaFaculty of Justice, University of TiranaAustriaUniversity of InnsbruckVienna University of TechnologyUniversity of Natural Resources and Life Sciences, Vienna (BOKU)University of ViennaUniversity of GrazTechnical University of Graz;Leading European universities in 38 countries have signed a Memorandum of Understanding (MoU) with the EPO and the EUIPO as strategic partners in the Pan-European Seal programme.AlbaniaPolytechnic University of TiranaFaculty of Justice, University of TiranaAustriaUniversity of InnsbruckVienna University of TechnologyUniversity of Natural Resources and Life Sciences, Vienna (BOKU)University of ViennaUniversity of GrazTechnical University of Graz;ND;ND;ND;ND;ND;ND;ND;ND;free;primary;not_applicable;ND;ND;https://www.epo.org/en/learning/learning-resources-profile/universities-research-centres-and-technology-transfer-centres/pan-european-seal-professional-programme/for-universities/university-memberships;ND;5;B;V2;200;V2: institution certifiée 3/3, URL ouverte anonymement, titre et contenu vérifiés automatiquement. V3 réservé à une validation plus forte.;e5accdc7652184027188f2e54d772f61ded4009fb4a55c64705fe8a9e82358ed
259;DOC-169FDBB4730F288ECDAA;patents;ND;"Programme de financement de l&#039;innovation | epo.org";https://www.epo.org/fr/about-us/observatory-patents-and-technology/policy-and-funding/financing-innovation-programme;ND;European Patent Office;ND;European Union;Europe;public_patent_office;ND;ND;2026-10-03T23:03:17.103Z;institutional_primary;en;"Restez à jour des aspects clés de décisions choisies grâce à notre publication mensuelle ""Abstracts of decisions”";"Restez à jour des aspects clés de décisions choisies grâce à notre publication mensuelle ""Abstracts of decisions”";ND;ND;ND;ND;ND;ND;ND;ND;free;primary;not_applicable;ND;ND;https://www.epo.org/fr/about-us/observatory-patents-and-technology/policy-and-funding/financing-innovation-programme;ND;5;B;V2;200;V2: institution certifiée 3/3, URL ouverte anonymement, titre et contenu vérifiés automatiquement. V3 réservé à une validation plus forte.;7bba334e19269abe0d8a76863f0fa7ec075313b96a6de20a5d6e636cab13ff59
260;DOC-4A739C6C61A104230A56;patents;ND;Programme de recherche académique (ARP) | epo.org;https://www.epo.org/fr/about-us/observatory-patents-and-technology/about-observatory/chief-economist/academic-research-programme;ND;European Patent Office;ND;European Union;Europe;public_patent_office;ND;ND;2026-10-03T23:03:17.143Z;institutional_primary;en;"Restez à jour des aspects clés de décisions choisies grâce à notre publication mensuelle ""Abstracts of decisions”";"Restez à jour des aspects clés de décisions choisies grâce à notre publication mensuelle ""Abstracts of decisions”";ND;ND;ND;ND;ND;ND;ND;ND;free;primary;not_applicable;ND;ND;https://www.epo.org/fr/about-us/observatory-patents-and-technology/about-observatory/chief-economist/academic-research-programme;ND;5;B;V2;200;V2: institution certifiée 3/3, URL ouverte anonymement, titre et contenu vérifiés automatiquement. V3 réservé à une validation plus forte.;ba7fe5862f26f944e82ebe347118431d916322f698b5e6d686355da2786c0f6b
261;DOC-FB715661D29D1E48CCC4;patents;ND;Projets de recherche en cours | epo.org;https://www.epo.org/fr/about-us/observatory-patents-and-technology/about-observatory/chief-economist/academic-research-programme/current-research-projects;ND;European Patent Office;ND;European Union;Europe;public_patent_office;ND;ND;2026-10-03T23:03:16.375Z;institutional_primary;en;"Restez à jour des aspects clés de décisions choisies grâce à notre publication mensuelle ""Abstracts of decisions”";"Restez à jour des aspects clés de décisions choisies grâce à notre publication mensuelle ""Abstracts of decisions”";ND;ND;ND;ND;ND;ND;ND;ND;free;primary;not_applicable;ND;ND;https://www.epo.org/fr/about-us/observatory-patents-and-technology/about-observatory/chief-economist/academic-research-programme/current-research-projects;ND;5;B;V2;200;V2: institution certifiée 3/3, URL ouverte anonymement, titre et contenu vérifiés automatiquement. V3 réservé à une validation plus forte.;983162a6349d1cf076a91807f9d7b4fb53c237dbffba816dfaf034bca1568ed5
262;DOC-CB1BA2BD62AE73200243;patents;ND;Projets de recherche finalisés | epo.org;https://www.epo.org/fr/about-us/observatory-patents-and-technology/about-observatory/chief-economist/academic-research-programme/completed-research-projects;ND;European Patent Office;ND;European Union;Europe;public_patent_office;ND;ND;2026-10-03T23:03:16.426Z;institutional_primary;en;"Restez à jour des aspects clés de décisions choisies grâce à notre publication mensuelle ""Abstracts of decisions”";"Restez à jour des aspects clés de décisions choisies grâce à notre publication mensuelle ""Abstracts of decisions”";ND;ND;ND;ND;ND;ND;ND;ND;free;primary;not_applicable;ND;ND;https://www.epo.org/fr/about-us/observatory-patents-and-technology/about-observatory/chief-economist/academic-research-programme/completed-research-projects;ND;5;B;V2;200;V2: institution certifiée 3/3, URL ouverte anonymement, titre et contenu vérifiés automatiquement. V3 réservé à une validation plus forte.;ec2523480d2ec9442089d7d64a39e8d98c88758a17d9a563cf3ff54c6e89a537
263;DOC-2858B5FBE0A4575565FA;patents;ND;The EPO innovation financing programme | epo.org;https://www.epo.org/en/about-us/observatory-patents-and-technology/policy-and-funding/financing-innovation-programme;ND;European Patent Office;ND;European Union;Europe;public_patent_office;ND;ND;2026-10-03T23:03:16.776Z;institutional_primary;en;"Keep up with key aspects of selected BoA decisions with our monthly ""Abstracts of decisions”";"Keep up with key aspects of selected BoA decisions with our monthly ""Abstracts of decisions”";ND;ND;ND;ND;ND;ND;ND;ND;free;primary;not_applicable;ND;ND;https://www.epo.org/en/about-us/observatory-patents-and-technology/policy-and-funding/financing-innovation-programme;ND;5;B;V2;200;V2: institution certifiée 3/3, URL ouverte anonymement, titre et contenu vérifiés automatiquement. V3 réservé à une validation plus forte.;b32f70d07660029027a52138e4dfade9f2ff046a5287c7c2888b57f0c97b7038
264;DOC-3CC3DB061A24A4347AF5;research;ND;Best Available Techniques (BAT) Reference Document for the Production of Pulp, Paper and Board. Industrial Emissions Directive 2010/75/EU (Integrated Pollution Prevention - Joint Research Centre;https://joint-research-centre.ec.europa.eu/reports-and-technical-documentation/best-available-techniques-bat-reference-document-production-pulp-paper-and-board-industrial_en;ND;JRC;ND;European Union;Europe;eu_research;ND;ND;2026-10-03T23:03:57.059Z;institutional_primary;en;"The BAT reference document entitled `Production of Pulp, Paper and Board&#039; forms part of a series presenting the results of an exchange of information...";"The BAT reference document entitled `Production of Pulp, Paper and Board&#039; forms part of a series presenting the results of an exchange of information...";ND;ND;ND;ND;ND;10.2791/370629;10.2791/370629;ND;free;primary;not_applicable;ND;ND;https://joint-research-centre.ec.europa.eu/reports-and-technical-documentation/best-available-techniques-bat-reference-document-production-pulp-paper-and-board-industrial_en;ND;5;B;V2;200;V2: institution certifiée 3/3, URL ouverte anonymement, titre et contenu vérifiés automatiquement. V3 réservé à une validation plus forte.;f4a932ae229c262591ac3eeb2782a2323e1e28a5004b91dfb432d559b5e60f90
265;DOC-AEB3F525065055D1A59D;research;ND;E-TRACK Energy – Transparency Centre of Knowledge - Joint Research Centre;https://joint-research-centre.ec.europa.eu/reports-and-technical-documentation/e-track-energy-transparency-centre-knowledge_en;ND;JRC;ND;European Union;Europe;eu_research;ND;ND;2026-10-03T23:03:57.057Z;institutional_primary;en;"The &#039;Energy – Transparency Centre of Knowledge&#039; (E-TRACK) is a joint initiative agreed between the Directorate General for Energy and the Joint...";"The &#039;Energy – Transparency Centre of Knowledge&#039; (E-TRACK) is a joint initiative agreed between the Directorate General for Energy and the Joint...";ND;ND;ND;ND;ND;ND;ND;ND;free;primary;not_applicable;ND;ND;https://joint-research-centre.ec.europa.eu/reports-and-technical-documentation/e-track-energy-transparency-centre-knowledge_en;ND;5;B;V2;200;V2: institution certifiée 3/3, URL ouverte anonymement, titre et contenu vérifiés automatiquement. V3 réservé à une validation plus forte.;53eb19aa7aac1c2ddd3874a014ad2ad7d0fb41d52342a7fd9486c0ac2e8fd4d3
266;DOC-100F4FED611AFA10A21F;research;ND;Eastern Partnership geographic distribution of smart specialisation science and technology activities and results - Joint Research Centre;https://joint-research-centre.ec.europa.eu/scientific-activities/territorial-development/innovation-eu-enlargement-and-neighbourhood-region/s3-knowledge-hub/eastern-partnership-geographic-distribution-smart-specialisation-science-and-technology-activities_en;ND;JRC;ND;European Union;Europe;eu_research;ND;ND;2026-10-03T23:03:55.415Z;institutional_primary;en;Interactive map of the Eastern Partnership geographic distribution of smart specialisation science and technology activities and results in the smart specialisation preliminary priority domains;Interactive map of the Eastern Partnership geographic distribution of smart specialisation science and technology activities and results in the smart specialisation preliminary priority domains;ND;ND;ND;ND;ND;ND;ND;ND;free;primary;not_applicable;ND;ND;https://joint-research-centre.ec.europa.eu/scientific-activities/territorial-development/innovation-eu-enlargement-and-neighbourhood-region/s3-knowledge-hub/eastern-partnership-geographic-distribution-smart-specialisation-science-and-technology-activities_en;ND;5;B;V2;200;V2: institution certifiée 3/3, URL ouverte anonymement, titre et contenu vérifiés automatiquement. V3 réservé à une validation plus forte.;b895aecd83d2af015c84f3d89f6e5af769c21340b572951080059ea9ac283a7d
267;DOC-A7136EF9A841F216AE5F;research;ND;Eastern Partnership smart specialisation science and technology collaboration networks - Joint Research Centre;https://joint-research-centre.ec.europa.eu/scientific-activities/territorial-development/innovation-eu-enlargement-and-neighbourhood-region/s3-knowledge-hub/eastern-partnership-smart-specialisation-science-and-technology-collaboration-networks_en;ND;JRC;ND;European Union;Europe;eu_research;ND;ND;2026-10-03T23:03:56.018Z;institutional_primary;en;Visualisation tool of the Eastern Partnership science and technology collaboration networks in the smart specialisation preliminary priority domains.;Visualisation tool of the Eastern Partnership science and technology collaboration networks in the smart specialisation preliminary priority domains.;ND;ND;ND;ND;ND;ND;ND;ND;free;primary;not_applicable;ND;ND;https://joint-research-centre.ec.europa.eu/scientific-activities/territorial-development/innovation-eu-enlargement-and-neighbourhood-region/s3-knowledge-hub/eastern-partnership-smart-specialisation-science-and-technology-collaboration-networks_en;ND;5;B;V2;200;V2: institution certifiée 3/3, URL ouverte anonymement, titre et contenu vérifiés automatiquement. V3 réservé à une validation plus forte.;1bbf1ca30c4e383ae0107ce544dd0a26bbd33f736f714f47642980122997ef7e
268;DOC-853768E9BF4DDF8AD365;research;ND;EC Intercomparisons for Laboratories Monitoring Environmental Radioactivity - Joint Research Centre;https://joint-research-centre.ec.europa.eu/reports-and-technical-documentation/ec-intercomparisons-laboratories-monitoring-environmental-radioactivity_en;ND;JRC;ND;European Union;Europe;eu_research;ND;ND;2026-10-03T23:03:57.351Z;institutional_primary;en;International measurement comparisons are organised regularly for EU laboratories involved in monitoring radioactivity, with emphasis on meeting...;International measurement comparisons are organised regularly for EU laboratories involved in monitoring radioactivity, with emphasis on meeting...;ND;ND;ND;ND;ND;10.1016/j.apradiso.2006.02.007;10.1016/j.apradiso.2006.02.007;ND;free;primary;not_applicable;ND;ND;https://joint-research-centre.ec.europa.eu/reports-and-technical-documentation/ec-intercomparisons-laboratories-monitoring-environmental-radioactivity_en;ND;5;B;V2;200;V2: institution certifiée 3/3, URL ouverte anonymement, titre et contenu vérifiés automatiquement. V3 réservé à une validation plus forte.;303519cb4e67c1cecaa6d1f889aeb75e7ce90f78a8f2b2b84c4ca1e9a563f10a
269;DOC-C467D3B593ED76A7A828;research;ND;Environmental biotechnology laboratory - Joint Research Centre;https://joint-research-centre.ec.europa.eu/what-we-do/laboratories/environmental-biotechnology-laboratory_en;ND;JRC;ND;European Union;Europe;eu_research;ND;ND;2026-10-03T23:03:56.162Z;institutional_primary;en;The Environmental Biotechnology Laboratory is focused on applying bio-based technologies to generate scientific evidence on ocean and water bodies.;The Environmental Biotechnology Laboratory is focused on applying bio-based technologies to generate scientific evidence on ocean and water bodies.;ND;ND;ND;ND;ND;ND;ND;ND;free;primary;not_applicable;ND;ND;https://joint-research-centre.ec.europa.eu/what-we-do/laboratories/environmental-biotechnology-laboratory_en;ND;5;B;V2;200;V2: institution certifiée 3/3, URL ouverte anonymement, titre et contenu vérifiés automatiquement. V3 réservé à une validation plus forte.;dfebc2aea8bb09cfad4642ef69da563bc158775f2d1f20cef4af0904da5dde96
270;DOC-95C5A479808163966BFF;research;ND;Ex-post Evaluation of the direct actions of the Joint Research Centre under the Seventh Framework Programmes 2007-2013 - Joint Research Centre;https://joint-research-centre.ec.europa.eu/reports-and-technical-documentation/ex-post-evaluation-direct-actions-joint-research-centre-under-seventh-framework-programmes-2007-2013_en;ND;JRC;ND;European Union;Europe;eu_research;ND;ND;2026-10-03T23:03:57.194Z;institutional_primary;en;Between November 2014 and June 2015 a panel of external experts conducted the ex-post evaluation of the JRC’s direct actions under the Seventh EC and...;Between November 2014 and June 2015 a panel of external experts conducted the ex-post evaluation of the JRC’s direct actions under the Seventh EC and...;ND;ND;ND;ND;ND;ND;ND;ND;free;primary;not_applicable;ND;ND;https://joint-research-centre.ec.europa.eu/reports-and-technical-documentation/ex-post-evaluation-direct-actions-joint-research-centre-under-seventh-framework-programmes-2007-2013_en;ND;5;B;V2;200;V2: institution certifiée 3/3, URL ouverte anonymement, titre et contenu vérifiés automatiquement. V3 réservé à une validation plus forte.;dd9f274a2fa0a09601b53c0425272bf504fcfe311bd7889e4c39d2b828f25fe8
271;DOC-6CFB54B6546D1CC5611C;research;ND;Harnessing Science, Technology and Innovation for sustainable development in Africa - Joint Research Centre;https://joint-research-centre.ec.europa.eu/events/harnessing-science-technology-and-innovation-sustainable-development-africa-2025-05-06_en;ND;JRC;ND;European Union;Europe;eu_research;ND;ND;2026-10-03T23:03:56.579Z;institutional_primary;en;"The event will highlight the European Commission&#039;s initiative to develop STI for SDG roadmaps in Sub-Saharan Africa.";"The event will highlight the European Commission&#039;s initiative to develop STI for SDG roadmaps in Sub-Saharan Africa.";ND;ND;ND;ND;ND;ND;ND;ND;free;primary;not_applicable;ND;ND;https://joint-research-centre.ec.europa.eu/events/harnessing-science-technology-and-innovation-sustainable-development-africa-2025-05-06_en;ND;5;B;V2;200;V2: institution certifiée 3/3, URL ouverte anonymement, titre et contenu vérifiés automatiquement. V3 réservé à une validation plus forte.;904b13bc1c332aa0b0d07c1d064decb701783dce270099c2f1ed23186f80f848
272;DOC-57B1F1B475704D7489C3;research;ND;How Africa is addressing sustainability challenges through Science, Technology, and Innovation (STI) investments - Joint Research Centre;https://joint-research-centre.ec.europa.eu/jrc-news-and-updates/how-africa-addressing-sustainability-challenges-through-science-technology-and-innovation-sti-2025-04-22_en;ND;JRC;ND;European Union;Europe;eu_research;2025-12-01T12:00:00Z;ND;2026-10-03T23:03:56.750Z;institutional_primary;en;Five African countries have completed the challenge-oriented STI roadmaps aligned with the Sustainable Development Goals (SDGs), designed by the JRC to tackle local issues such as food security, climate resilience, energy transition, and health.;Five African countries have completed the challenge-oriented STI roadmaps aligned with the Sustainable Development Goals (SDGs), designed by the JRC to tackle local issues such as food security, climate resilience, energy transition, and health.;ND;ND;ND;ND;ND;ND;ND;ND;free;primary;not_applicable;ND;ND;https://joint-research-centre.ec.europa.eu/jrc-news-and-updates/how-africa-addressing-sustainability-challenges-through-science-technology-and-innovation-sti-2025-04-22_en;ND;5;B;V2;200;V2: institution certifiée 3/3, URL ouverte anonymement, titre et contenu vérifiés automatiquement. V3 réservé à une validation plus forte.;edec35527fbf8dba5a79774eab5fd46effc268198a7c42231331130697408a95
273;DOC-706FFF988FEF00DC759D;research;ND;"Identification and assessment of product&#039;s measures to improve resource efficiency: the case-study of an Energy using Product - Joint Research Centre";https://joint-research-centre.ec.europa.eu/reports-and-technical-documentation/identification-and-assessment-products-measures-improve-resource-efficiency-case-study-energy-using_en;ND;JRC;ND;European Union;Europe;eu_research;ND;ND;2026-10-03T23:03:55.407Z;institutional_primary;en;The article introduces the ?Resource Efficiency Assessment of Products? (REAPro) method to assess and improve the resource efficiency of Energy Using...;The article introduces the ?Resource Efficiency Assessment of Products? (REAPro) method to assess and improve the resource efficiency of Energy Using...;ND;ND;ND;ND;ND;10.1016/j.jclepro.2014.07.058;10.1016/j.jclepro.2014.07.058;ND;free;primary;not_applicable;ND;ND;https://joint-research-centre.ec.europa.eu/reports-and-technical-documentation/identification-and-assessment-products-measures-improve-resource-efficiency-case-study-energy-using_en;ND;5;B;V2;200;V2: institution certifiée 3/3, URL ouverte anonymement, titre et contenu vérifiés automatiquement. V3 réservé à une validation plus forte.;de6b3c8c341cae4ea96b38883d7983e4af0c0c3fe501f5c08da2b4668e366247
274;DOC-9C2E974A88BE6145357A;research;ND;"Lessons learned from nuclear decay data measurements in the European Metrology Research Programme &#039;MetroFission&#039; - Joint Research Centre";https://joint-research-centre.ec.europa.eu/reports-and-technical-documentation/lessons-learned-nuclear-decay-data-measurements-european-metrology-research-programme-metrofission_en;ND;JRC;ND;European Union;Europe;eu_research;ND;ND;2026-10-03T23:03:55.848Z;institutional_primary;en;Nuclear decay data measurements were performed in the frame of a EURAMET project. Two specific goals were addressed: (1) High-precision measurements...;Nuclear decay data measurements were performed in the frame of a EURAMET project. Two specific goals were addressed: (1) High-precision measurements...;ND;ND;ND;ND;ND;10.1109/TNS.2014.2317071;10.1109/TNS.2014.2317071;ND;free;primary;not_applicable;ND;ND;https://joint-research-centre.ec.europa.eu/reports-and-technical-documentation/lessons-learned-nuclear-decay-data-measurements-european-metrology-research-programme-metrofission_en;ND;5;B;V2;200;V2: institution certifiée 3/3, URL ouverte anonymement, titre et contenu vérifiés automatiquement. V3 réservé à une validation plus forte.;e04273d42013b3d1a76d7f1ba86a94948057f9440d1db261a84422973b4a458d
275;DOC-188DC58EA4346795703A;research;ND;The 2018 PREDICT Dataset Methodology - Joint Research Centre;https://joint-research-centre.ec.europa.eu/reports-and-technical-documentation/2018-predict-dataset-methodology_en;ND;JRC;ND;European Union;Europe;eu_research;ND;ND;2026-10-03T23:03:56.748Z;institutional_primary;en;This methodological report details the work done in the Prospective Insights on R&D in ICT (PREDICT) project in 2018. PREDICT provides updated...;This methodological report details the work done in the Prospective Insights on R&D in ICT (PREDICT) project in 2018. PREDICT provides updated...;ND;ND;ND;ND;ND;ND;ND;ND;free;primary;not_applicable;ND;ND;https://joint-research-centre.ec.europa.eu/reports-and-technical-documentation/2018-predict-dataset-methodology_en;ND;5;B;V2;200;V2: institution certifiée 3/3, URL ouverte anonymement, titre et contenu vérifiés automatiquement. V3 réservé à une validation plus forte.;9aaea096d65ba67dd4cc3f975b9bfdc110f77ba8d1e26a1cb9504efa369fd735
276;DOC-E2A297EED002971E5144;research;ND;The African Renewable Energy Technology Platform - Joint Research Centre;https://joint-research-centre.ec.europa.eu/reports-and-technical-documentation/african-renewable-energy-technology-platform_en;ND;JRC;ND;European Union;Europe;eu_research;ND;ND;2026-10-03T23:03:55.413Z;institutional_primary;en;The main goal of the African Renewable Energy Technology Platform (AFRETEP) is to contribute to understand the potential for renewable energy options...;The main goal of the African Renewable Energy Technology Platform (AFRETEP) is to contribute to understand the potential for renewable energy options...;ND;ND;ND;ND;ND;ND;ND;ND;free;primary;not_applicable;ND;ND;https://joint-research-centre.ec.europa.eu/reports-and-technical-documentation/african-renewable-energy-technology-platform_en;ND;5;B;V2;200;V2: institution certifiée 3/3, URL ouverte anonymement, titre et contenu vérifiés automatiquement. V3 réservé à une validation plus forte.;acc0d5a9fd291ea0344720f00c5db3091763a5585a25826b7624e8022faf9d69
277;DOC-F8609D9AD82B6B3D03AD;research;ND;Western Balkans geographic distribution of smart specialisation science and technology activities and results - Joint Research Centre;https://joint-research-centre.ec.europa.eu/scientific-activities/territorial-development/innovation-eu-enlargement-and-neighbourhood-region/s3-knowledge-hub/western-balkans-geographic-distribution-smart-specialisation-science-and-technology-activities-and_en;ND;JRC;ND;European Union;Europe;eu_research;ND;ND;2026-10-03T23:03:56.016Z;institutional_primary;en;Interactive map of the Western Balkan geographic distribution of smart specialisation science and technology activities and results in the smart specialisation preliminary priority domains;Interactive map of the Western Balkan geographic distribution of smart specialisation science and technology activities and results in the smart specialisation preliminary priority domains;ND;ND;ND;ND;ND;ND;ND;ND;free;primary;not_applicable;ND;ND;https://joint-research-centre.ec.europa.eu/scientific-activities/territorial-development/innovation-eu-enlargement-and-neighbourhood-region/s3-knowledge-hub/western-balkans-geographic-distribution-smart-specialisation-science-and-technology-activities-and_en;ND;5;B;V2;200;V2: institution certifiée 3/3, URL ouverte anonymement, titre et contenu vérifiés automatiquement. V3 réservé à une validation plus forte.;c25ae1cd3b66200ec0fcc4d54aeec73b5774dacd8e37a46a145574d49887c382
278;DOC-0963C730E18E49C42CAB;research;ND;Western Balkans smart specialisation science and technology collaboration networks - Joint Research Centre;https://joint-research-centre.ec.europa.eu/scientific-activities/territorial-development/innovation-eu-enlargement-and-neighbourhood-region/s3-knowledge-hub/western-balkans-smart-specialisation-science-and-technology-collaboration-networks_en;ND;JRC;ND;European Union;Europe;eu_research;ND;ND;2026-10-03T23:03:56.176Z;institutional_primary;en;Visualisation tool of the Western Balkan science and technology collaboration networks in the smart specialisation preliminary priority domains;Visualisation tool of the Western Balkan science and technology collaboration networks in the smart specialisation preliminary priority domains;ND;ND;ND;ND;ND;ND;ND;ND;free;primary;not_applicable;ND;ND;https://joint-research-centre.ec.europa.eu/scientific-activities/territorial-development/innovation-eu-enlargement-and-neighbourhood-region/s3-knowledge-hub/western-balkans-smart-specialisation-science-and-technology-collaboration-networks_en;ND;5;B;V2;200;V2: institution certifiée 3/3, URL ouverte anonymement, titre et contenu vérifiés automatiquement. V3 réservé à une validation plus forte.;7f1689f7d46ce54caef905614895004f699653e8990cf2c7e8a6e6e3c1913ad7
279;DOC-A4F9E7E8025C9B88B9C9;research;ND;Découvrir & Comprendre - Santé ＆ sciences du vivant;https://www.cea.fr/comprendre/Pages/sante-et-sciences-du-vivant.aspx;ND;CEA;ND;France;Europe;public_research;2017-2-3;ND;2026-10-03T23:02:35.220Z;institutional_primary;fr;Découvrez des contenus pédagogiques de la connaissance du vivant aux technologies de la santé.​;Découvrez des contenus pédagogiques de la connaissance du vivant aux technologies de la santé.​;ND;ND;ND;ND;ND;ND;ND;ND;free;primary;not_applicable;ND;ND;https://www.cea.fr/comprendre/Pages/sante-et-sciences-du-vivant.aspx;ND;1;B;V2;200;V2: institution certifiée 3/3, URL ouverte anonymement, titre et contenu vérifiés automatiquement. V3 réservé à une validation plus forte.;e9c785bec21ddcb99c93f40d9f4b2faebee10f3b0f04d8d303fc0f2324aca9e7
280;DOC-EB0E81EB3B87CAE1BDA5;research;ND;English Portal - The CEA – a key player in scientific and technological research;https://www.cea.fr/english/Pages/cea/the-cea-a-key-player-in-technological-research.aspx;ND;CEA;ND;France;Europe;public_research;2026-6-19;ND;2026-10-03T23:02:33.683Z;institutional_primary;fr;The French Alternative Energies and Atomic Energy Commission (CEA) is a key player in research, development and innovation.;The French Alternative Energies and Atomic Energy Commission (CEA) is a key player in research, development and innovation.;ND;ND;ND;ND;ND;ND;ND;ND;free;primary;not_applicable;ND;ND;https://www.cea.fr/english/Pages/cea/the-cea-a-key-player-in-technological-research.aspx;ND;2;B;V2;200;V2: institution certifiée 3/3, URL ouverte anonymement, titre et contenu vérifiés automatiquement. V3 réservé à une validation plus forte.;4e79b99c64cb6631d5d82261abaab2b444b0e40daf44893d35da76950e763138
281;DOC-553AF8C8A07A4AB1A5BD;research;ND;Fabrique de savoirs - VivaTech 2026 : de la recherche fondamentale à l’innovation;https://www.cea.fr/drf/Pages/Actualites/Vie-de-la-DRF/2026/VivaTech-2026-de-la-recherche-fondamentale-a-l-innovation.aspx;ND;CEA;ND;France;Europe;public_research;2026-6-26;ND;2026-10-03T23:02:33.745Z;institutional_primary;fr;À l’occasion de la 10ᵉ édition de VivaTech, qui s’est tenue du 17 au 20 juin 2026 à Paris, le CEA a réaffirmé son ambition de faire de l’innovation technologique un levier stratégique au service de la souveraineté industrielle, scientifique et numérique. Aux côtés des autres entités du CEA, la Direction de la Recherche Fondamentale (DRF) a illustré sa capacité à transformer des avancées scientifiques de long terme en technologies de rupture et en start-up à fort potentiel.;À l’occasion de la 10ᵉ édition de VivaTech, qui s’est tenue du 17 au 20 juin 2026 à Paris, le CEA a réaffirmé son ambition de faire de l’innovation technologique un levier stratégique au service de la souveraineté industrielle, scientifique et numérique. Aux côtés des autres entités du CEA, la Direction de la Recherche Fondamentale (DRF) a illustré sa capacité à transformer des avancées scientifiques de long terme en technologies de rupture et en start-up à fort potentiel.;ND;ND;ND;ND;ND;ND;ND;ND;free;primary;not_applicable;ND;ND;https://www.cea.fr/drf/Pages/Actualites/Vie-de-la-DRF/2026/VivaTech-2026-de-la-recherche-fondamentale-a-l-innovation.aspx;ND;2;B;V2;200;V2: institution certifiée 3/3, URL ouverte anonymement, titre et contenu vérifiés automatiquement. V3 réservé à une validation plus forte.;106af2f96407e8a768327d8f116a13b67cfcae7d73cf07e188a6fcf31977d821
282;DOC-6380EBED3DEA4761A043;research;ND;Institut des sciences du vivant Frédéric-Joliot - Les bébés doués de conscience ?;https://www.cea.fr/drf/Pages/Actualites/En-direct-des-labos/2013/Les-bebes-doues-de-conscience-.aspx;ND;CEA;ND;France;Europe;public_research;2013-4-19;ND;2026-10-03T23:02:33.320Z;institutional_primary;fr;Les bébés ont longtemps été considérés comme ayant des comportements principalement automatiques qui ne s’accompagnent pas d’une expérience subjective consciente. Et pourtant : des chercheurs du CEA-I2BM et du CNRS montrent que les nourrissons possèdent dès 5 mois une forme de conscience similaire à celle des adultes.;Les bébés ont longtemps été considérés comme ayant des comportements principalement automatiques qui ne s’accompagnent pas d’une expérience subjective consciente. Et pourtant : des chercheurs du CEA-I2BM et du CNRS montrent que les nourrissons possèdent dès 5 mois une forme de conscience similaire à celle des adultes.;ND;ND;ND;ND;ND;ND;ND;ND;free;primary;not_applicable;ND;ND;https://www.cea.fr/drf/Pages/Actualites/En-direct-des-labos/2013/Les-bebes-doues-de-conscience-.aspx;ND;2;B;V2;200;V2: institution certifiée 3/3, URL ouverte anonymement, titre et contenu vérifiés automatiquement. V3 réservé à une validation plus forte.;a31cc6b8abd5984d5399f6bfa17c9a00fb61aa75c75bce7c4909e16a3a5fa542
283;DOC-68BC9049962A25FBE082;research;ND;Institut des sciences du vivant Frédéric-Joliot - Les grands modèles de langage ont-ils une conscience ?;https://www.cea.fr/presse/Pages/actualites-communiques/ntic/modeles-langage-ont-ils-conscience.aspx;ND;CEA;ND;France;Europe;public_research;2026-7-27;ND;2026-10-03T23:02:33.335Z;institutional_primary;fr;Dans une étude publiée début juillet, l’entreprise américaine Anthropic affirme avoir identifié un espace dans lequel Claude, son modèle d’IA, « réfléchit » à des idées sans forcément les verbaliser. Les machines disposeraient-elles d’un espace de réflexion consciente, à l’instar des humains ? Entretien de décryptage avec Stanislas Dehaene, professeur au Collège de France, directeur scientifique et responsable de l’unité de recherche en neuroimagerie cognitive de NeuroSpin, centre de recherche pour l;Dans une étude publiée début juillet, l’entreprise américaine Anthropic affirme avoir identifié un espace dans lequel Claude, son modèle d’IA, « réfléchit » à des idées sans forcément les verbaliser. Les machines disposeraient-elles d’un espace de réflexion consciente, à l’instar des humains ? Entretien de décryptage avec Stanislas Dehaene, professeur au Collège de France, directeur scientifique et responsable de l’unité de recherche en neuroimagerie cognitive de NeuroSpin, centre de recherche pour l;ND;ND;ND;ND;ND;ND;ND;ND;free;primary;not_applicable;ND;ND;https://www.cea.fr/presse/Pages/actualites-communiques/ntic/modeles-langage-ont-ils-conscience.aspx;ND;2;B;V2;200;V2: institution certifiée 3/3, URL ouverte anonymement, titre et contenu vérifiés automatiquement. V3 réservé à une validation plus forte.;e50a66d23cceb628e0713b2a4d5648695acb531d6e6efe67bcf551afc28f6be9
284;DOC-6B99124C93E3C6E262AC;research;ND;Europe: “Basic research should be central to the next Framework Programme” | CNRS;https://www.cnrs.fr/en/update/europe-basic-research-should-be-central-next-framework-programme;ND;CNRS;Direction de la communication;France;Europe;public_research;2024-07-17T12:00:00Z;ND;2026-10-03T23:02:30.448Z;institutional_primary;fr;As the final phase of strategic programming draws near for Horizon Europe, the framework programme for research and innovation, the European Commission has begun preparing its successor FP10 (10th Framework Programme), which will take effect in 2027. The CNRS is actively contributing to this future programme, emphasising basic research, European attractiveness, mobility, and collaborative research at more preliminary technological stages. An in-depth look with Antoine Petit, the CNRS Chairman & CEO.;As the final phase of strategic programming draws near for Horizon Europe, the framework programme for research and innovation, the European Commission has begun preparing its successor FP10 (10th Framework Programme), which will take effect in 2027. The CNRS is actively contributing to this future programme, emphasising basic research, European attractiveness, mobility, and collaborative research at more preliminary technological stages. An in-depth look with Antoine Petit, the CNRS Chairman & CEO.;ND;ND;ND;ND;ND;ND;ND;ND;free;primary;not_applicable;ND;ND;https://www.cnrs.fr/en/update/europe-basic-research-should-be-central-next-framework-programme;ND;3;B;V2;200;V2: institution certifiée 3/3, URL ouverte anonymement, titre et contenu vérifiés automatiquement. V3 réservé à une validation plus forte.;2e8199fac80418dc6582c6b2a5f308339ad5d63a1937c7471d31f1c72e031e18
285;DOC-879B4BFE98E853787369;research;ND;High-risk high-return research programme: Digital technologies theme | CNRS;https://www.cnrs.fr/en/our-rsearch/france-2030/high-risk-high-return-research-programme-digital-technologies;ND;CNRS;Direction de la communication;France;Europe;public_research;2026-04-28T12:00:00Z;ND;2026-10-03T23:02:30.159Z;institutional_primary;fr;High-risk high-return research programme: Digital technologies theme | CNRS Skip to main content High-risk high-return research programme: Digital technologies theme Menu Navigation principale Home Our research See more Partnerships Disciplines France 2030 Assessment Collective scientific expertise Our innovations See more Protection Entrepreneurship Joint creation Our challenges See more The societal impact of research Transversal challenges Environmental transition Sharing knowledge Open science Decision support The CNRS See more Missions Responsibilities Organisation Europe and International Distinctions Search Your profile Press Recruitment Industry Suppliers In-house CNRS On the web Directory Donate Fr En - A + A Share this content Share on Bluesky Share on Twitter Share on Linkedin Share on FaceBook Send by mail https://www.cnrs.fr/en/our-rsearch/france-2030/high-risk-high-return-r;High-risk high-return research programme: Digital technologies theme | CNRS Skip to main content High-risk high-return research programme: Digital technologies theme Menu Navigation principale Home Our research See more Partnerships Disciplines France 2030 Assessment Collective scientific expertise Our innovations See more Protection Entrepreneurship Joint creation Our challenges See more The societal impact of research Transversal challenges Environmental transition Sharing knowledge Open science Decision support The CNRS See more Missions Responsibilities Organisation Europe and International Distinctions Search Your profile Press Recruitment Industry Suppliers In-house CNRS On the web Directory Donate Fr En - A + A Share this content Share on Bluesky Share on Twitter Share on Linkedin Share on FaceBook Send by mail https://www.cnrs.fr/en/our-rsearch/france-2030/high-risk-high-return-r;ND;ND;ND;ND;ND;ND;ND;ND;free;primary;not_applicable;ND;ND;https://www.cnrs.fr/en/our-rsearch/france-2030/high-risk-high-return-research-programme-digital-technologies;ND;4;B;V2;200;V2: institution certifiée 3/3, URL ouverte anonymement, titre et contenu vérifiés automatiquement. V3 réservé à une validation plus forte.;36690dba7d8d969a33367f5f2430b020057128d91ef7108dee7cdba9a30b0f95
286;DOC-90843A5A3D3F1DFD0F60;research;ND;High-risk high-return research programme: Environment theme | CNRS;https://www.cnrs.fr/en/our-research/france-2030/high-risk-high-return-research-programme-environment;ND;CNRS;Direction de la communication;France;Europe;public_research;2026-04-28T12:00:00Z;ND;2026-10-03T23:02:29.695Z;institutional_primary;fr;High-risk high-return research programme: Environment theme | CNRS Skip to main content High-risk high-return research programme: Environment theme Menu Navigation principale Home Our research See more Partnerships Disciplines France 2030 Assessment Collective scientific expertise Our innovations See more Protection Entrepreneurship Joint creation Our challenges See more The societal impact of research Transversal challenges Environmental transition Sharing knowledge Open science Decision support The CNRS See more Missions Responsibilities Organisation Europe and International Distinctions Search Your profile Press Recruitment Industry Suppliers In-house CNRS On the web Directory Donate Fr En - A + A Share this content Share on Bluesky Share on Twitter Share on Linkedin Share on FaceBook Send by mail https://www.cnrs.fr/en/our-research/france-2030/high-risk-high-return-research-programme;High-risk high-return research programme: Environment theme | CNRS Skip to main content High-risk high-return research programme: Environment theme Menu Navigation principale Home Our research See more Partnerships Disciplines France 2030 Assessment Collective scientific expertise Our innovations See more Protection Entrepreneurship Joint creation Our challenges See more The societal impact of research Transversal challenges Environmental transition Sharing knowledge Open science Decision support The CNRS See more Missions Responsibilities Organisation Europe and International Distinctions Search Your profile Press Recruitment Industry Suppliers In-house CNRS On the web Directory Donate Fr En - A + A Share this content Share on Bluesky Share on Twitter Share on Linkedin Share on FaceBook Send by mail https://www.cnrs.fr/en/our-research/france-2030/high-risk-high-return-research-programme;ND;ND;ND;ND;ND;ND;ND;ND;free;primary;not_applicable;ND;ND;https://www.cnrs.fr/en/our-research/france-2030/high-risk-high-return-research-programme-environment;ND;4;B;V2;200;V2: institution certifiée 3/3, URL ouverte anonymement, titre et contenu vérifiés automatiquement. V3 réservé à une validation plus forte.;084eaee26a3bb922f02d8320c272e73bfdb500351d9eaa1d4f6a507ff7dbac3e
287;DOC-CFE6ED28457C2D446060;research;ND;High-risk high-return research programme: Living systems | CNRS;https://www.cnrs.fr/en/our-rsearch/france-2030/high-risk-high-return-research-programme-living-systems;ND;CNRS;Direction de la communication;France;Europe;public_research;2026-04-28T12:00:00Z;ND;2026-10-03T23:02:30.305Z;institutional_primary;fr;High-risk high-return research programme: Living systems | CNRS Skip to main content High-risk high-return research programme: Living systems Menu Navigation principale Home Our research See more Partnerships Disciplines France 2030 Assessment Collective scientific expertise Our innovations See more Protection Entrepreneurship Joint creation Our challenges See more The societal impact of research Transversal challenges Environmental transition Sharing knowledge Open science Decision support The CNRS See more Missions Responsibilities Organisation Europe and International Distinctions Search Your profile Press Recruitment Industry Suppliers In-house CNRS On the web Directory Donate Fr En - A + A Share this content Share on Bluesky Share on Twitter Share on Linkedin Share on FaceBook Send by mail https://www.cnrs.fr/en/our-rsearch/france-2030/high-risk-high-return-research-programme-living;High-risk high-return research programme: Living systems | CNRS Skip to main content High-risk high-return research programme: Living systems Menu Navigation principale Home Our research See more Partnerships Disciplines France 2030 Assessment Collective scientific expertise Our innovations See more Protection Entrepreneurship Joint creation Our challenges See more The societal impact of research Transversal challenges Environmental transition Sharing knowledge Open science Decision support The CNRS See more Missions Responsibilities Organisation Europe and International Distinctions Search Your profile Press Recruitment Industry Suppliers In-house CNRS On the web Directory Donate Fr En - A + A Share this content Share on Bluesky Share on Twitter Share on Linkedin Share on FaceBook Send by mail https://www.cnrs.fr/en/our-rsearch/france-2030/high-risk-high-return-research-programme-living;ND;ND;ND;ND;ND;ND;ND;ND;free;primary;not_applicable;ND;ND;https://www.cnrs.fr/en/our-rsearch/france-2030/high-risk-high-return-research-programme-living-systems;ND;3;B;V2;200;V2: institution certifiée 3/3, URL ouverte anonymement, titre et contenu vérifiés automatiquement. V3 réservé à une validation plus forte.;401da949d2de895a20150e0d4ab31230356656fc426d66405c1a42c9c2612e0c
288;DOC-B8DD81EEF5D0F5E425F5;research;ND;High-risk high-return research programme: Matter theme | CNRS;https://www.cnrs.fr/en/our-research/france-2030/high-risk-high-return-research-programme-matter;ND;CNRS;Direction de la communication;France;Europe;public_research;2026-04-28T12:00:00Z;ND;2026-10-03T23:02:30.304Z;institutional_primary;fr;High-risk high-return research programme: Matter theme | CNRS Skip to main content High-risk high-return research programme: Matter theme Menu Navigation principale Home Our research See more Partnerships Disciplines France 2030 Assessment Collective scientific expertise Our innovations See more Protection Entrepreneurship Joint creation Our challenges See more The societal impact of research Transversal challenges Environmental transition Sharing knowledge Open science Decision support The CNRS See more Missions Responsibilities Organisation Europe and International Distinctions Search Your profile Press Recruitment Industry Suppliers In-house CNRS On the web Directory Donate Fr En - A + A Share this content Share on Bluesky Share on Twitter Share on Linkedin Share on FaceBook Send by mail https://www.cnrs.fr/en/our-research/france-2030/high-risk-high-return-research-programme-matter Pr;High-risk high-return research programme: Matter theme | CNRS Skip to main content High-risk high-return research programme: Matter theme Menu Navigation principale Home Our research See more Partnerships Disciplines France 2030 Assessment Collective scientific expertise Our innovations See more Protection Entrepreneurship Joint creation Our challenges See more The societal impact of research Transversal challenges Environmental transition Sharing knowledge Open science Decision support The CNRS See more Missions Responsibilities Organisation Europe and International Distinctions Search Your profile Press Recruitment Industry Suppliers In-house CNRS On the web Directory Donate Fr En - A + A Share this content Share on Bluesky Share on Twitter Share on Linkedin Share on FaceBook Send by mail https://www.cnrs.fr/en/our-research/france-2030/high-risk-high-return-research-programme-matter Pr;ND;ND;ND;ND;ND;ND;ND;ND;free;primary;not_applicable;ND;ND;https://www.cnrs.fr/en/our-research/france-2030/high-risk-high-return-research-programme-matter;ND;3;B;V2;200;V2: institution certifiée 3/3, URL ouverte anonymement, titre et contenu vérifiés automatiquement. V3 réservé à une validation plus forte.;c34d462833c1e681f47835707b6cbcd361ce2ad3599e7e6ef7e4035837d77d78
289;DOC-DAA7BF9499AED8279B10;research;ND;High-risk high-return research programme: Societies theme | CNRS;https://www.cnrs.fr/en/our-rsearch/france-2030/high-risk-high-return-research-programme-societies;ND;CNRS;Direction de la communication;France;Europe;public_research;2026-04-28T12:00:00Z;ND;2026-10-03T23:02:30.444Z;institutional_primary;fr;High-risk high-return research programme: Societies theme | CNRS Skip to main content High-risk high-return research programme: Societies theme Menu Navigation principale Home Our research See more Partnerships Disciplines France 2030 Assessment Collective scientific expertise Our innovations See more Protection Entrepreneurship Joint creation Our challenges See more The societal impact of research Transversal challenges Environmental transition Sharing knowledge Open science Decision support The CNRS See more Missions Responsibilities Organisation Europe and International Distinctions Search Your profile Press Recruitment Industry Suppliers In-house CNRS On the web Directory Donate Fr En - A + A Share this content Share on Bluesky Share on Twitter Share on Linkedin Share on FaceBook Send by mail https://www.cnrs.fr/en/our-rsearch/france-2030/high-risk-high-return-research-programme-soci;High-risk high-return research programme: Societies theme | CNRS Skip to main content High-risk high-return research programme: Societies theme Menu Navigation principale Home Our research See more Partnerships Disciplines France 2030 Assessment Collective scientific expertise Our innovations See more Protection Entrepreneurship Joint creation Our challenges See more The societal impact of research Transversal challenges Environmental transition Sharing knowledge Open science Decision support The CNRS See more Missions Responsibilities Organisation Europe and International Distinctions Search Your profile Press Recruitment Industry Suppliers In-house CNRS On the web Directory Donate Fr En - A + A Share this content Share on Bluesky Share on Twitter Share on Linkedin Share on FaceBook Send by mail https://www.cnrs.fr/en/our-rsearch/france-2030/high-risk-high-return-research-programme-soci;ND;ND;ND;ND;ND;ND;ND;ND;free;primary;not_applicable;ND;ND;https://www.cnrs.fr/en/our-rsearch/france-2030/high-risk-high-return-research-programme-societies;ND;3;B;V2;200;V2: institution certifiée 3/3, URL ouverte anonymement, titre et contenu vérifiés automatiquement. V3 réservé à une validation plus forte.;695e0ea1af4d4842b6944d5a59301eabefc1b8c54cd8190b322d071ecac934bb
290;DOC-48A0C1A9D4D71305E919;research;ND;Le CNRS à Vivatech 2026 : un programme centré sur la souveraineté technologique ! | CNRS;https://www.cnrs.fr/fr/actualite/le-cnrs-vivatech-2026-un-programme-centre-sur-la-souverainete-technologique;ND;CNRS;Direction de la communication;France;Europe;public_research;2026-05-19T12:00:00Z;ND;2026-10-03T23:02:30.451Z;institutional_primary;fr;Pour sa 7ᵉ participation à VivaTech, le CNRS réaffirme son rôle central dans l’innovation deeptech, en présentant des avancées de rupture issues de laboratoires sous sa tutelle. Moteur dans l’émergence d’innovations qui impactent profondément notre société, le CNRS mettra en lumière huit start-up sur son stand. Au cours de trois journées thématiques, le CNRS propose de croiser les visions de scientifiques et industriels, qui font de la science un moteur d’autonomie et de résilience technologique. Pour le CNRS, cette édition de VivaTech sera placée sous le signe de la souveraineté technologique.;Pour sa 7ᵉ participation à VivaTech, le CNRS réaffirme son rôle central dans l’innovation deeptech, en présentant des avancées de rupture issues de laboratoires sous sa tutelle. Moteur dans l’émergence d’innovations qui impactent profondément notre société, le CNRS mettra en lumière huit start-up sur son stand. Au cours de trois journées thématiques, le CNRS propose de croiser les visions de scientifiques et industriels, qui font de la science un moteur d’autonomie et de résilience technologique. Pour le CNRS, cette édition de VivaTech sera placée sous le signe de la souveraineté technologique.;ND;ND;ND;ND;ND;ND;ND;ND;free;primary;not_applicable;ND;ND;https://www.cnrs.fr/fr/actualite/le-cnrs-vivatech-2026-un-programme-centre-sur-la-souverainete-technologique;ND;3;B;V2;200;V2: institution certifiée 3/3, URL ouverte anonymement, titre et contenu vérifiés automatiquement. V3 réservé à une validation plus forte.;6e96c5c08f57df90aa21af5b2ef1514e8e805521bd372ca9b3a041d9b31badc8
291;DOC-764FD09CE33A7938C1B7;research;ND;Le CNRS fête 10 ans d’innovation avec le programme de prématuration | CNRS;https://www.cnrs.fr/fr/actualite/le-cnrs-fete-10-ans-dinnovation-avec-le-programme-de-prematuration;ND;CNRS;Direction de la communication;France;Europe;public_research;2024-10-28T12:00:00Z;ND;2026-10-03T23:02:30.443Z;institutional_primary;fr;Depuis une décennie, le programme de prématuration du CNRS accompagne les chercheuses et les chercheurs dans la valorisation de leurs découvertes, avec pour ambition de transformer les idées novatrices en preuves de concept solides. Un programme qui permet aujourd’hui à plus de 60 projets par an, dans toutes les disciplines, d’envisager leur avenir au sein du monde économique.;Depuis une décennie, le programme de prématuration du CNRS accompagne les chercheuses et les chercheurs dans la valorisation de leurs découvertes, avec pour ambition de transformer les idées novatrices en preuves de concept solides. Un programme qui permet aujourd’hui à plus de 60 projets par an, dans toutes les disciplines, d’envisager leur avenir au sein du monde économique.;ND;ND;ND;ND;ND;ND;ND;ND;free;primary;not_applicable;ND;ND;https://www.cnrs.fr/fr/actualite/le-cnrs-fete-10-ans-dinnovation-avec-le-programme-de-prematuration;ND;3;B;V2;200;V2: institution certifiée 3/3, URL ouverte anonymement, titre et contenu vérifiés automatiquement. V3 réservé à une validation plus forte.;8556d8c43ad6d2c1df0d06405be89e18aa8bffeb2cef016491f0da617f2e4e3d
292;DOC-0F784B7B62AE292E0EA7;research;ND;National programmes: theme Electronics and digital technologies | CNRS;https://www.cnrs.fr/en/our-research/france-2030/national-programmes-electronics-digital-technologies;ND;CNRS;Direction de la communication;France;Europe;public_research;2026-04-28T12:00:00Z;ND;2026-10-03T23:02:29.703Z;institutional_primary;fr;The CNRS is involved in the French State's France 2030 initiative to support innovative stakeholders and fund research projects. The CNRS leads or co-leads around forty national programs aimed at strengthening French research in five key areas, including Electronics and digital technologies.;The CNRS is involved in the French State's France 2030 initiative to support innovative stakeholders and fund research projects. The CNRS leads or co-leads around forty national programs aimed at strengthening French research in five key areas, including Electronics and digital technologies.;ND;ND;ND;ND;ND;ND;ND;ND;free;primary;not_applicable;ND;ND;https://www.cnrs.fr/en/our-research/france-2030/national-programmes-electronics-digital-technologies;ND;4;B;V2;200;V2: institution certifiée 3/3, URL ouverte anonymement, titre et contenu vérifiés automatiquement. V3 réservé à une validation plus forte.;5d38217024f4af692956bee940a84fb07c8e797872ca6fa7681c37c718cbfad3
293;DOC-FFDA3AA169668F736B2B;research;ND;National programmes: theme Energy transition | CNRS;https://www.cnrs.fr/en/our-research/france-2030/national-programmes-energy-transition;ND;CNRS;Direction de la communication;France;Europe;public_research;2026-04-28T12:00:00Z;ND;2026-10-03T23:02:30.143Z;institutional_primary;fr;The CNRS is involved in the French State's France 2030 initiative to support innovative stakeholders and fund research projects. The CNRS leads or co-leads around forty national programs aimed at strengthening French research in five key areas, including Energy transition.;The CNRS is involved in the French State's France 2030 initiative to support innovative stakeholders and fund research projects. The CNRS leads or co-leads around forty national programs aimed at strengthening French research in five key areas, including Energy transition.;ND;ND;ND;ND;ND;ND;ND;ND;free;primary;not_applicable;ND;ND;https://www.cnrs.fr/en/our-research/france-2030/national-programmes-energy-transition;ND;4;B;V2;200;V2: institution certifiée 3/3, URL ouverte anonymement, titre et contenu vérifiés automatiquement. V3 réservé à une validation plus forte.;04df15c372d9f67e76c8cdd48559bcd836c666796063f0472d11d1add09dccc5
294;DOC-9DD0935A83FCAC8F4B4A;research;ND;National programmes: theme Environment | CNRS;https://www.cnrs.fr/en/our-research/france-2030/national-programmes-environment;ND;CNRS;Direction de la communication;France;Europe;public_research;2026-04-28T12:00:00Z;ND;2026-10-03T23:02:30.150Z;institutional_primary;fr;The CNRS is involved in the French State's France 2030 initiative to support innovative stakeholders and fund research projects. The CNRS leads or co-leads around forty national programs aimed at strengthening French research in five key areas, including Environment.;The CNRS is involved in the French State's France 2030 initiative to support innovative stakeholders and fund research projects. The CNRS leads or co-leads around forty national programs aimed at strengthening French research in five key areas, including Environment.;ND;ND;ND;ND;ND;ND;ND;ND;free;primary;not_applicable;ND;ND;https://www.cnrs.fr/en/our-research/france-2030/national-programmes-environment;ND;4;B;V2;200;V2: institution certifiée 3/3, URL ouverte anonymement, titre et contenu vérifiés automatiquement. V3 réservé à une validation plus forte.;ce26a29e06adc790a35256746ad17e52ffc7958a8a8d0a36efd9543defaa42c6
295;DOC-A8D8F19C9F6DFA4500FB;research;ND;National programmes: theme Health | CNRS;https://www.cnrs.fr/en/our-research/france-2030/national-programmes-health;ND;CNRS;Direction de la communication;France;Europe;public_research;2026-04-28T12:00:00Z;ND;2026-10-03T23:02:30.139Z;institutional_primary;fr;The CNRS is involved in the French State's France 2030 initiative to support innovative stakeholders and fund research projects. The CNRS leads or co-leads around forty national programs aimed at strengthening French research in five key areas, including Health.;The CNRS is involved in the French State's France 2030 initiative to support innovative stakeholders and fund research projects. The CNRS leads or co-leads around forty national programs aimed at strengthening French research in five key areas, including Health.;ND;ND;ND;ND;ND;ND;ND;ND;free;primary;not_applicable;ND;ND;https://www.cnrs.fr/en/our-research/france-2030/national-programmes-health;ND;4;B;V2;200;V2: institution certifiée 3/3, URL ouverte anonymement, titre et contenu vérifiés automatiquement. V3 réservé à une validation plus forte.;c38a90ad8a7ed0f26b977743be0991bb16bd7a9e9ed05a27b4cbbf9b89b15317
296;DOC-2F3BF05CC20AECEF6ABC;research;ND;National programmes: theme Societies | CNRS;https://www.cnrs.fr/en/our-research/france-2030/national-programmes-societies;ND;CNRS;Direction de la communication;France;Europe;public_research;2026-04-28T12:00:00Z;ND;2026-10-03T23:02:30.297Z;institutional_primary;fr;The CNRS is involved in the French State's France 2030 initiative to support innovative stakeholders and fund research projects. The CNRS leads or co-leads around forty national programs aimed at strengthening French research in five key areas, including Societies.;The CNRS is involved in the French State's France 2030 initiative to support innovative stakeholders and fund research projects. The CNRS leads or co-leads around forty national programs aimed at strengthening French research in five key areas, including Societies.;ND;ND;ND;ND;ND;ND;ND;ND;free;primary;not_applicable;ND;ND;https://www.cnrs.fr/en/our-research/france-2030/national-programmes-societies;ND;3;B;V2;200;V2: institution certifiée 3/3, URL ouverte anonymement, titre et contenu vérifiés automatiquement. V3 réservé à une validation plus forte.;df17b864bed688569c2a94a5a42cf2aa4d30fcd8fbdae2dbba2b46c6401d1f02
297;DOC-0178C69F99EBCC4532B5;research;ND;National research programmes | CNRS;https://www.cnrs.fr/en/our-challenges/national-research-programmes;ND;CNRS;Direction de la communication;France;Europe;public_research;2026-04-28T12:00:00Z;ND;2026-10-03T23:02:30.302Z;institutional_primary;fr;The CNRS either steers or co-steers the majority of the 47 Priority Research Programmes and Equipments (PEPR) launched as part of the France 2030 plan, alongside the previously launched Priority Research Programmes (PPR).;The CNRS either steers or co-steers the majority of the 47 Priority Research Programmes and Equipments (PEPR) launched as part of the France 2030 plan, alongside the previously launched Priority Research Programmes (PPR).;ND;ND;ND;ND;ND;ND;ND;ND;free;primary;not_applicable;ND;ND;https://www.cnrs.fr/en/our-challenges/national-research-programmes;ND;3;B;V2;200;V2: institution certifiée 3/3, URL ouverte anonymement, titre et contenu vérifiés automatiquement. V3 réservé à une validation plus forte.;84b86a9599b1ce0220a0f72b38bacb0556fe195393e954afb2530ea6b19749d7
298;DOC-62547FF48CE6E1F5CAC7;research;ND;The G6 calls for renewed ambition to drive the next European Framework Programme for Research and Innovation | CNRS;https://www.cnrs.fr/en/update/g6-calls-renewed-ambition-drive-next-european-framework-programme-research-and-innovation;ND;CNRS;Direction de la communication;France;Europe;public_research;2024-12-18T12:00:00Z;ND;2026-10-03T23:02:30.298Z;institutional_primary;fr;The G6 network made up of the six main European research organisations - CNR (Italy), CNRS (France), CSIC (Spain), Helmholtz Association, Leibniz Association and Max Planck Society (Germany) – and representing 135,000 employees, has published a statement calling for a shared vision for the upcoming Framework Programme, FP10.;The G6 network made up of the six main European research organisations - CNR (Italy), CNRS (France), CSIC (Spain), Helmholtz Association, Leibniz Association and Max Planck Society (Germany) – and representing 135,000 employees, has published a statement calling for a shared vision for the upcoming Framework Programme, FP10.;ND;ND;ND;ND;ND;ND;ND;ND;free;primary;not_applicable;ND;ND;https://www.cnrs.fr/en/update/g6-calls-renewed-ambition-drive-next-european-framework-programme-research-and-innovation;ND;4;B;V2;200;V2: institution certifiée 3/3, URL ouverte anonymement, titre et contenu vérifiés automatiquement. V3 réservé à une validation plus forte.;9dfebb74a4252ee380a2d9dbd4392f35e8f6e9fb009a6bad7875d8856030659b
299;DOC-3F9FEE29EB39D13E4610;research;ND;Accès aux documents administratifs | Inria;https://www.inria.fr/fr/acces-documents-administratifs;ND;Inria;ND;France;Europe;public_research;ND;ND;2026-10-03T23:03:35.335Z;institutional_primary;fr;En vertu de l’Article L. 330-1 du code des relations entre le public et l’administration, le Président-directeur général d’Inria a désigné une personne responsable de l’accès aux documents administratifs et des questions relatives à la réutilisation des informations publiques (PRADA) :;En vertu de l’Article L. 330-1 du code des relations entre le public et l’administration, le Président-directeur général d’Inria a désigné une personne responsable de l’accès aux documents administratifs et des questions relatives à la réutilisation des informations publiques (PRADA) :;ND;ND;ND;ND;ND;ND;ND;ND;free;primary;not_applicable;ND;ND;https://www.inria.fr/fr/acces-documents-administratifs;ND;1;B;V2;200;V2: institution certifiée 3/3, URL ouverte anonymement, titre et contenu vérifiés automatiquement. V3 réservé à une validation plus forte.;368325f92f020fafad847c1cd62c86c10d523572b8c8f35066a4539b430c1905
300;DOC-0BE8D4DA3F9E6454C1F7;research;ND;AMOC : vers des projections climatiques plus fiables grâce aux statistiques | Inria;https://www.inria.fr/fr/amoc-projections-climatiques-statistiques;ND;Inria;ND;France;Europe;public_research;2026-09-23T06:25:11Z;ND;2026-10-03T23:03:35.352Z;institutional_primary;fr;L’AMOC ( atlantic meridional overturning circulation ) est un vaste système de courants océaniques qui joue un rôle essentiel dans la régulation du climat terrestre. Souvent associé au gulf stream, il désigne en réalité un ensemble de circulations qui transportent des masses d’eau chaude vers l’Atlantique Nord. En atteignant les régions subarctiques, ces eaux se refroidissent, deviennent plus denses et plongent vers les profondeurs avant de se diriger vers l’océan Austral ou elle refond surface. Ce mécanisme constitue l’un des moteurs majeurs de la circulation océanique mondiale.;L’AMOC ( atlantic meridional overturning circulation ) est un vaste système de courants océaniques qui joue un rôle essentiel dans la régulation du climat terrestre. Souvent associé au gulf stream, il désigne en réalité un ensemble de circulations qui transportent des masses d’eau chaude vers l’Atlantique Nord. En atteignant les régions subarctiques, ces eaux se refroidissent, deviennent plus denses et plongent vers les profondeurs avant de se diriger vers l’océan Austral ou elle refond surface. Ce mécanisme constitue l’un des moteurs majeurs de la circulation océanique mondiale.;ND;ND;ND;ND;ND;ND;ND;ND;free;primary;not_applicable;ND;ND;https://www.inria.fr/fr/amoc-projections-climatiques-statistiques;ND;1;B;V2;200;V2: institution certifiée 3/3, URL ouverte anonymement, titre et contenu vérifiés automatiquement. V3 réservé à une validation plus forte.;ec6eae61cc69336f181bd119339bb366d87e6c634d2f1d505ab0dc15f0beb9aa
301;DOC-D70FA1B45C34E550EA4C;research;ND;Data Sciences | Inria;https://www.inria.fr/en/data-sciences;ND;Inria;ND;France;Europe;public_research;2025-09-15T06:05:16Z;ND;2026-10-03T23:03:34.540Z;institutional_primary;fr;Improving the quality of large volumes of data, reducing the volume, developing browsing, analysis and visualisation methods for large data sets as well as assessment methods to measure the effectiveness and usability of these visualizations etc. – Inria’s project teams draw on their expertise at the forefront of the data economy to provide input for HPDA (High Performance Data Analytics), which can accelerate artificial intelligence applications. With potential applications in high-performance simulation, health data analytics, predictive finance, journalism fact-checking and the digital humanities, Inria’s research and innovation framework for data sciences is designed to incorporate strong interdisciplinary collaboration to foster the development of original solutions which are perfectly aligned with the needs identified in each sector. It also draws on leading software (such as Sciki;Improving the quality of large volumes of data, reducing the volume, developing browsing, analysis and visualisation methods for large data sets as well as assessment methods to measure the effectiveness and usability of these visualizations etc. – Inria’s project teams draw on their expertise at the forefront of the data economy to provide input for HPDA (High Performance Data Analytics), which can accelerate artificial intelligence applications. With potential applications in high-performance simulation, health data analytics, predictive finance, journalism fact-checking and the digital humanities, Inria’s research and innovation framework for data sciences is designed to incorporate strong interdisciplinary collaboration to foster the development of original solutions which are perfectly aligned with the needs identified in each sector. It also draws on leading software (such as Sciki;ND;ND;ND;ND;ND;ND;ND;ND;free;primary;not_applicable;ND;ND;https://www.inria.fr/en/data-sciences;ND;2;B;V2;200;V2: institution certifiée 3/3, URL ouverte anonymement, titre et contenu vérifiés automatiquement. V3 réservé à une validation plus forte.;b64d2d3f2b73e1302981778148a736c1ae376127d1b9856f32c7595d07faf651
302;DOC-99EB2181CB560B378E05;research;ND;DATAMOVE | Inria;https://www.inria.fr/en/datamove;ND;Inria;ND;France;Europe;public_research;2021-05-26T07:54:21Z;ND;2026-10-03T23:03:34.987Z;institutional_primary;fr;Today’s largest supercomputers1 are composed of hundreds of thousands of cores, with performances reaching the PetaFlops. Moving data in such large supercomputers is becoming a major performance bottleneck, and the situation is expected to worsen even more at exascale and beyond. The data transfer capabilities are growing at a slower rate than processing power ones. The profusion of available flops will very likely be underused due to constrained communication capabilities. It is commonly admitted that data movements account for 50% to 70% of the global power consumption3. Thus, data movements are potentially one of the most important source of savings for enabling supercomputers to stay in the commonly adopted energy barrier of 20 MegaWatts. In the mid to long term, non volatile memory (NVRAM) is expected to deeply change the machine I/Os. Data distribution will shift from disk arrays w;Today’s largest supercomputers1 are composed of hundreds of thousands of cores, with performances reaching the PetaFlops. Moving data in such large supercomputers is becoming a major performance bottleneck, and the situation is expected to worsen even more at exascale and beyond. The data transfer capabilities are growing at a slower rate than processing power ones. The profusion of available flops will very likely be underused due to constrained communication capabilities. It is commonly admitted that data movements account for 50% to 70% of the global power consumption3. Thus, data movements are potentially one of the most important source of savings for enabling supercomputers to stay in the commonly adopted energy barrier of 20 MegaWatts. In the mid to long term, non volatile memory (NVRAM) is expected to deeply change the machine I/Os. Data distribution will shift from disk arrays w;ND;ND;ND;ND;ND;ND;ND;ND;free;primary;not_applicable;ND;ND;https://www.inria.fr/en/datamove;ND;1;B;V2;200;V2: institution certifiée 3/3, URL ouverte anonymement, titre et contenu vérifiés automatiquement. V3 réservé à une validation plus forte.;ef4e0385bd25b9524eb34ceab5915ade716eb31b608899eeec31476b96f4dc7c
303;DOC-7BA085E104E97DE46FD3;research;ND;DATASHAPE | Inria;https://www.inria.fr/en/datashape;ND;Inria;ND;France;Europe;public_research;2018-02-20T09:34:47Z;ND;2026-10-03T23:03:34.978Z;institutional_primary;fr;DataShape is a research project in Topological Data Analysis (TDA), a recent field whose aim is to uncover, understand and exploit the topological and geometric structure underlying complex and possibly high dimensional data. The DataShape project gathers a unique variety of expertise that allows it to embrace the mathematical, statistical, algorithmic and applied aspects of the field in a common framework ranging from fundamental theoretical studies to experimental research and software development. The expected output of DataShape is two-fold. First, we intend to set-up and develop the mathematical, statistical and algorithmic foundations of Topological and Geometric Data Analysis. Second, we intend to develop the Gudhi platform in order to provide an efficient state-of-the-art toolbox for the understanding of the topology and geometry of data.;DataShape is a research project in Topological Data Analysis (TDA), a recent field whose aim is to uncover, understand and exploit the topological and geometric structure underlying complex and possibly high dimensional data. The DataShape project gathers a unique variety of expertise that allows it to embrace the mathematical, statistical, algorithmic and applied aspects of the field in a common framework ranging from fundamental theoretical studies to experimental research and software development. The expected output of DataShape is two-fold. First, we intend to set-up and develop the mathematical, statistical and algorithmic foundations of Topological and Geometric Data Analysis. Second, we intend to develop the Gudhi platform in order to provide an efficient state-of-the-art toolbox for the understanding of the topology and geometry of data.;ND;ND;ND;ND;ND;ND;ND;ND;free;primary;not_applicable;ND;ND;https://www.inria.fr/en/datashape;ND;1;B;V2;200;V2: institution certifiée 3/3, URL ouverte anonymement, titre et contenu vérifiés automatiquement. V3 réservé à une validation plus forte.;aca315ddcd98a06cce5731ae5bc1b4c93ad3aea7b0da65c8824534df2c764610
304;DOC-CE457A8A5C1924EC4FB7;research;ND;DATAVERS | Inria;https://www.inria.fr/en/datavers;ND;Inria;ND;France;Europe;public_research;2025-10-07T09:12:59Z;ND;2026-10-03T23:03:35.143Z;institutional_primary;fr;DATAVERS | Inria Skip to main content Menu Our challenges Rechercher en Project-team DATAVERS From health Data universe to advances in statistical learning From health Data universe to advances in statistical learning Home The project-teams DATAVERS Centre(s) inria Inria Centre at the University of Lille In partnership with Université de Lille,Centre Hospitalier Universitaire de Lille Publications HAL Activity reports Contacts Cristian Preda Team leader Aurore Dalle Team assistant Anne Rejl Team assistant Amélie Supervielle Team assistant News Health / Personalised medicine Mathieu Génon / Inria Datavers relies on interdisciplinarity to improve patient pathways 07/10/2025 Data Sciences Violaine Courrier: research, yes, but applied research 07/09/2026 See more news Discover similar project-teams about the same theme Infos pratiques / Ressources Practicals informations Prestataires Marchés;DATAVERS | Inria Skip to main content Menu Our challenges Rechercher en Project-team DATAVERS From health Data universe to advances in statistical learning From health Data universe to advances in statistical learning Home The project-teams DATAVERS Centre(s) inria Inria Centre at the University of Lille In partnership with Université de Lille,Centre Hospitalier Universitaire de Lille Publications HAL Activity reports Contacts Cristian Preda Team leader Aurore Dalle Team assistant Anne Rejl Team assistant Amélie Supervielle Team assistant News Health / Personalised medicine Mathieu Génon / Inria Datavers relies on interdisciplinarity to improve patient pathways 07/10/2025 Data Sciences Violaine Courrier: research, yes, but applied research 07/09/2026 See more news Discover similar project-teams about the same theme Infos pratiques / Ressources Practicals informations Prestataires Marchés;ND;ND;ND;ND;ND;ND;ND;ND;free;primary;not_applicable;ND;ND;https://www.inria.fr/en/datavers;ND;1;B;V2;200;V2: institution certifiée 3/3, URL ouverte anonymement, titre et contenu vérifiés automatiquement. V3 réservé à une validation plus forte.;8d4c8be260e727271b443b91e60e6a1f708ef08a4d099b08a4972e6ada19a180
305;DOC-A7DED5EAC6BD1984749C;research;ND;Digital and Environment | Inria;https://www.inria.fr/en/digital-and-environment;ND;Inria;ND;France;Europe;public_research;2024-11-12T08:57:14Z;ND;2026-10-03T23:03:35.161Z;institutional_primary;fr;In a world where resources are becoming scarce and environmental pressure has reached its limits, innovating for a more sustainable world has become a necessity, especially in the digital sector. Whether relating to energy, time or capital, the frugal approach seeks to consider how we can make better use of digital technology and develop our ability to “do more with less,” while accelerating innovation. At Inria, research teams have made the goals of energy transition and more frugal digital innovation a central part of their thinking. Although these digital tools are often seen as too resource-intensive and harmful to the environment, they also represent a tremendous opportunity, in particular AI, to help accelerate processes and energy optimization. Whether used to rationalize the energy consumption of software and processors, develop optimization tools for complex database management ;In a world where resources are becoming scarce and environmental pressure has reached its limits, innovating for a more sustainable world has become a necessity, especially in the digital sector. Whether relating to energy, time or capital, the frugal approach seeks to consider how we can make better use of digital technology and develop our ability to “do more with less,” while accelerating innovation. At Inria, research teams have made the goals of energy transition and more frugal digital innovation a central part of their thinking. Although these digital tools are often seen as too resource-intensive and harmful to the environment, they also represent a tremendous opportunity, in particular AI, to help accelerate processes and energy optimization. Whether used to rationalize the energy consumption of software and processors, develop optimization tools for complex database management ;ND;ND;ND;ND;ND;ND;ND;ND;free;primary;not_applicable;ND;ND;https://www.inria.fr/en/digital-and-environment;ND;1;B;V2;200;V2: institution certifiée 3/3, URL ouverte anonymement, titre et contenu vérifiés automatiquement. V3 réservé à une validation plus forte.;ef2df1fefbf4968245453e1f6596927ee462f1bd9b85daa49f5b2c9a64517192
306;DOC-F81E152EE875522BAB0D;research;ND;Digital health | Inria;https://www.inria.fr/en/digital-health;ND;Inria;ND;France;Europe;public_research;2026-03-31T15:01:21Z;ND;2026-10-03T23:03:35.497Z;institutional_primary;fr;"Tools to support diagnosis, analysis of exams, optimisation and personalisation of treatment, screening of biologically active molecules, and more. For 15 years or so, the application of the digital sciences to complex medical data has revolutionised the processing of health data and promises numerous benefits for patients. For oncologists, the use of modelling and AI may aid the diagnosis of cancer by identifying novel disease markers earlier, by enhancing the precision of surgical procedures and therapies, by simulating the potential impact of treatment based on a patient&#039;s genome, and by personalising treatment according to the results obtained. For cardiologists, AI may speed up the analysis of ECGs and thus enable remote patient monitoring. And the diagnostic skills of radiologists will soon be aided by increasingly high-performing AI solutions. Inria conducts numerous cross-di";"Tools to support diagnosis, analysis of exams, optimisation and personalisation of treatment, screening of biologically active molecules, and more. For 15 years or so, the application of the digital sciences to complex medical data has revolutionised the processing of health data and promises numerous benefits for patients. For oncologists, the use of modelling and AI may aid the diagnosis of cancer by identifying novel disease markers earlier, by enhancing the precision of surgical procedures and therapies, by simulating the potential impact of treatment based on a patient&#039;s genome, and by personalising treatment according to the results obtained. For cardiologists, AI may speed up the analysis of ECGs and thus enable remote patient monitoring. And the diagnostic skills of radiologists will soon be aided by increasingly high-performing AI solutions. Inria conducts numerous cross-di";ND;ND;ND;ND;ND;ND;ND;ND;free;primary;not_applicable;ND;ND;https://www.inria.fr/en/digital-health;ND;1;B;V2;200;V2: institution certifiée 3/3, URL ouverte anonymement, titre et contenu vérifiés automatiquement. V3 réservé à une validation plus forte.;d74accf9445516881d886200839aee1899f244a9ada96cf813815487417dffb9
307;DOC-3AC5E69FB652882F121D;research;ND;France 2030 | Lancement du programme Évaluation de l’IA : une feuille de route scientifique pour l’évaluation et la sécurité de l’intelligence artificielle | Inria;https://www.inria.fr/fr/france-2030-lancement-programme-evaluation-de-ia;ND;Inria;ND;France;Europe;public_research;2026-09-22T06:15:06Z;ND;2026-10-03T23:03:34.400Z;institutional_primary;fr;Évaluer un système d’intelligence artificielle ne consiste plus seulement à mesurer ses performances. À mesure que les capacités des modèles progressent et que leurs usages se diversifient, il devient nécessaire de développer de nouvelles méthodes pour caractériser leurs comportements, identifier leurs vulnérabilités et anticiper les risques qu’ils peuvent présenter.;Évaluer un système d’intelligence artificielle ne consiste plus seulement à mesurer ses performances. À mesure que les capacités des modèles progressent et que leurs usages se diversifient, il devient nécessaire de développer de nouvelles méthodes pour caractériser leurs comportements, identifier leurs vulnérabilités et anticiper les risques qu’ils peuvent présenter.;ND;ND;ND;ND;ND;ND;ND;ND;free;primary;not_applicable;ND;ND;https://www.inria.fr/fr/france-2030-lancement-programme-evaluation-de-ia;ND;2;B;V2;200;V2: institution certifiée 3/3, URL ouverte anonymement, titre et contenu vérifiés automatiquement. V3 réservé à une validation plus forte.;dda00493aa103d658c93e31bf917b1185c0adc9f34aef0efa71411aefe17152e
308;DOC-860F55B4C334C7A6A28A;research;ND;Inria & son écosystème | Inria;https://www.inria.fr/fr/innovation-numerique-ecosysteme;ND;Inria;ND;France;Europe;public_research;ND;ND;2026-10-03T23:03:35.701Z;institutional_primary;fr;La recherche de rang mondial , l’ innovation technologique et le risque entrepreneurial constituent l'ADN d'Inria. Au sein de 300 projets, pour la plupart communs avec les grandes universités de recherche , plus de 3 800 scientifiques y explorent des voies nouvelles, souvent dans l’ interdisciplinarité et en collaboration avec des partenaires industriels pour répondre à des défis ambitieux. Institut technologique, Inria soutient la diversité des voies de l’innovation : de l’édition open source de logiciels à la création de startups technologiques (Deeptech) .;La recherche de rang mondial , l’ innovation technologique et le risque entrepreneurial constituent l'ADN d'Inria. Au sein de 300 projets, pour la plupart communs avec les grandes universités de recherche , plus de 3 800 scientifiques y explorent des voies nouvelles, souvent dans l’ interdisciplinarité et en collaboration avec des partenaires industriels pour répondre à des défis ambitieux. Institut technologique, Inria soutient la diversité des voies de l’innovation : de l’édition open source de logiciels à la création de startups technologiques (Deeptech) .;ND;ND;ND;ND;ND;ND;ND;ND;free;primary;not_applicable;ND;ND;https://www.inria.fr/fr/innovation-numerique-ecosysteme;ND;1;B;V2;200;V2: institution certifiée 3/3, URL ouverte anonymement, titre et contenu vérifiés automatiquement. V3 réservé à une validation plus forte.;e67c5053279db981d517b46fa26dc07139a609f3875df18d63ac43cc8001a503
309;DOC-51C457889436786DD5B3;research;ND;KERDATA | Inria;https://www.inria.fr/en/kerdata;ND;Inria;ND;France;Europe;public_research;2022-06-13T12:30:25Z;ND;2026-10-03T23:03:35.521Z;institutional_primary;fr;The KerData project-team is namely focusing on designing innovative architectures and systems for scalable data storage and processing. We initially targeted two types of infrastructures: clouds and pre-Exascale high-performance supercomputers, according to the current needs and requirements of data-intensive applications. With the recent convergence of HPC and Big Data areas, we started to investigated opportunities used by the joint use of hybrid HPC/cloud/edge infrastructures (aka the computing continuum). Examples of such applications are: Cloud/edge data analytics applications (e.g., based on the MapReduce paradigm or on its extensions) handling massive data distributed at a large scale. Advanced (e.g., concurrency-optimized, versioning-oriented) cloud/edge services both for user-level data storage. Large-scale simulation applications for Exascale supercomputers. Hybrid workflows co;The KerData project-team is namely focusing on designing innovative architectures and systems for scalable data storage and processing. We initially targeted two types of infrastructures: clouds and pre-Exascale high-performance supercomputers, according to the current needs and requirements of data-intensive applications. With the recent convergence of HPC and Big Data areas, we started to investigated opportunities used by the joint use of hybrid HPC/cloud/edge infrastructures (aka the computing continuum). Examples of such applications are: Cloud/edge data analytics applications (e.g., based on the MapReduce paradigm or on its extensions) handling massive data distributed at a large scale. Advanced (e.g., concurrency-optimized, versioning-oriented) cloud/edge services both for user-level data storage. Large-scale simulation applications for Exascale supercomputers. Hybrid workflows co;ND;ND;ND;ND;ND;ND;ND;ND;free;primary;not_applicable;ND;ND;https://www.inria.fr/en/kerdata;ND;1;B;V2;200;V2: institution certifiée 3/3, URL ouverte anonymement, titre et contenu vérifiés automatiquement. V3 réservé à une validation plus forte.;9d9882e8bd122593baa4bec31c28bfd0ee9de9149609a6e1cfb92e179ef63fdb
310;DOC-DCD41E1D4C617635CF19;research;ND;Recherche & innovation | Inria;https://www.inria.fr/fr/recherche-innovation-numerique;ND;Inria;ND;France;Europe;public_research;ND;ND;2026-10-03T23:03:35.693Z;institutional_primary;fr;Nos scientifiques produisent des connaissances, développent des technologies et se focalisent sur des applications liées aux enjeux majeurs de notre société numérique, dans les domaines de la santé, des transports, de l'énergie, de la communication, de la sécurité et de la protection de la vie privée, de la ville intelligente, de l'usine du futur , etc.;Nos scientifiques produisent des connaissances, développent des technologies et se focalisent sur des applications liées aux enjeux majeurs de notre société numérique, dans les domaines de la santé, des transports, de l'énergie, de la communication, de la sécurité et de la protection de la vie privée, de la ville intelligente, de l'usine du futur , etc.;ND;ND;ND;ND;ND;ND;ND;ND;free;primary;not_applicable;ND;ND;https://www.inria.fr/fr/recherche-innovation-numerique;ND;1;B;V2;200;V2: institution certifiée 3/3, URL ouverte anonymement, titre et contenu vérifiés automatiquement. V3 réservé à une validation plus forte.;761644e116df9179febdbc16d0e30dbd41814d5f44a1ca806f0ede5c8c2e552e
311;DOC-485B7D75ECA23ACB6C87;research;ND;Sciences des données | Inria;https://www.inria.fr/fr/sciences-des-donnees;ND;Inria;ND;France;Europe;public_research;2025-09-15T06:05:16Z;ND;2026-10-03T23:03:35.737Z;institutional_primary;fr;Science des données © zakalinka / Adobe stock Vers des modèles prédictifs pour les patients atteints de diabète 15/09/2025;Science des données © zakalinka / Adobe stock Vers des modèles prédictifs pour les patients atteints de diabète 15/09/2025;ND;ND;ND;ND;ND;ND;ND;ND;free;primary;not_applicable;ND;ND;https://www.inria.fr/fr/sciences-des-donnees;ND;1;B;V2;200;V2: institution certifiée 3/3, URL ouverte anonymement, titre et contenu vérifiés automatiquement. V3 réservé à une validation plus forte.;0d7bcfcdadaecdff2e65da0f2ad7835f1002c998d2f24e51e344cad03d6ffd3d
312;DOC-A2AC871D77B94B6D76AA;research;ND;Talents | Inria;https://www.inria.fr/fr/emploi-recherche-innovation-numerique;ND;Inria;ND;France;Europe;public_research;ND;ND;2026-10-03T23:03:35.731Z;institutional_primary;fr;Enrichissez votre expérience professionnelle au carrefour de la recherche et de l’innovation numérique.;Enrichissez votre expérience professionnelle au carrefour de la recherche et de l’innovation numérique.;ND;ND;ND;ND;ND;ND;ND;ND;free;primary;not_applicable;ND;ND;https://www.inria.fr/fr/emploi-recherche-innovation-numerique;ND;1;B;V2;200;V2: institution certifiée 3/3, URL ouverte anonymement, titre et contenu vérifiés automatiquement. V3 réservé à une validation plus forte.;2084954d4a9d1ee761dc54e519279bfef3cd114c9f75b1dc15c3db66e79dcc4d
313;DOC-FAB272579269F7862398;patents;ND;Custom Guide to Patent Case Management for Judges;https://www.wipo.int/patent-judicial-guide/en/;ND;WIPO;ND;International;International;international_organization;ND;ND;2026-10-03T23:02:29.423Z;institutional_primary;multi;The custom guide enables users to get bespoke legal advice on patent case management for judges.;The custom guide enables users to get bespoke legal advice on patent case management for judges.;ND;ND;ND;ND;ND;ND;ND;ND;free;primary;not_applicable;ND;ND;https://www.wipo.int/patent-judicial-guide/en/;ND;1;B;V2;200;V2: institution certifiée 3/3, URL ouverte anonymement, titre et contenu vérifiés automatiquement. V3 réservé à une validation plus forte.;a91b749ccdcb5ef34a9a2035a40e747ed741bf06442cd8191e4ab2e3cbb74bc0
314;DOC-2DF0E91E354A571B8903;patents;ND;Global Innovation Index;https://www.wipo.int/en/web/global-innovation-index;ND;WIPO;ND;International;International;international_organization;ND;ND;2026-10-03T23:02:29.469Z;institutional_primary;multi;Detailed metrics on innovation performance in almost 131 countries and economies.;Detailed metrics on innovation performance in almost 131 countries and economies.;ND;ND;ND;ND;ND;ND;ND;ND;free;primary;not_applicable;ND;ND;https://www.wipo.int/en/web/global-innovation-index;ND;1;B;V2;200;V2: institution certifiée 3/3, URL ouverte anonymement, titre et contenu vérifiés automatiquement. V3 réservé à une validation plus forte.;bc0febcebcbe71d949cc75c9cfd10faf8049fd727d409a13934eb275c3fdd57a
315;DOC-A291FAD0F71E898CBD5A;patents;ND;Introduction to the International Patent Judicial Guide;https://www.wipo.int/patent-judicial-guide/en/full-guide;ND;WIPO;ND;International;International;international_organization;ND;ND;2026-10-03T23:02:29.362Z;institutional_primary;multi;Introduction to the International Patent Case Management Guide. Read the introduction for a quick overview of the guide.;Introduction to the International Patent Case Management Guide. Read the introduction for a quick overview of the guide.;ND;ND;ND;ND;ND;ND;ND;ND;free;primary;not_applicable;ND;ND;https://www.wipo.int/patent-judicial-guide/en/full-guide;ND;1;B;V2;200;V2: institution certifiée 3/3, URL ouverte anonymement, titre et contenu vérifiés automatiquement. V3 réservé à une validation plus forte.;d97191f2495c2ac50087ff26cf0bac53b431228045669cbd1a272a7f9b0d8d21
316;DOC-482FB22B45ECFBEFEC0E;patents;ND;ما هي الاقتصادات الأكثر ابتكاراً في عام 2024؟;https://www.wipo.int/en/web/global-innovation-index/2024/index;ND;WIPO;ND;International;International;international_organization;ND;ND;2026-10-03T23:02:26.386Z;institutional_primary;multi;The Global Innovation Index reveals the ranking of the most innovative economies in 2024. Find out how your country is ranking in the new GII.;The Global Innovation Index reveals the ranking of the most innovative economies in 2024. Find out how your country is ranking in the new GII.;ND;ND;ND;ND;ND;ND;ND;ND;free;primary;not_applicable;ND;ND;https://www.wipo.int/en/web/global-innovation-index/2024/index;ND;2;B;V2;200;V2: institution certifiée 3/3, URL ouverte anonymement, titre et contenu vérifiés automatiquement. V3 réservé à une validation plus forte.;e0e3db0260209d30a76958a810f8956d3b974ed9cdcffa43e001e89823069bdf
317;DOC-5B589332CA2A38F6E963;science;ND;Data;https://www.who.int/data/inequality-monitor/data;ND;World Health Organization;ND;International;International;international_organization;ND;ND;2026-10-03T23:02:27.826Z;institutional_primary;multi;"Disaggregated data &shy;&ndash; which show how health or other aspects of life are experienced by people of different ages, economic status, education levels, place of residence, sex, and other characteristics &ndash; are a vital part of advancing equity.";"Disaggregated data &shy;&ndash; which show how health or other aspects of life are experienced by people of different ages, economic status, education levels, place of residence, sex, and other characteristics &ndash; are a vital part of advancing equity.";ND;ND;ND;ND;ND;ND;ND;ND;free;primary;not_applicable;ND;ND;https://www.who.int/data/inequality-monitor/data;ND;2;B;V2;200;V2: institution certifiée 3/3, URL ouverte anonymement, titre et contenu vérifiés automatiquement. V3 réservé à une validation plus forte.;febff269146fa4dbb4e070eb01e4b7f8553d374d708fad68039bd979a39b756f
318;DOC-8AF3E289326249A37F8C;science;ND;Data at WHO;https://www.who.int/data;ND;World Health Organization;ND;International;International;international_organization;ND;ND;2026-10-03T23:02:27.838Z;institutional_primary;multi;Discover the data collections, tools, standards, reports and data stories from the World Health Organization.;Discover the data collections, tools, standards, reports and data stories from the World Health Organization.;ND;ND;ND;ND;ND;ND;ND;ND;free;primary;not_applicable;ND;ND;https://www.who.int/data;ND;2;B;V2;200;V2: institution certifiée 3/3, URL ouverte anonymement, titre et contenu vérifiés automatiquement. V3 réservé à une validation plus forte.;fbf9ef60f1261781d9481e3237d0f24c4c539267f4afe249cfb119cad81c3d5d
319;DOC-3BEE5F7F602238AEDD6E;science;ND;Fact sheets;https://www.who.int/news-room/fact-sheets;ND;World Health Organization;ND;International;International;international_organization;ND;ND;2026-10-03T23:02:27.910Z;institutional_primary;multi;"Fact sheets Skip to main content Global Regions WHO Regional websites Africa Americas South-East Asia Europe Eastern Mediterranean Western Pacific When autocomplete results are available use up and down arrows to review and enter to select. Select language Select language English العربية 中文 Fran&#231;ais Русский Espa&#241;ol Home Health Topics All topics A B C D E F G H I J K L M N O P Q R S T U V W X Y Z Resources Fact sheets Facts in pictures Multimedia Podcasts Publications Questions and answers Tools and toolkits Popular Dengue Endometriosis Excessive heat Herpes Mental disorders Mpox Countries All countries A B C D E F G H I J K L M N O P Q R S T U V W X Y Z Regions Africa Americas Europe Eastern Mediterranean South-East Asia Western Pacific WHO in countries Data by country Country presence Country cooperation strategies Country office profiles Strengthening country offices Newsroom";"Fact sheets Skip to main content Global Regions WHO Regional websites Africa Americas South-East Asia Europe Eastern Mediterranean Western Pacific When autocomplete results are available use up and down arrows to review and enter to select. Select language Select language English العربية 中文 Fran&#231;ais Русский Espa&#241;ol Home Health Topics All topics A B C D E F G H I J K L M N O P Q R S T U V W X Y Z Resources Fact sheets Facts in pictures Multimedia Podcasts Publications Questions and answers Tools and toolkits Popular Dengue Endometriosis Excessive heat Herpes Mental disorders Mpox Countries All countries A B C D E F G H I J K L M N O P Q R S T U V W X Y Z Regions Africa Americas Europe Eastern Mediterranean South-East Asia Western Pacific WHO in countries Data by country Country presence Country cooperation strategies Country office profiles Strengthening country offices Newsroom";ND;ND;ND;ND;ND;ND;ND;ND;free;primary;not_applicable;ND;ND;https://www.who.int/news-room/fact-sheets;ND;2;B;V2;200;V2: institution certifiée 3/3, URL ouverte anonymement, titre et contenu vérifiés automatiquement. V3 réservé à une validation plus forte.;20e1906237e6f52c60a9af5a3e4635b0a9ae37b1297b38abdec5a63945ab68bb
320;DOC-D6C2221E0F1354067226;science;ND;Facts in pictures;https://www.who.int/news-room/facts-in-pictures;ND;World Health Organization;ND;International;International;international_organization;ND;ND;2026-10-03T23:02:27.922Z;institutional_primary;multi;"Facts in pictures Skip to main content Global Regions WHO Regional websites Africa Americas South-East Asia Europe Eastern Mediterranean Western Pacific When autocomplete results are available use up and down arrows to review and enter to select. Select language Select language English العربية 中文 Fran&#231;ais Русский Espa&#241;ol Home Health Topics All topics A B C D E F G H I J K L M N O P Q R S T U V W X Y Z Resources Fact sheets Facts in pictures Multimedia Podcasts Publications Questions and answers Tools and toolkits Popular Dengue Endometriosis Excessive heat Herpes Mental disorders Mpox Countries All countries A B C D E F G H I J K L M N O P Q R S T U V W X Y Z Regions Africa Americas Europe Eastern Mediterranean South-East Asia Western Pacific WHO in countries Data by country Country presence Country cooperation strategies Country office profiles Strengthening country offices Ne";"Facts in pictures Skip to main content Global Regions WHO Regional websites Africa Americas South-East Asia Europe Eastern Mediterranean Western Pacific When autocomplete results are available use up and down arrows to review and enter to select. Select language Select language English العربية 中文 Fran&#231;ais Русский Espa&#241;ol Home Health Topics All topics A B C D E F G H I J K L M N O P Q R S T U V W X Y Z Resources Fact sheets Facts in pictures Multimedia Podcasts Publications Questions and answers Tools and toolkits Popular Dengue Endometriosis Excessive heat Herpes Mental disorders Mpox Countries All countries A B C D E F G H I J K L M N O P Q R S T U V W X Y Z Regions Africa Americas Europe Eastern Mediterranean South-East Asia Western Pacific WHO in countries Data by country Country presence Country cooperation strategies Country office profiles Strengthening country offices Ne";ND;ND;ND;ND;ND;ND;ND;ND;free;primary;not_applicable;ND;ND;https://www.who.int/news-room/facts-in-pictures;ND;2;B;V2;200;V2: institution certifiée 3/3, URL ouverte anonymement, titre et contenu vérifiés automatiquement. V3 réservé à une validation plus forte.;a22435d3e960363aba2a8b59a2dff60889ba7bcfc8d346637e5b00b7b43e9de9
321;DOC-D8AE8C22479D9AACB06D;science;ND;Global Health Estimates;https://www.who.int/data/global-health-estimates;ND;World Health Organization;ND;International;International;international_organization;ND;ND;2026-10-03T23:02:27.807Z;institutional_primary;multi;"WHO&rsquo;s Global Health Estimates (GHE) provide the latest available data on death and disability globally, by region and country, and by age, sex and cause. The latest updates include global, regional and country trends from 2000 to 2023 inclusive. By providing key insights on mortality and morbidity trends, these estimates are a powerful tool to support informed decision-making on health policy and resource allocation.";"WHO&rsquo;s Global Health Estimates (GHE) provide the latest available data on death and disability globally, by region and country, and by age, sex and cause. The latest updates include global, regional and country trends from 2000 to 2023 inclusive. By providing key insights on mortality and morbidity trends, these estimates are a powerful tool to support informed decision-making on health policy and resource allocation.";ND;ND;ND;ND;ND;ND;ND;ND;free;primary;not_applicable;ND;ND;https://www.who.int/data/global-health-estimates;ND;2;B;V2;200;V2: institution certifiée 3/3, URL ouverte anonymement, titre et contenu vérifiés automatiquement. V3 réservé à une validation plus forte.;615110506677a7cf38088ad10b41a92e169801682e78f0dded413b09b871fa96
322;DOC-8A62212601DBDCDC3CC4;science;ND;Global Health Observatory;https://www.who.int/data/gho;ND;World Health Organization;ND;International;International;international_organization;ND;ND;2026-10-03T23:02:27.830Z;institutional_primary;multi;The GHO data repository is WHO's gateway to health-related statistics for its 194 Member States. It provides access to over 1000 health topics indicators;The GHO data repository is WHO's gateway to health-related statistics for its 194 Member States. It provides access to over 1000 health topics indicators;ND;ND;ND;ND;ND;ND;ND;ND;free;primary;not_applicable;ND;ND;https://www.who.int/data/gho;ND;2;B;V2;200;V2: institution certifiée 3/3, URL ouverte anonymement, titre et contenu vérifiés automatiquement. V3 réservé à une validation plus forte.;a6d2bc405e718a156ab36c862ed6f9c5c55badd0970ef1daf7ad028cb97420bd
323;DOC-98EC6E6E76CF81BE8C00;science;ND;Health Inequality Monitor;https://www.who.int/data/inequality-monitor;ND;World Health Organization;ND;International;International;international_organization;ND;ND;2026-10-03T23:02:27.582Z;institutional_primary;multi;Health equity is the absence of unfair, avoidable or remediable differences in health among population groups, defined by social, economic, demographic or geographic characteristics. Health inequalities are measurable differences in health across population subgroups. Monitoring health inequalities provides evidence on who is being left behind and informs health policies, programmes and practices that aim to close existing gaps and achieve health equity.;Health equity is the absence of unfair, avoidable or remediable differences in health among population groups, defined by social, economic, demographic or geographic characteristics. Health inequalities are measurable differences in health across population subgroups. Monitoring health inequalities provides evidence on who is being left behind and informs health policies, programmes and practices that aim to close existing gaps and achieve health equity.;ND;ND;ND;ND;ND;ND;ND;ND;free;primary;not_applicable;ND;ND;https://www.who.int/data/inequality-monitor;ND;2;B;V2;200;V2: institution certifiée 3/3, URL ouverte anonymement, titre et contenu vérifiés automatiquement. V3 réservé à une validation plus forte.;a238373d02cfcea40183437fc47ff59dca5704d98044fe49dc505d1072afd935
324;DOC-75B46C184E013AEA0ADC;science;ND;Introduction;https://www.who.int/data/data-collection-tools/harmonized-health-facility-assessment/introduction;ND;World Health Organization;ND;International;International;international_organization;ND;ND;2026-10-03T23:02:27.753Z;institutional_primary;multi;The Harmonized Health Facility Assessment (HHFA) is a comprehensive health facility survey that assesses the availability of health facility services and the capacities of facilities to provide services at required standards of quality .;The Harmonized Health Facility Assessment (HHFA) is a comprehensive health facility survey that assesses the availability of health facility services and the capacities of facilities to provide services at required standards of quality .;ND;ND;ND;ND;ND;ND;ND;ND;free;primary;not_applicable;ND;ND;https://www.who.int/data/data-collection-tools/harmonized-health-facility-assessment/introduction;ND;3;B;V2;200;V2: institution certifiée 3/3, URL ouverte anonymement, titre et contenu vérifiés automatiquement. V3 réservé à une validation plus forte.;cad5870ad2ae67e09fbbd0ddd04180ad8c10a5f46be327971c4b8ce319a7e950
325;DOC-3FD7071BF20589B2DC86;science;ND;Introduction;https://www.who.int/data/data-collection-tools/health-service-data/toolkit-for-routine-health-information-system-data/introduction;ND;World Health Organization;ND;International;International;international_organization;ND;ND;2026-10-03T23:02:27.841Z;institutional_primary;multi;Health facilities submit regular (e.g. monthly) reports on health service activities and the conditions for which people seek care through the RHIS. The RHIS provides frequent, up-to-date information on service performance at all levels of the health system, enabling regular analysis of progress and timely identification of problems.;Health facilities submit regular (e.g. monthly) reports on health service activities and the conditions for which people seek care through the RHIS. The RHIS provides frequent, up-to-date information on service performance at all levels of the health system, enabling regular analysis of progress and timely identification of problems.;ND;ND;ND;ND;ND;ND;ND;ND;free;primary;not_applicable;ND;ND;https://www.who.int/data/data-collection-tools/health-service-data/toolkit-for-routine-health-information-system-data/introduction;ND;2;B;V2;200;V2: institution certifiée 3/3, URL ouverte anonymement, titre et contenu vérifiés automatiquement. V3 réservé à une validation plus forte.;5640f2d505c19703d53ad0720dfa354b1a28f14b6889f9505bf9e6a76c7a76c6
326;DOC-CE1B17515EC31C205540;science;ND;Monitoring universal health coverage - WHO;https://www.who.int/data/monitoring-universal-health-coverage;ND;World Health Organization;ND;International;International;international_organization;ND;ND;2026-10-03T23:02:27.916Z;institutional_primary;multi;Monitoring progress towards UHC is critical globally and especially in countries, including intervention coverage, financial risk protection, both with an equity dimension.;Monitoring progress towards UHC is critical globally and especially in countries, including intervention coverage, financial risk protection, both with an equity dimension.;ND;ND;ND;ND;ND;ND;ND;ND;free;primary;not_applicable;ND;ND;https://www.who.int/data/monitoring-universal-health-coverage;ND;2;B;V2;200;V2: institution certifiée 3/3, URL ouverte anonymement, titre et contenu vérifiés automatiquement. V3 réservé à une validation plus forte.;834d86d71cc88ca337bab5b8b7f641c8eac59ca8ed2d945b848aa6559df5a3d3
327;DOC-2F8AB69330407C6DB603;science;ND;Publications;https://www.who.int/publications;ND;World Health Organization;ND;International;International;international_organization;ND;ND;2026-10-03T23:02:27.256Z;institutional_primary;multi;People and communities directly affected by noncommunicable diseases (NCDs) and mental health conditions are strategic partners in shaping effective and...;People and communities directly affected by noncommunicable diseases (NCDs) and mental health conditions are strategic partners in shaping effective and...;ND;ND;ND;ND;ND;ND;ND;ND;free;primary;not_applicable;ND;ND;https://www.who.int/publications;ND;3;B;V2;200;V2: institution certifiée 3/3, URL ouverte anonymement, titre et contenu vérifiés automatiquement. V3 réservé à une validation plus forte.;a62fb10d981cd594c8a53c27ece3b3e9bd95ec6cc83c1ea537cdd59f036a61a0
328;DOC-5FAC5A2E300D9514F4D7;science;ND;Resources;https://www.who.int/resources;ND;World Health Organization;ND;International;International;international_organization;ND;ND;2026-10-03T23:02:27.907Z;institutional_primary;multi;From facts and general information to data and current global public health guidance, the World Health Organization has produced a variety of resources available for anyone.;From facts and general information to data and current global public health guidance, the World Health Organization has produced a variety of resources available for anyone.;ND;ND;ND;ND;ND;ND;ND;ND;free;primary;not_applicable;ND;ND;https://www.who.int/resources;ND;2;B;V2;200;V2: institution certifiée 3/3, URL ouverte anonymement, titre et contenu vérifiés automatiquement. V3 réservé à une validation plus forte.;dc411a4f5539b4e522397fb481069c17d2d54d577741973855869c4423f3f74e
329;DOC-E24188D5ECC4A11FD2A5;science;ND;WHO General Programme of Work;https://www.who.int/about/general-programme-of-work;ND;World Health Organization;ND;International;International;international_organization;ND;ND;2026-10-03T23:02:27.662Z;institutional_primary;multi;WHO’s General Programme of Work (GPW) is a strategic document that sets a high-level roadmap and agenda for global health and identifies WHO’s priorities and strategic direction for a specified period. It also provides a framework for resource allocation and decision-making.;WHO’s General Programme of Work (GPW) is a strategic document that sets a high-level roadmap and agenda for global health and identifies WHO’s priorities and strategic direction for a specified period. It also provides a framework for resource allocation and decision-making.;ND;ND;ND;ND;ND;ND;ND;ND;free;primary;not_applicable;ND;ND;https://www.who.int/about/general-programme-of-work;ND;2;B;V2;200;V2: institution certifiée 3/3, URL ouverte anonymement, titre et contenu vérifiés automatiquement. V3 réservé à une validation plus forte.;936bb34a00cad068bb05ebd45c575c8d1bb1e7b9ecc2dcc619bd22189572a6d9
330;DOC-32C631CDD3AFA9653D99;science;ND;WHO Health Emergencies EPI-WIN webinar: Preparing for respiratory virus circulation during the northern hemisphere winter season (1): current situation and strengthening surveillance and vigilance;https://www.who.int/news-room/events/detail/2026/10/08/default-calendar/who-health-emergencies-epi-win-webinar-preparing-for-the-northern-hemisphere-influenza-season-(i)-using-surveillance-data-to-understand-the-burden-of-global-respiratory-threats;ND;World Health Organization;ND;International;International;international_organization;ND;ND;2026-10-03T23:02:27.398Z;institutional_primary;multi;Respiratory virus surveillance provides the foundation for understanding the impact of influenza, COVID-19 and RSV on populations and health systems worldwide. In this webinar, experts will explore how surveillance data are transformed into actionable public health intelligence and demonstrate the tools and approaches that support countries in understanding and responding to global respiratory threats.;Respiratory virus surveillance provides the foundation for understanding the impact of influenza, COVID-19 and RSV on populations and health systems worldwide. In this webinar, experts will explore how surveillance data are transformed into actionable public health intelligence and demonstrate the tools and approaches that support countries in understanding and responding to global respiratory threats.;ND;ND;ND;ND;ND;ND;ND;ND;free;primary;not_applicable;ND;ND;https://www.who.int/news-room/events/detail/2026/10/08/default-calendar/who-health-emergencies-epi-win-webinar-preparing-for-the-northern-hemisphere-influenza-season-(i)-using-surveillance-data-to-understand-the-burden-of-global-respiratory-threats;ND;3;B;V2;200;V2: institution certifiée 3/3, URL ouverte anonymement, titre et contenu vérifiés automatiquement. V3 réservé à une validation plus forte.;853560e1a6ff08cb87a271bfb7a5ae087bda072eb93e4173ea1dfd4e04e07db0
331;DOC-40F3271972BF26150B86;science;ND;World Health Statistics;https://www.who.int/data/gho/publications/world-health-statistics;ND;World Health Organization;ND;International;International;international_organization;ND;ND;2026-10-03T23:02:27.252Z;institutional_primary;multi;WHO's annual World Health Statistics reports present the most recent health statistics for the WHO Member States.;WHO's annual World Health Statistics reports present the most recent health statistics for the WHO Member States.;ND;ND;ND;ND;ND;ND;ND;ND;free;primary;not_applicable;ND;ND;https://www.who.int/data/gho/publications/world-health-statistics;ND;3;B;V2;200;V2: institution certifiée 3/3, URL ouverte anonymement, titre et contenu vérifiés automatiquement. V3 réservé à une validation plus forte.;069b6fef2270917550b9ee623ba5616b0819663d093535c0b16c0106c842616d
332;DOC-18EF28382D9D29FFD693;research;ND;‘What We Heard’ report released following engagement with the research community on modernization of the federal research support system - Canada.ca;https://www.canada.ca/en/research-coordinating-committee/news/updates/2024/10/report-released-following-engagement-with-research-community-on-modernization-of-federal-research-support-system.html;ND;About Canada.ca;Canada Research Coordinating Committee;Canada;North America;official_research_institution;ND;ND;2026-10-03T23:02:23.985Z;institutional_primary;en;The federal research funding agencies—the Canadian Institutes of Health Research (CIHR), Natural Sciences and Engineering Research Council of Canada (NSERC) and Social Sciences and Humanities Research Council (SSHRC)—have released a joint report to the Minister of Innovation, Science and Industry and the Minister of Health synthesizing input received from the broad research community on the design and implementation of a new capstone research organization proposed in Budget 2024 .;The federal research funding agencies—the Canadian Institutes of Health Research (CIHR), Natural Sciences and Engineering Research Council of Canada (NSERC) and Social Sciences and Humanities Research Council (SSHRC)—have released a joint report to the Minister of Innovation, Science and Industry and the Minister of Health synthesizing input received from the broad research community on the design and implementation of a new capstone research organization proposed in Budget 2024 .;ND;ND;ND;ND;ND;ND;ND;ND;free;primary;not_applicable;ND;ND;https://www.canada.ca/en/research-coordinating-committee/news/updates/2024/10/report-released-following-engagement-with-research-community-on-modernization-of-federal-research-support-system.html;ND;3;B;V2;200;V2: institution certifiée 3/3, URL ouverte anonymement, titre et contenu vérifiés automatiquement. V3 réservé à une validation plus forte.;bf3dc11f244abe27d0d879f664cb6a88d5d34cd0392e2179dd825494a33d8d79
333;DOC-CA4A80EEFAB352390208;research;ND;2018-19 Progress Report: Strengthening Canadian Research - Canada.ca;https://www.canada.ca/en/research-coordinating-committee/services/publications/progress-reports/2018-2019.html;ND;About Canada.ca;Canada Research Coordinating Committee;Canada;North America;official_research_institution;ND;ND;2026-10-03T23:02:24.017Z;institutional_primary;en;We are pleased to announce the release of the Canada Research Coordinating Committee’s (CRCC) first progress report. This report provides an update on the important steps the CRCC and its member agencies and departments have taken to build on the promise of a well-coordinated, federal research funding system.;We are pleased to announce the release of the Canada Research Coordinating Committee’s (CRCC) first progress report. This report provides an update on the important steps the CRCC and its member agencies and departments have taken to build on the promise of a well-coordinated, federal research funding system.;ND;ND;ND;ND;ND;ND;ND;ND;free;primary;not_applicable;ND;ND;https://www.canada.ca/en/research-coordinating-committee/services/publications/progress-reports/2018-2019.html;ND;3;B;V2;200;V2: institution certifiée 3/3, URL ouverte anonymement, titre et contenu vérifiés automatiquement. V3 réservé à une validation plus forte.;cf0ee716d61d58c96c174816f970f042cdba2cbd33d0be8b1ba3e8dae874d405
334;DOC-EC61E052B8474B25B753;research;ND;Canada continues to invest to advance research and innovation projects across the country - Canada.ca;https://www.canada.ca/en/research-coordinating-committee/news/2025/03/canada-continues-to-invest-to-advance-research-and-innovation-projects-across-the-country.html;ND;About Canada.ca;Canada Research Coordinating Committee;Canada;North America;official_research_institution;ND;ND;2026-10-03T23:02:17.546Z;institutional_primary;en;Funding will drive groundbreaking research initiatives, strengthen Canada’s global competitiveness, and deliver real-world benefits for Canadians;Funding will drive groundbreaking research initiatives, strengthen Canada’s global competitiveness, and deliver real-world benefits for Canadians;ND;ND;ND;ND;ND;ND;ND;ND;free;primary;not_applicable;ND;ND;https://www.canada.ca/en/research-coordinating-committee/news/2025/03/canada-continues-to-invest-to-advance-research-and-innovation-projects-across-the-country.html;ND;4;B;V2;200;V2: institution certifiée 3/3, URL ouverte anonymement, titre et contenu vérifiés automatiquement. V3 réservé à une validation plus forte.;f64943cdc04eb1b423d9a8719fe9c4a465c768e9b573371cea48a0e3575dc13a
335;DOC-C0B2004F8B62C52AB6FD;research;ND;Canada Research Coordinating Committee releases 2019-20 progress report - Canada.ca;https://www.canada.ca/en/research-coordinating-committee/news/updates/2021/02/2019-20-progress-report.html;ND;About Canada.ca;Canada Research Coordinating Committee;Canada;North America;official_research_institution;ND;ND;2026-10-03T23:02:21.798Z;institutional_primary;en;The Canada Research Coordinating Committee (CRCC) is pleased to release its 2019-20 Progress Report: Mobilizing Canadian Research . The report highlights key actions taken by Canada’s federal research funding agencies and the Canada Foundation for Innovation (CFI) to advance shared priorities in 2019 to 2020, and build a strong, diverse and innovative research community for Canada.;The Canada Research Coordinating Committee (CRCC) is pleased to release its 2019-20 Progress Report: Mobilizing Canadian Research . The report highlights key actions taken by Canada’s federal research funding agencies and the Canada Foundation for Innovation (CFI) to advance shared priorities in 2019 to 2020, and build a strong, diverse and innovative research community for Canada.;ND;ND;ND;ND;ND;ND;ND;ND;free;primary;not_applicable;ND;ND;https://www.canada.ca/en/research-coordinating-committee/news/updates/2021/02/2019-20-progress-report.html;ND;3;B;V2;200;V2: institution certifiée 3/3, URL ouverte anonymement, titre et contenu vérifiés automatiquement. V3 réservé à une validation plus forte.;79fade0f1b4307ca0ace7b9f0a40f2d16dff338eb72e5c1984ca1ee960408ab3
336;DOC-FE2996F9758AAD0BAC9F;research;ND;Canada Research Coordinating Committee releases 2020-21 progress report - Canada.ca;https://www.canada.ca/en/research-coordinating-committee/news/updates/2022/01/crcc-releases-2020-21-progress-report.html;ND;About Canada.ca;Canada Research Coordinating Committee;Canada;North America;official_research_institution;ND;ND;2026-10-03T23:02:20.790Z;institutional_primary;en;The Canada Research Coordinating Committee (CRCC) has released its 2020–21 progress report, Collective Response . The report illustrates how Canada’s federal research funding organizations worked together to meet the challenges facing Canadians and Canada’s research community due to the COVID-19 pandemic.;The Canada Research Coordinating Committee (CRCC) has released its 2020–21 progress report, Collective Response . The report illustrates how Canada’s federal research funding organizations worked together to meet the challenges facing Canadians and Canada’s research community due to the COVID-19 pandemic.;ND;ND;ND;ND;ND;ND;ND;ND;free;primary;not_applicable;ND;ND;https://www.canada.ca/en/research-coordinating-committee/news/updates/2022/01/crcc-releases-2020-21-progress-report.html;ND;3;B;V2;200;V2: institution certifiée 3/3, URL ouverte anonymement, titre et contenu vérifiés automatiquement. V3 réservé à une validation plus forte.;3bc8fc0e4fe8c597ab6ba42979547809663300fa2c296ba82c822e76405a7932
337;DOC-52D1FE14412EC2EA15D2;research;ND;Canada Research Coordinating Committee releases 2021-22 progress report - Canada.ca;https://www.canada.ca/en/research-coordinating-committee/news/updates/2022/11/canada-research-coordinating-committee-releases-2021-22-progress-report.html;ND;About Canada.ca;Canada Research Coordinating Committee;Canada;North America;official_research_institution;ND;ND;2026-10-03T23:02:19.746Z;institutional_primary;en;The Canada Research Coordinating Committee (CRCC) has released its 2021-22 progress report, Moving Forward . The report illustrates how Canada’s federal research funding organizations worked together to help sustain Canada’s research enterprise through the second year of the global pandemic, while continuing to build a strong, more equitable, connected and innovative research community. They advanced work on strategic priorities for Canadian research by:;The Canada Research Coordinating Committee (CRCC) has released its 2021-22 progress report, Moving Forward . The report illustrates how Canada’s federal research funding organizations worked together to help sustain Canada’s research enterprise through the second year of the global pandemic, while continuing to build a strong, more equitable, connected and innovative research community. They advanced work on strategic priorities for Canadian research by:;ND;ND;ND;ND;ND;ND;ND;ND;free;primary;not_applicable;ND;ND;https://www.canada.ca/en/research-coordinating-committee/news/updates/2022/11/canada-research-coordinating-committee-releases-2021-22-progress-report.html;ND;3;B;V2;200;V2: institution certifiée 3/3, URL ouverte anonymement, titre et contenu vérifiés automatiquement. V3 réservé à une validation plus forte.;d94f19f5c1fa1593a7f79accba8308a937e09014c95a9171d07b16619fd0e122
338;DOC-FD028A775A6B8594657B;research;ND;First progress report of the Strengthening Indigenous Research Capacity initiative - Canada.ca;https://www.canada.ca/en/research-coordinating-committee/news/updates/2022/02/sirc-progress-report.html;ND;About Canada.ca;Canada Research Coordinating Committee;Canada;North America;official_research_institution;ND;ND;2026-10-03T23:02:19.786Z;institutional_primary;en;The Canada Research Coordinating Committee (CRCC) has released the first progress report on the implementation of the interagency strategic plan, Setting new directions to support Indigenous research and research training in Canada .;The Canada Research Coordinating Committee (CRCC) has released the first progress report on the implementation of the interagency strategic plan, Setting new directions to support Indigenous research and research training in Canada .;ND;ND;ND;ND;ND;ND;ND;ND;free;primary;not_applicable;ND;ND;https://www.canada.ca/en/research-coordinating-committee/news/updates/2022/02/sirc-progress-report.html;ND;3;B;V2;200;V2: institution certifiée 3/3, URL ouverte anonymement, titre et contenu vérifiés automatiquement. V3 réservé à une validation plus forte.;345965dddc850dceb7567b76c28cbcfaf2dd8da9781fa0100f2122a2855e8fdc
339;DOC-28C9BCA2AA350726A7AD;research;ND;Government of Canada funds 117 innovative projects across Canada to advance groundbreaking research - Canada.ca;https://www.canada.ca/en/research-coordinating-committee/news/2021/05/government-of-canada-funds-117-innovative-projects-across-canada-to-advance-groundbreaking-research.html;ND;About Canada.ca;Canada Research Coordinating Committee;Canada;North America;official_research_institution;ND;ND;2026-10-03T23:02:18.625Z;institutional_primary;en;The New Frontiers in Research Fund (NFRF) 2020 Exploration competition has awarded funds to support 117 research projects across Canada that bring diverse disciplines together in pursuit of breakthrough ideas and high-reward outcomes.;The New Frontiers in Research Fund (NFRF) 2020 Exploration competition has awarded funds to support 117 research projects across Canada that bring diverse disciplines together in pursuit of breakthrough ideas and high-reward outcomes.;ND;ND;ND;ND;ND;ND;ND;ND;free;primary;not_applicable;ND;ND;https://www.canada.ca/en/research-coordinating-committee/news/2021/05/government-of-canada-funds-117-innovative-projects-across-canada-to-advance-groundbreaking-research.html;ND;3;B;V2;200;V2: institution certifiée 3/3, URL ouverte anonymement, titre et contenu vérifiés automatiquement. V3 réservé à une validation plus forte.;47aabed4266ff8fab8ac5f744bbe05bc4cababac7f0a91b8457548d0f06ee5ee
340;DOC-B0906BB62E6BFF937FA1;research;ND;Government of Canada invests in high-risk, high-reward interdisciplinary research to support world-leading innovation - Canada.ca;https://www.canada.ca/en/research-coordinating-committee/news/2023/04/government-of-canada-invests-in-high-risk-high-reward-interdisciplinary-research-to-support-world-leading-innovation.html;ND;About Canada.ca;Canada Research Coordinating Committee;Canada;North America;official_research_institution;ND;ND;2026-10-03T23:02:18.647Z;institutional_primary;en;Today, the Honourable François-Philippe Champagne, Minister of Innovation, Science and Industry, and the Honourable Jean-Yves Duclos, Minister of Health, announced more than $200 million in support for Canadian-led interdisciplinary, international, high-risk and high-reward research through the New Frontiers in Research Fund (NFRF). Through three different NFRF competitions, the government will support 195 projects.;Today, the Honourable François-Philippe Champagne, Minister of Innovation, Science and Industry, and the Honourable Jean-Yves Duclos, Minister of Health, announced more than $200 million in support for Canadian-led interdisciplinary, international, high-risk and high-reward research through the New Frontiers in Research Fund (NFRF). Through three different NFRF competitions, the government will support 195 projects.;ND;ND;ND;ND;ND;ND;ND;ND;free;primary;not_applicable;ND;ND;https://www.canada.ca/en/research-coordinating-committee/news/2023/04/government-of-canada-invests-in-high-risk-high-reward-interdisciplinary-research-to-support-world-leading-innovation.html;ND;3;B;V2;200;V2: institution certifiée 3/3, URL ouverte anonymement, titre et contenu vérifiés automatiquement. V3 réservé à une validation plus forte.;e8455ffb1347c6fc4a865e440ffbd71a50fd0ee9fc119f91fa0d1cfe9afaf16d
341;DOC-B2813EE008085F3BF045;research;ND;Government of Canada releases What We Heard reports on proposed reforms on major projects, trade and transportation, and labour relations - Canada.ca;https://www.canada.ca/en/one-canadian-economy/news/2026/09/government-of-canada-releases-what-we-heard-reports-on-proposed-reforms-on-major-projects-trade-and-transportation-and-labour-relations.html;ND;About Canada.ca;One Canadian Economy;Canada;North America;official_research_institution;ND;ND;2026-10-03T23:02:17.620Z;institutional_primary;en;Today, the Honourable Dominic LeBlanc, President of the King’s Privy Council for Canada and Minister responsible for Canada-U.S. Trade, Intergovernmental Affairs, Internal Trade and One Canadian Economy, the Honourable Steven MacKinnon, Minister of Transport and Leader of the Government in the House of Commons, and the Honourable Patty Hajdu, Minister of Jobs and Families and Minister responsible for the Federal Economic Development Agency for Northern Ontario, announced the release of four What We Heard reports following the Government’s nationwide engagement on proposed legislative, regulatory and policy reforms to help build one strong Canadian economy.;Today, the Honourable Dominic LeBlanc, President of the King’s Privy Council for Canada and Minister responsible for Canada-U.S. Trade, Intergovernmental Affairs, Internal Trade and One Canadian Economy, the Honourable Steven MacKinnon, Minister of Transport and Leader of the Government in the House of Commons, and the Honourable Patty Hajdu, Minister of Jobs and Families and Minister responsible for the Federal Economic Development Agency for Northern Ontario, announced the release of four What We Heard reports following the Government’s nationwide engagement on proposed legislative, regulatory and policy reforms to help build one strong Canadian economy.;ND;ND;ND;ND;ND;ND;ND;ND;free;primary;not_applicable;ND;ND;https://www.canada.ca/en/one-canadian-economy/news/2026/09/government-of-canada-releases-what-we-heard-reports-on-proposed-reforms-on-major-projects-trade-and-transportation-and-labour-relations.html;ND;3;B;V2;200;V2: institution certifiée 3/3, URL ouverte anonymement, titre et contenu vérifiés automatiquement. V3 réservé à une validation plus forte.;1c9cfd58eedc5fdd0b21bf3359aace008fd5d3faad4eab2fa34c4358f25152f2
342;DOC-559F3531C37E22083A27;research;ND;New temporary program announced to support research staff in Canada - Canada.ca;https://www.canada.ca/en/research-coordinating-committee/news/updates/2020/05/new-temporary-program-announced-to-support-research-staff-in-canada.html;ND;About Canada.ca;Canada Research Coordinating Committee;Canada;North America;official_research_institution;ND;ND;2026-10-03T23:02:21.746Z;institutional_primary;en;It is critical that we sustain Canada’s research excellence, talent and knowledge as the academic research enterprise deals with the impacts of the COVID-19 pandemic. Canada’s universities and health research institutions play integral roles in supporting both the COVID-19 response and the post-pandemic economic recovery.;It is critical that we sustain Canada’s research excellence, talent and knowledge as the academic research enterprise deals with the impacts of the COVID-19 pandemic. Canada’s universities and health research institutions play integral roles in supporting both the COVID-19 response and the post-pandemic economic recovery.;ND;ND;ND;ND;ND;ND;ND;ND;free;primary;not_applicable;ND;ND;https://www.canada.ca/en/research-coordinating-committee/news/updates/2020/05/new-temporary-program-announced-to-support-research-staff-in-canada.html;ND;3;B;V2;200;V2: institution certifiée 3/3, URL ouverte anonymement, titre et contenu vérifiés automatiquement. V3 réservé à une validation plus forte.;aaa0c78813ed5a89c93bc1b5a165c42adc84cbecbea7abc75ac3cd01967756ab
343;DOC-31EC393AB2FC0AA39BA4;research;ND;The Government of Canada introduces new programs for international researchers - Canada.ca;https://www.canada.ca/en/impact-plus-chairs/news/updates/2025/12/government-of-canada-introduces-two-new-programs-for-international-researchers.html;ND;About Canada.ca;Social Sciences and Humanities Research Council of Canada;Canada;North America;official_research_institution;ND;ND;2026-10-03T23:02:16.580Z;institutional_primary;en;"Today, Mélanie Joly , Minister of Industry and Minister responsible for Canada Economic Development for Quebec Regions; and Marjorie Michel , Minister of Health, announced the launch of the Canada Impact+ Research Chairs program —a new $1 billion investment that will provide Canadian institutions the opportunity to recruit top-tier international researchers with expertise in key areas that address emerging global and national challenges.";"Today, Mélanie Joly , Minister of Industry and Minister responsible for Canada Economic Development for Quebec Regions; and Marjorie Michel , Minister of Health, announced the launch of the Canada Impact+ Research Chairs program —a new $1 billion investment that will provide Canadian institutions the opportunity to recruit top-tier international researchers with expertise in key areas that address emerging global and national challenges.";ND;ND;ND;ND;ND;ND;ND;ND;free;primary;not_applicable;ND;ND;https://www.canada.ca/en/impact-plus-chairs/news/updates/2025/12/government-of-canada-introduces-two-new-programs-for-international-researchers.html;ND;3;B;V2;200;V2: institution certifiée 3/3, URL ouverte anonymement, titre et contenu vérifiés automatiquement. V3 réservé à une validation plus forte.;448352ba3432827deddcc3613e94720820d4a3e758c94d35ea34ffd130aa5b39
344;DOC-3743F2D59CEA4ADDECC2;research;ND;Vision to Action—Canada Research Coordinating Committee releases progress report highlighting major achievements over the past five years - Canada.ca;https://www.canada.ca/en/research-coordinating-committee/news/updates/2023/09/vision-to-action-canada-research-coordinating-committee-releases-progress-report-highlighting-major-achievements-over-the-past-five-years.html;ND;About Canada.ca;Canada Research Coordinating Committee;Canada;North America;official_research_institution;ND;ND;2026-10-03T23:02:21.783Z;institutional_primary;en;The Canada Research Coordinating Committee (CRCC) has released its progress report, Vision to Action: 2018-23 . The report illustrates how Canada’s federal research funding agencies, in cooperation with other CRCC member organizations, have developed and aligned innovative new policies and programs over the past five years in the pursuit of shared priorities.;The Canada Research Coordinating Committee (CRCC) has released its progress report, Vision to Action: 2018-23 . The report illustrates how Canada’s federal research funding agencies, in cooperation with other CRCC member organizations, have developed and aligned innovative new policies and programs over the past five years in the pursuit of shared priorities.;ND;ND;ND;ND;ND;ND;ND;ND;free;primary;not_applicable;ND;ND;https://www.canada.ca/en/research-coordinating-committee/news/updates/2023/09/vision-to-action-canada-research-coordinating-committee-releases-progress-report-highlighting-major-achievements-over-the-past-five-years.html;ND;3;B;V2;200;V2: institution certifiée 3/3, URL ouverte anonymement, titre et contenu vérifiés automatiquement. V3 réservé à une validation plus forte.;1fc6a51f43f27f593ae5ca6ab32667012b08b9010234c56b9a4ad5e09d1530cc
345;DOC-AAC662FA2B8D0347278F;research;ND;What We Heard: A Report from the Three Federal Research Funding Agencies’ Ad Hoc Working Group on Indigenous Citizenship and Membership - Canada.ca;https://www.canada.ca/en/research-coordinating-committee/priorities/indigenous-research/2023/report-what-we-heard.html;ND;About Canada.ca;Canada Research Coordinating Committee;Canada;North America;official_research_institution;ND;ND;2026-10-03T23:02:25.012Z;institutional_primary;en;The Honourable François-Philippe Champagne, P.C., M.P. Minister of Innovation, Science and Industry of Canada;The Honourable François-Philippe Champagne, P.C., M.P. Minister of Innovation, Science and Industry of Canada;ND;ND;ND;ND;ND;ND;ND;ND;free;primary;not_applicable;ND;ND;https://www.canada.ca/en/research-coordinating-committee/priorities/indigenous-research/2023/report-what-we-heard.html;ND;3;B;V2;200;V2: institution certifiée 3/3, URL ouverte anonymement, titre et contenu vérifiés automatiquement. V3 réservé à une validation plus forte.;16369fbcc2ddc63618daf5e56746ca272d1625d860305f3d205aeba5df6dde8a
346;DOC-A6E2D712F38687BD3214;research;ND;What We Heard: Tri-agency engagement with the research community on modernization of the federal research support system - Canada.ca;https://www.canada.ca/en/research-coordinating-committee/services/publications/progress-reports/2024/what-we-heard-tri-agency-engagement-with-the-research-community-on-modernization-of-the-federal-research-support-system.html;ND;About Canada.ca;Canada Research Coordinating Committee;Canada;North America;official_research_institution;ND;ND;2026-10-03T23:02:16.543Z;institutional_primary;en;Joint report submitted by the Canadian Institutes of Health Research, the Natural Sciences and Engineering Research Council of Canada and the Social Sciences and Humanities Research Council of Canada to the Minister of Innovation, Science and Industry and the Minister of Health.;Joint report submitted by the Canadian Institutes of Health Research, the Natural Sciences and Engineering Research Council of Canada and the Social Sciences and Humanities Research Council of Canada to the Minister of Innovation, Science and Industry and the Minister of Health.;ND;ND;ND;ND;ND;ND;ND;ND;free;primary;not_applicable;ND;ND;https://www.canada.ca/en/research-coordinating-committee/services/publications/progress-reports/2024/what-we-heard-tri-agency-engagement-with-the-research-community-on-modernization-of-the-federal-research-support-system.html;ND;4;B;V2;200;V2: institution certifiée 3/3, URL ouverte anonymement, titre et contenu vérifiés automatiquement. V3 réservé à une validation plus forte.;2437779cf7c1fb91eea85d7941824df785b78bd49e09f47253f1a9d300b1176f
347;DOC-7DFAAF06480B12AD3EFD;research;ND;À propos du Programme de mise en circulation accélérée - agriculture.canada.ca;http://agriculture.canada.ca/fr/science/transfert-licences-technologie-agriculture/occasion-concession-licence-agriculture/programme-mise-circulation-acceleree-nouvelles-varietes-pommes-terre-marche/propos-du-programme-mise-circulation-acceleree;ND;Agriculture and Agri-Food Canada;ND;Canada;North America;official_research_institution;ND;ND;2026-10-03T23:02:28.021Z;institutional_primary;en;Vous voulez voir sur le marché de nouvelles sélections prometteuses bien avant leur homologation? Le marché de la pomme de terre transformée est devenu si concurrentiel qu'il faut demeurer à l'avant-garde pour réussir. Grâce au Programme de mise en circulation accélérée, le Agriculture et Agroalimentaire Canada (AAC) offre à toutes les entreprises de production de pommes de terre l'occasion d'évaluer elles-mêmes les meilleures sélections issues des essais préliminaires.;Vous voulez voir sur le marché de nouvelles sélections prometteuses bien avant leur homologation? Le marché de la pomme de terre transformée est devenu si concurrentiel qu'il faut demeurer à l'avant-garde pour réussir. Grâce au Programme de mise en circulation accélérée, le Agriculture et Agroalimentaire Canada (AAC) offre à toutes les entreprises de production de pommes de terre l'occasion d'évaluer elles-mêmes les meilleures sélections issues des essais préliminaires.;ND;ND;ND;ND;ND;ND;ND;ND;free;primary;not_applicable;ND;ND;http://agriculture.canada.ca/fr/science/transfert-licences-technologie-agriculture/occasion-concession-licence-agriculture/programme-mise-circulation-acceleree-nouvelles-varietes-pommes-terre-marche/propos-du-programme-mise-circulation-acceleree;ND;4;B;V2;200;V2: institution certifiée 3/3, URL ouverte anonymement, titre et contenu vérifiés automatiquement. V3 réservé à une validation plus forte.;0edd2576b7727a0713ade48057fb7152d084310e1932c3521655e38d5d0140b3
348;DOC-5AA702053B9DC8FC30F6;research;ND;Agricultural Clean Technology Program: Research and Innovation Stream: 1. What this program offers - agriculture.canada.ca;https://agriculture.canada.ca/en/programs/agricultural-clean-technology-research-innovation-stream;ND;Agriculture and Agri-Food Canada;ND;Canada;North America;official_research_institution;ND;ND;2026-10-03T23:02:26.452Z;institutional_primary;en;Learn about federal support to develop and test farm clean tech projects that cut emissions and improve environmental performance.;Learn about federal support to develop and test farm clean tech projects that cut emissions and improve environmental performance.;ND;ND;ND;ND;ND;ND;ND;ND;free;primary;not_applicable;ND;ND;https://agriculture.canada.ca/en/programs/agricultural-clean-technology-research-innovation-stream;ND;5;B;V2;200;V2: institution certifiée 3/3, URL ouverte anonymement, titre et contenu vérifiés automatiquement. V3 réservé à une validation plus forte.;6bc2e55b0e6d40f1d4a2b96e8407aa85a363098b99ed1ae838ac7e29e0d818b4
349;DOC-8AD55A41F5B98C6A18F1;research;ND;Agricultural Clean Technology Program: Research and Innovation Stream: 2. Who is eligible - agriculture.canada.ca;https://agriculture.canada.ca/en/programs/agricultural-clean-technology-research-innovation-stream/step-2;ND;Agriculture and Agri-Food Canada;ND;Canada;North America;official_research_institution;ND;ND;2026-10-03T23:02:27.716Z;institutional_primary;en;Eligible applicants must be legal entities capable of entering into legally binding agreements. Project work and activities must be carried out in Canada.;Eligible applicants must be legal entities capable of entering into legally binding agreements. Project work and activities must be carried out in Canada.;ND;ND;ND;ND;ND;ND;ND;ND;free;primary;not_applicable;ND;ND;https://agriculture.canada.ca/en/programs/agricultural-clean-technology-research-innovation-stream/step-2;ND;5;B;V2;200;V2: institution certifiée 3/3, URL ouverte anonymement, titre et contenu vérifiés automatiquement. V3 réservé à une validation plus forte.;f4604510639fcbf85239757346f5c1c74afdf52de6d25d4085291515bf57f2c1
350;DOC-B39243D9912470ACA8D9;research;ND;Agricultural Clean Technology Program: Research and Innovation Stream: 3. How to apply - agriculture.canada.ca;https://agriculture.canada.ca/en/programs/agricultural-clean-technology-research-innovation-stream/step-3;ND;Agriculture and Agri-Food Canada;ND;Canada;North America;official_research_institution;ND;ND;2026-10-03T23:02:27.765Z;institutional_primary;en;The intake period for the Research and Innovation Stream has closed, but you may be eligible to apply for funding through initial recipient organizations under the Accelerator.;The intake period for the Research and Innovation Stream has closed, but you may be eligible to apply for funding through initial recipient organizations under the Accelerator.;ND;ND;ND;ND;ND;ND;ND;ND;free;primary;not_applicable;ND;ND;https://agriculture.canada.ca/en/programs/agricultural-clean-technology-research-innovation-stream/step-3;ND;5;B;V2;200;V2: institution certifiée 3/3, URL ouverte anonymement, titre et contenu vérifiés automatiquement. V3 réservé à une validation plus forte.;f31b4f3c52cd0a4b339fc3293cc8835091b80a441cb6a6d05b379e1d73b2c1d9
351;DOC-984C28F05AC2FC34E71C;research;ND;Agricultural Clean Technology Program: Research and Innovation Stream: Applicant guide - agriculture.canada.ca;https://agriculture.canada.ca/en/programs/agricultural-clean-technology-research-innovation-stream/applicant-guide;ND;Agriculture and Agri-Food Canada;ND;Canada;North America;official_research_institution;ND;ND;2026-10-03T23:02:27.637Z;institutional_primary;en;AAFC and the Government of Canada are under no obligation to approve proposed projects.;AAFC and the Government of Canada are under no obligation to approve proposed projects.;ND;ND;ND;ND;ND;ND;ND;ND;free;primary;not_applicable;ND;ND;https://agriculture.canada.ca/en/programs/agricultural-clean-technology-research-innovation-stream/applicant-guide;ND;5;B;V2;200;V2: institution certifiée 3/3, URL ouverte anonymement, titre et contenu vérifiés automatiquement. V3 réservé à une validation plus forte.;d50066a2c412089d77df89f7279d66084289ebbd0b17395eaa6f0df33f3678f3
352;DOC-354BD173BBE4E61DBF6B;research;ND;Agricultural Clean Technology Program: Research and Innovation Stream: Applicant guide annexes - agriculture.canada.ca;http://agriculture.canada.ca/en/programs/agricultural-clean-technology-research-innovation-stream/applicant-guide/agricultural-clean-technology-program-research-and-innovation-stream-applicant-guide-annexes;ND;Agriculture and Agri-Food Canada;ND;Canada;North America;official_research_institution;ND;ND;2026-10-03T23:02:27.643Z;institutional_primary;en;Note: For the purpose of completing the Project Summary form and Annex B–Budget, of the project application package, eligible costs are limited to the following 5 cost categories:;Note: For the purpose of completing the Project Summary form and Annex B–Budget, of the project application package, eligible costs are limited to the following 5 cost categories:;ND;ND;ND;ND;ND;ND;ND;ND;free;primary;not_applicable;ND;ND;http://agriculture.canada.ca/en/programs/agricultural-clean-technology-research-innovation-stream/applicant-guide/agricultural-clean-technology-program-research-and-innovation-stream-applicant-guide-annexes;ND;5;B;V2;200;V2: institution certifiée 3/3, URL ouverte anonymement, titre et contenu vérifiés automatiquement. V3 réservé à une validation plus forte.;0fbcb9a18acf7d1e69afce38d6b61f0b4323ff5567237777c99a84717132bb71
353;DOC-CBBEDD4B1F3A6BA1AC2B;research;ND;Agriculture and Agri-Food Canada Policy on Science and Technology Publications - agriculture.canada.ca;http://agriculture.canada.ca/en/science/agriculture-and-agri-food-canada-science-integrity-policy/agriculture-and-agri-food-canada-policy-science-and-technology-publications;ND;Agriculture and Agri-Food Canada;ND;Canada;North America;official_research_institution;ND;ND;2026-10-03T23:02:27.925Z;institutional_primary;en;"Agriculture and Agri-Food Canada’s (AAFC) science and technology (S&T) publications are produced, managed and published in a manner that consistently delivers high quality research to inform the general public, the agricultural sector, and the scientific community at large, about agriculture and to advance agricultural science programs and policies in Canada. AAFC S&T publications comply with Canada’s Directive on Open Government and Open Science; the Government of Canada acts, policies and directives; AAFC’s Science Ethics Policy Framework; and principles of scientific integrity, security, privacy, and intellectual property rights.";"Agriculture and Agri-Food Canada’s (AAFC) science and technology (S&T) publications are produced, managed and published in a manner that consistently delivers high quality research to inform the general public, the agricultural sector, and the scientific community at large, about agriculture and to advance agricultural science programs and policies in Canada. AAFC S&T publications comply with Canada’s Directive on Open Government and Open Science; the Government of Canada acts, policies and directives; AAFC’s Science Ethics Policy Framework; and principles of scientific integrity, security, privacy, and intellectual property rights.";ND;ND;ND;ND;ND;ND;ND;ND;free;primary;not_applicable;ND;ND;http://agriculture.canada.ca/en/science/agriculture-and-agri-food-canada-science-integrity-policy/agriculture-and-agri-food-canada-policy-science-and-technology-publications;ND;4;B;V2;200;V2: institution certifiée 3/3, URL ouverte anonymement, titre et contenu vérifiés automatiquement. V3 réservé à une validation plus forte.;13c23e705cff5d2c5a311ab2b15d6804811142585e64c22d307811f9ea68b3d8
354;DOC-54D6A33C135933C3973B;research;ND;Evaluation of the AgriInnovation Program Stream A: Research Accelerating Innovation – Summary Report - agriculture.canada.ca;http://agriculture.canada.ca/en/department/transparency/audits-evaluations/evaluation-agriinnovation-program-stream-research-accelerating-innovation-summary-report;ND;Agriculture and Agri-Food Canada;ND;Canada;North America;official_research_institution;ND;ND;2026-10-03T23:02:27.764Z;institutional_primary;en;To provide a summary of the AgriInnovation Program Stream A: Research Accelerating Innovation (referred to as Stream A) evaluation report and management response and action plan.;To provide a summary of the AgriInnovation Program Stream A: Research Accelerating Innovation (referred to as Stream A) evaluation report and management response and action plan.;ND;ND;ND;ND;ND;ND;ND;ND;free;primary;not_applicable;ND;ND;http://agriculture.canada.ca/en/department/transparency/audits-evaluations/evaluation-agriinnovation-program-stream-research-accelerating-innovation-summary-report;ND;4;B;V2;200;V2: institution certifiée 3/3, URL ouverte anonymement, titre et contenu vérifiés automatiquement. V3 réservé à une validation plus forte.;9581ef6b4f19353d568d27bd9d4a378ba8aac7fa58d8b43a69b074ccadd1af26
355;DOC-49EA55F08631E2154C8D;research;ND;Programme de mise en circulation accélérée - Nouvelles variétés de pommes de terre pour le marché des frites, croustilles et le marché frais - agriculture.canada.ca;http://agriculture.canada.ca/fr/science/transfert-licences-technologie-agriculture/occasion-concession-licence-agriculture/programme-mise-circulation-acceleree-nouvelles-varietes-pommes-terre-marche;ND;Agriculture and Agri-Food Canada;ND;Canada;North America;official_research_institution;ND;ND;2026-10-03T23:02:28.023Z;institutional_primary;en;À l'aide de diverses techniques d'amélioration génétique des cultures, et de technologies nouvelles et émergentes, Agriculture et Agroalimentaire Canada met chaque année sur le marché jusqu'à 10-15 nouvelles variétés de pommes de terre. Ces sélections annuelles sont soigneusement choisies parmi une population initiale qui peut atteindre 120 000 nouveaux semis.;À l'aide de diverses techniques d'amélioration génétique des cultures, et de technologies nouvelles et émergentes, Agriculture et Agroalimentaire Canada met chaque année sur le marché jusqu'à 10-15 nouvelles variétés de pommes de terre. Ces sélections annuelles sont soigneusement choisies parmi une population initiale qui peut atteindre 120 000 nouveaux semis.;ND;ND;ND;ND;ND;ND;ND;ND;free;primary;not_applicable;ND;ND;http://agriculture.canada.ca/fr/science/transfert-licences-technologie-agriculture/occasion-concession-licence-agriculture/programme-mise-circulation-acceleree-nouvelles-varietes-pommes-terre-marche;ND;4;B;V2;200;V2: institution certifiée 3/3, URL ouverte anonymement, titre et contenu vérifiés automatiquement. V3 réservé à une validation plus forte.;04675b3936c1efe1041df693c689c121176cc23ef42fe0fa75fed00689d0c2d3
356;DOC-51DDC96D8F8648103C6F;research;ND;Programme des technologies propres en agriculture : Volet Recherche et innovation : 1. Ce qu’offre ce programme - agriculture.canada.ca;https://agriculture.canada.ca/fr/programmes/technologies-propres-agriculture-volet-recherche-innovation;ND;Agriculture and Agri-Food Canada;ND;Canada;North America;official_research_institution;ND;ND;2026-10-03T23:02:27.905Z;institutional_primary;en;Renseignez‑vous sur l’appui fédéral pour créer et tester des technologies agricoles propres qui réduisent les émissions.;Renseignez‑vous sur l’appui fédéral pour créer et tester des technologies agricoles propres qui réduisent les émissions.;ND;ND;ND;ND;ND;ND;ND;ND;free;primary;not_applicable;ND;ND;https://agriculture.canada.ca/fr/programmes/technologies-propres-agriculture-volet-recherche-innovation;ND;4;B;V2;200;V2: institution certifiée 3/3, URL ouverte anonymement, titre et contenu vérifiés automatiquement. V3 réservé à une validation plus forte.;1c6fe17535f8b8230d54619ac38575df21671682524b87d9b5a4b00b5361a97a
357;DOC-B9DFB1D382BF520A0DA4;research;ND;Programme des technologies propres en agriculture : Volet Recherche et innovation : 2. Qui est admissible - agriculture.canada.ca;https://agriculture.canada.ca/fr/programmes/technologies-propres-agriculture-volet-recherche-innovation/etape-2-qui-est-admissible;ND;Agriculture and Agri-Food Canada;ND;Canada;North America;official_research_institution;ND;ND;2026-10-03T23:02:27.866Z;institutional_primary;en;Pour être admissibles, les demandeurs doivent être des entités juridiques habilitées à conclure des ententes ayant force exécutoire. Les travaux et activités du projet doivent être réalisés au Canada.;Pour être admissibles, les demandeurs doivent être des entités juridiques habilitées à conclure des ententes ayant force exécutoire. Les travaux et activités du projet doivent être réalisés au Canada.;ND;ND;ND;ND;ND;ND;ND;ND;free;primary;not_applicable;ND;ND;https://agriculture.canada.ca/fr/programmes/technologies-propres-agriculture-volet-recherche-innovation/etape-2-qui-est-admissible;ND;4;B;V2;200;V2: institution certifiée 3/3, URL ouverte anonymement, titre et contenu vérifiés automatiquement. V3 réservé à une validation plus forte.;6a7101d0eedbe9575a635cdb7c3a3e7ecb767d5cf9a52ed517dd0bf6487f4d92
358;DOC-8001991DB35C9BEF8D28;research;ND;Programme des technologies propres en agriculture : Volet Recherche et innovation : 3. Comment présenter une demande - agriculture.canada.ca;https://agriculture.canada.ca/fr/programmes/technologies-propres-agriculture-volet-recherche-innovation/etape-3-comment-presenter-demande;ND;Agriculture and Agri-Food Canada;ND;Canada;North America;official_research_institution;ND;ND;2026-10-03T23:02:27.904Z;institutional_primary;en;La période de réception des demandes dans le cadre du volet Recherche et innovation est terminée, mais vous pourriez être admissible à un financement par l’entremise des bénéficiaires initiaux participant au programme Accélérateur.;La période de réception des demandes dans le cadre du volet Recherche et innovation est terminée, mais vous pourriez être admissible à un financement par l’entremise des bénéficiaires initiaux participant au programme Accélérateur.;ND;ND;ND;ND;ND;ND;ND;ND;free;primary;not_applicable;ND;ND;https://agriculture.canada.ca/fr/programmes/technologies-propres-agriculture-volet-recherche-innovation/etape-3-comment-presenter-demande;ND;4;B;V2;200;V2: institution certifiée 3/3, URL ouverte anonymement, titre et contenu vérifiés automatiquement. V3 réservé à une validation plus forte.;c16aa8093721193aeb68271aec06cc5119144317395cc5bfca4bc570d7f157e9
359;DOC-AE0F9F503B8EC06E778D;research;ND;Programme des technologies propres en agriculture : Volet Recherche et innovation : Guide du demandeur - agriculture.canada.ca;https://agriculture.canada.ca/fr/programmes/technologies-propres-agriculture-volet-recherche-innovation/guide-du-demandeur;ND;Agriculture and Agri-Food Canada;ND;Canada;North America;official_research_institution;ND;ND;2026-10-03T23:02:27.914Z;institutional_primary;en;Veuillez lire le présent guide en entier avant de remplir le formulaire de résumé de projet.;Veuillez lire le présent guide en entier avant de remplir le formulaire de résumé de projet.;ND;ND;ND;ND;ND;ND;ND;ND;free;primary;not_applicable;ND;ND;https://agriculture.canada.ca/fr/programmes/technologies-propres-agriculture-volet-recherche-innovation/guide-du-demandeur;ND;4;B;V2;200;V2: institution certifiée 3/3, URL ouverte anonymement, titre et contenu vérifiés automatiquement. V3 réservé à une validation plus forte.;6235fca985c21e67404f151c4d527dad2099a60202b0c81e0c88ebb276b30e49
360;DOC-EBD5FDCF9B18DA24CB8B;research;ND;Programme des technologies propres en agriculture : Volet Recherche et innovation : Guide du demandeur : Annexes - agriculture.canada.ca;https://agriculture.canada.ca/fr/programmes/technologies-propres-agriculture-volet-recherche-innovation/guide-du-demandeur/programme-technologies-propres-agriculture-volet-recherche-innovation-guide-du-demandeur-annexes;ND;Agriculture and Agri-Food Canada;ND;Canada;North America;official_research_institution;ND;ND;2026-10-03T23:02:27.858Z;institutional_primary;en;Remarque : Aux fins de remplir le formulaire de résumé de projet et l'annexe B – Budget, de la demande de projet, les coûts admissibles sont limités aux cinq catégories de coûts suivantes :;Remarque : Aux fins de remplir le formulaire de résumé de projet et l'annexe B – Budget, de la demande de projet, les coûts admissibles sont limités aux cinq catégories de coûts suivantes :;ND;ND;ND;ND;ND;ND;ND;ND;free;primary;not_applicable;ND;ND;https://agriculture.canada.ca/fr/programmes/technologies-propres-agriculture-volet-recherche-innovation/guide-du-demandeur/programme-technologies-propres-agriculture-volet-recherche-innovation-guide-du-demandeur-annexes;ND;4;B;V2;200;V2: institution certifiée 3/3, URL ouverte anonymement, titre et contenu vérifiés automatiquement. V3 réservé à une validation plus forte.;0ca952036f418fd7eccf96dbb4ccbbef62070658dea69335b4bea9878565ace7
361;DOC-D70D46B796B57D5B8B53;research;ND;Programme des technologies propres en agriculture : Volet Recherche et innovation : Pour nous joindre - agriculture.canada.ca;https://agriculture.canada.ca/fr/programmes/technologies-propres-agriculture-volet-recherche-innovation/nous-joindre;ND;Agriculture and Agri-Food Canada;ND;Canada;North America;official_research_institution;ND;ND;2026-10-03T23:02:28.023Z;institutional_primary;en;Nous recueillons des renseignements personnels auprès des appelants et des agents des centres d’appels pour répondre aux demandes de renseignements concernant les programmes et les services de soutien pour le secteur agricole et agroalimentaire et pour faciliter la prestation des programmes.;Nous recueillons des renseignements personnels auprès des appelants et des agents des centres d’appels pour répondre aux demandes de renseignements concernant les programmes et les services de soutien pour le secteur agricole et agroalimentaire et pour faciliter la prestation des programmes.;ND;ND;ND;ND;ND;ND;ND;ND;free;primary;not_applicable;ND;ND;https://agriculture.canada.ca/fr/programmes/technologies-propres-agriculture-volet-recherche-innovation/nous-joindre;ND;4;B;V2;200;V2: institution certifiée 3/3, URL ouverte anonymement, titre et contenu vérifiés automatiquement. V3 réservé à une validation plus forte.;93a56693b03ce5b6fc4c69e16b69c870851331085ac34a3db9cdd76a9541df76
362;DOC-FF54D43C8A77F3BB2946;research;ND;Study, work and travel worldwide;https://www.international.gc.ca/world-monde/study_work_travel-etude_travail_voyage/index.aspx?lang=eng;ND;Canada and the world;ND;Canada;North America;official_research_institution;ND;ND;2026-10-03T23:02:50.225Z;institutional_primary;en;Find the information you need to help plan your studies, work or travel abroad and in Canada.;Find the information you need to help plan your studies, work or travel abroad and in Canada.;ND;ND;ND;ND;ND;ND;ND;ND;free;primary;not_applicable;ND;ND;https://www.international.gc.ca/world-monde/study_work_travel-etude_travail_voyage/index.aspx?lang=eng;ND;1;B;V2;200;V2: institution certifiée 3/3, URL ouverte anonymement, titre et contenu vérifiés automatiquement. V3 réservé à une validation plus forte.;00a33a06b2338d658870ceba9ca9627eb2dfaa3104be380b60f28ac9fc56c690
363;DOC-F0E45D61BAEDD16A6996;research;ND;Polar Knowledge Canada - Canada.ca;https://www.canada.ca/en/polar-knowledge.html;ND;Canada Research Institutes and Facilities;Polar Knowledge Canada;Canada;North America;government_directory;ND;ND;2026-10-03T23:03:25.721Z;institutional_primary;en;Polar Knowledge Canada (POLAR) is a government agency responsible for advancing Canada’s knowledge of the Arctic, strengthening Canadian leadership in polar science and technology, and promoting the development and distribution of circumpolar knowledge. POLAR operates the Canadian High Arctic Research Station in Cambridge Bay, Nunavut.;Polar Knowledge Canada (POLAR) is a government agency responsible for advancing Canada’s knowledge of the Arctic, strengthening Canadian leadership in polar science and technology, and promoting the development and distribution of circumpolar knowledge. POLAR operates the Canadian High Arctic Research Station in Cambridge Bay, Nunavut.;ND;ND;ND;ND;ND;ND;ND;ND;free;primary;not_applicable;ND;ND;https://www.canada.ca/en/polar-knowledge.html;ND;3;B;V2;200;V2: institution certifiée 3/3, URL ouverte anonymement, titre et contenu vérifiés automatiquement. V3 réservé à une validation plus forte.;adce216208bd7cff4818ab2272131ccab70cff236bf94d9c30bc9b09979241b1
364;DOC-AA2907D6BF8144DC702C;research;ND;2022 Cleantech Industry Survey Results - Natural Resources Canada;https://natural-resources.canada.ca/science-innovation/research-development/clean-technology/clean-growth-hub/clean-technology-data-strategy/2022-cleantech-industry-survey-results;ND;Clean energy research and development centres;ND;Canada;North America;official_research_institution;ND;ND;2026-10-03T23:03:14.210Z;institutional_primary;en;Survey-driven insights on cleantech companies covering industry challenges, trends and more.;Survey-driven insights on cleantech companies covering industry challenges, trends and more.;ND;ND;ND;ND;ND;ND;ND;ND;free;primary;not_applicable;ND;ND;https://natural-resources.canada.ca/science-innovation/research-development/clean-technology/clean-growth-hub/clean-technology-data-strategy/2022-cleantech-industry-survey-results;ND;5;B;V2;200;V2: institution certifiée 3/3, URL ouverte anonymement, titre et contenu vérifiés automatiquement. V3 réservé à une validation plus forte.;0f87a9e53edc0dc945d18513a926be3c4da05540b733208b201f8912c04e8a9f
365;DOC-7566597F59CFB9666E41;research;ND;2025 Cleantech Industry Survey Results - Natural Resources Canada;https://natural-resources.canada.ca/science-innovation/research-development/clean-technology/clean-growth-hub/clean-technology-data-strategy/2025-cleantech-industry-survey-results;ND;Clean energy research and development centres;ND;Canada;North America;official_research_institution;ND;ND;2026-10-03T23:03:13.535Z;institutional_primary;en;Survey-driven insights on cleantech companies covering industry challenges, trends and more.;Survey-driven insights on cleantech companies covering industry challenges, trends and more.;ND;ND;ND;ND;ND;ND;ND;ND;free;primary;not_applicable;ND;ND;https://natural-resources.canada.ca/science-innovation/research-development/clean-technology/clean-growth-hub/clean-technology-data-strategy/2025-cleantech-industry-survey-results;ND;5;B;V2;200;V2: institution certifiée 3/3, URL ouverte anonymement, titre et contenu vérifiés automatiquement. V3 réservé à une validation plus forte.;314e2fd43538009d079945a32eb300e098fd636afa6cde10145c5d75edb0dfdc
366;DOC-B036EBBF3DA9BCF01B13;research;ND;Advanced materials and processes for carbon dioxide capture - Natural Resources Canada;https://natural-resources.canada.ca/science-data/science-research/research-centres/canmetenergy-devon/advanced-materials-processes-carbon-dioxide-capture;ND;Clean energy research and development centres;ND;Canada;North America;official_research_institution;ND;ND;2026-10-03T23:03:14.981Z;institutional_primary;en;Our research and development (R&D) explores the use of underutilized and low-value materials, such as petroleum c;Our research and development (R&D) explores the use of underutilized and low-value materials, such as petroleum c;ND;ND;ND;ND;ND;ND;ND;ND;free;primary;not_applicable;ND;ND;https://natural-resources.canada.ca/science-data/science-research/research-centres/canmetenergy-devon/advanced-materials-processes-carbon-dioxide-capture;ND;5;B;V2;200;V2: institution certifiée 3/3, URL ouverte anonymement, titre et contenu vérifiés automatiquement. V3 réservé à une validation plus forte.;8b3768c866767db9cbbf93fbd970be6ec8c7f17ea890b75136e01c8e48f34ea5
367;DOC-80B240B23BB770B6B367;research;ND;Advanced Materials for Energy and Defence – Call for proposals - Natural Resources Canada;https://natural-resources.canada.ca/funding-partnerships/energy-innovation-program/advanced-materials-energy-defence-call-proposals;ND;Clean energy research and development centres;ND;Canada;North America;official_research_institution;2026-06-01T12:00:00Z;ND;2026-10-03T23:03:15.530Z;institutional_primary;en;Funding for applied R&D on materials and components for clean energy and defence applications.;Funding for applied R&D on materials and components for clean energy and defence applications.;ND;ND;ND;ND;ND;ND;ND;ND;free;primary;not_applicable;ND;ND;https://natural-resources.canada.ca/funding-partnerships/energy-innovation-program/advanced-materials-energy-defence-call-proposals;ND;5;B;V2;200;V2: institution certifiée 3/3, URL ouverte anonymement, titre et contenu vérifiés automatiquement. V3 réservé à une validation plus forte.;4762c4ca147849f8a355e6405e79787e05701c4ea936a5d0655fb1857ab2efc8
368;DOC-24DE715F87AEB8F08FB4;research;ND;Assessing novel carbon dioxide capture materials and accelerated discovery of carbon dioxide capture materials and carbon dioxide conversion catalysts - Natural Resources Canada;https://natural-resources.canada.ca/science-data/science-research/research-centres/canmetenergy-devon/assessing-novel-carbon-dioxide-capture-materials-accelerated-discovery-carbon-dioxide-capture-materials-carbon-dioxide-conversion-catalysts;ND;Clean energy research and development centres;ND;Canada;North America;official_research_institution;ND;ND;2026-10-03T23:03:15.009Z;institutional_primary;en;Carbon capture, utilization, and storage (CCUS) has been commercially demonstrated, but it is recognized that 80% of;Carbon capture, utilization, and storage (CCUS) has been commercially demonstrated, but it is recognized that 80% of;ND;ND;ND;ND;ND;ND;ND;ND;free;primary;not_applicable;ND;ND;https://natural-resources.canada.ca/science-data/science-research/research-centres/canmetenergy-devon/assessing-novel-carbon-dioxide-capture-materials-accelerated-discovery-carbon-dioxide-capture-materials-carbon-dioxide-conversion-catalysts;ND;5;B;V2;200;V2: institution certifiée 3/3, URL ouverte anonymement, titre et contenu vérifiés automatiquement. V3 réservé à une validation plus forte.;dc3a1e8c5007d48806356386db0850093b16c31f398745a6ee50db3200339c2c
369;DOC-05652B3966011AB458B8;research;ND;Cleantech companies - Natural Resources Canada;https://natural-resources.canada.ca/science-innovation/research-development/clean-technology/clean-growth-hub/clean-technology-data-strategy/cleantech-companies;ND;Clean energy research and development centres;ND;Canada;North America;official_research_institution;ND;ND;2026-10-03T23:03:13.518Z;institutional_primary;en;Dashboard of number of Canadian pure-play cleantech companies by industry and province.;Dashboard of number of Canadian pure-play cleantech companies by industry and province.;ND;ND;ND;ND;ND;ND;ND;ND;free;primary;not_applicable;ND;ND;https://natural-resources.canada.ca/science-innovation/research-development/clean-technology/clean-growth-hub/clean-technology-data-strategy/cleantech-companies;ND;5;B;V2;200;V2: institution certifiée 3/3, URL ouverte anonymement, titre et contenu vérifiés automatiquement. V3 réservé à une validation plus forte.;cda66572d043ded96467c7468c8d8d8d6b8538c3aa3f2afb682db47d659d5dae
370;DOC-DF10E256C9C89881417D;research;ND;Cleantech industry survey results - Natural Resources Canada;https://natural-resources.canada.ca/science-innovation/research-development/clean-technology/clean-growth-hub/clean-technology-data-strategy/cleantech-industry-survey-results;ND;Clean energy research and development centres;ND;Canada;North America;official_research_institution;ND;ND;2026-10-03T23:03:14.123Z;institutional_primary;en;Survey-driven insights on cleantech companies covering industry challenges, trends and more.;Survey-driven insights on cleantech companies covering industry challenges, trends and more.;ND;ND;ND;ND;ND;ND;ND;ND;free;primary;not_applicable;ND;ND;https://natural-resources.canada.ca/science-innovation/research-development/clean-technology/clean-growth-hub/clean-technology-data-strategy/cleantech-industry-survey-results;ND;5;B;V2;200;V2: institution certifiée 3/3, URL ouverte anonymement, titre et contenu vérifiés automatiquement. V3 réservé à une validation plus forte.;e0aabd3f97b18a76045deff46391a7f72ea22d9394df8f477e8b53d44065a8be
371;DOC-8D616B35D764F87B48F4;research;ND;Environmental impacts, monitoring, and remediation: land - Natural Resources Canada;https://natural-resources.canada.ca/science-data/science-research/research-centres/canmetenergy-devon/environmental-impacts-monitoring-remediation-land;ND;Clean energy research and development centres;ND;Canada;North America;official_research_institution;ND;ND;2026-10-03T23:03:15.494Z;institutional_primary;en;Our research and development (R&D) in this area is intended to support the remediation and reclamation of soils,;Our research and development (R&D) in this area is intended to support the remediation and reclamation of soils,;ND;ND;ND;ND;ND;ND;ND;ND;free;primary;not_applicable;ND;ND;https://natural-resources.canada.ca/science-data/science-research/research-centres/canmetenergy-devon/environmental-impacts-monitoring-remediation-land;ND;5;B;V2;200;V2: institution certifiée 3/3, URL ouverte anonymement, titre et contenu vérifiés automatiquement. V3 réservé à une validation plus forte.;4a45a5fa799f835d0e1ff3a304a9d6ee793c77765b940597d5c1438cdf1d97c6
372;DOC-82D576930969069C8ABE;research;ND;Environmental impacts, monitoring, and remediation: water - Natural Resources Canada;https://natural-resources.canada.ca/science-data/science-research/research-centres/canmetenergy-devon/environmental-impacts-monitoring-remediation-water;ND;Clean energy research and development centres;ND;Canada;North America;official_research_institution;ND;ND;2026-10-03T23:03:15.486Z;institutional_primary;en;Surface water, groundwater, and aquatic ecosystems are vulnerable to negative impacts from natural resource developme;Surface water, groundwater, and aquatic ecosystems are vulnerable to negative impacts from natural resource developme;ND;ND;ND;ND;ND;ND;ND;ND;free;primary;not_applicable;ND;ND;https://natural-resources.canada.ca/science-data/science-research/research-centres/canmetenergy-devon/environmental-impacts-monitoring-remediation-water;ND;5;B;V2;200;V2: institution certifiée 3/3, URL ouverte anonymement, titre et contenu vérifiés automatiquement. V3 réservé à une validation plus forte.;9f5e97458f4011dae6ee51125f3143c69bc15423db5a5e83b11cd73781003317
373;DOC-F841D083B2E48AAD5EE9;research;ND;Green Industrial Facilities and Manufacturing Program - Natural Resources Canada;https://natural-resources.canada.ca/energy-efficiency/industry-energy-efficiency/green-industrial-facilities-manufacturing-program;ND;Clean energy research and development centres;ND;Canada;North America;official_research_institution;ND;ND;2026-10-03T23:03:15.035Z;institutional_primary;en;The Green Industrial Facilities and Manufacturing Program (GIFMP) provides financial assistance to support the imple;The Green Industrial Facilities and Manufacturing Program (GIFMP) provides financial assistance to support the imple;ND;ND;ND;ND;ND;ND;ND;ND;free;primary;not_applicable;ND;ND;https://natural-resources.canada.ca/energy-efficiency/industry-energy-efficiency/green-industrial-facilities-manufacturing-program;ND;5;B;V2;200;V2: institution certifiée 3/3, URL ouverte anonymement, titre et contenu vérifiés automatiquement. V3 réservé à une validation plus forte.;02ce0f8d2c3e0ca1165151b551712e650235c147e31f03ca31b4642d9aac075a
374;DOC-0C2AFB71E164B957E405;research;ND;Memorandum of Understanding: Alberta – Canada Collaboratory on Clean Energy Research and Technology - Natural Resources Canada;https://natural-resources.canada.ca/funding-partnerships/memorandum-understanding-alberta-canada-collaboratory-clean-energy-research-technology;ND;Clean energy research and development centres;ND;Canada;North America;official_research_institution;ND;ND;2026-10-03T23:03:13.542Z;institutional_primary;en;This Memorandum of Understanding (MOU) is made and effective as of the 13th day of Feb;This Memorandum of Understanding (MOU) is made and effective as of the 13th day of Feb;ND;ND;ND;ND;ND;ND;ND;ND;free;primary;not_applicable;ND;ND;https://natural-resources.canada.ca/funding-partnerships/memorandum-understanding-alberta-canada-collaboratory-clean-energy-research-technology;ND;5;B;V2;200;V2: institution certifiée 3/3, URL ouverte anonymement, titre et contenu vérifiés automatiquement. V3 réservé à une validation plus forte.;a157bc1c00341d1be61c5ca420009aa187682560996e9be62ac135dcedbe7980
375;DOC-AEC47DD0F6ACFB5DE3B6;research;ND;Request for information: Artificial Intelligence and energy innovation - Natural Resources Canada;https://natural-resources.canada.ca/science-data/science-research/requests-information/request-information-artificial-intelligence-energy-innovation;ND;Clean energy research and development centres;ND;Canada;North America;official_research_institution;ND;ND;2026-10-03T23:03:14.240Z;institutional_primary;en;Seeking information on artificial intelligence (AI) to accelerate energy innovation.;Seeking information on artificial intelligence (AI) to accelerate energy innovation.;ND;ND;ND;ND;ND;ND;ND;ND;free;primary;not_applicable;ND;ND;https://natural-resources.canada.ca/science-data/science-research/requests-information/request-information-artificial-intelligence-energy-innovation;ND;5;B;V2;200;V2: institution certifiée 3/3, URL ouverte anonymement, titre et contenu vérifiés automatiquement. V3 réservé à une validation plus forte.;c609e9f20997f2959df31bfb05e409792a793cf527058d6de04230b4aca7f8c5
376;DOC-DF29E7040D7A835EEB1E;research;ND;Technology Development Projects - Natural Resources Canada;https://natural-resources.canada.ca/energy-sources/renewable-energy/technology-development-projects;ND;Clean energy research and development centres;ND;Canada;North America;official_research_institution;ND;ND;2026-10-03T23:03:15.541Z;institutional_primary;en;Developing marine renewable energy technologies The Marine Energy Technology (MET) team is involved in a nu;Developing marine renewable energy technologies The Marine Energy Technology (MET) team is involved in a nu;ND;ND;ND;ND;ND;ND;ND;ND;free;primary;not_applicable;ND;ND;https://natural-resources.canada.ca/energy-sources/renewable-energy/technology-development-projects;ND;5;B;V2;200;V2: institution certifiée 3/3, URL ouverte anonymement, titre et contenu vérifiés automatiquement. V3 réservé à une validation plus forte.;3a11864ee82dccf8afc13ac5bd4c409eff70070c45fdff4fa917e9c60a806e4c
377;DOC-18EC2B516477EA1B88C5;research;ND;Technology Roadmaps - Natural Resources Canada;https://natural-resources.canada.ca/science-data/science-research/research-centres/technology-roadmaps;ND;Clean energy research and development centres;ND;Canada;North America;official_research_institution;ND;ND;2026-10-03T23:03:15.032Z;institutional_primary;en;The Technology Roadmap (TRM) concept is a consultative process that is designed to help industry, its supply-chain, a;The Technology Roadmap (TRM) concept is a consultative process that is designed to help industry, its supply-chain, a;ND;ND;ND;ND;ND;ND;ND;ND;free;primary;not_applicable;ND;ND;https://natural-resources.canada.ca/science-data/science-research/research-centres/technology-roadmaps;ND;5;B;V2;200;V2: institution certifiée 3/3, URL ouverte anonymement, titre et contenu vérifiés automatiquement. V3 réservé à une validation plus forte.;bfdaf166ab4633dc57ae03043c8510ab6db4133cdfaaff276d1cd5bb3ce3f7e4
378;DOC-42AF0B6615D0EFF30730;research;ND;Research and development for NORAD modernization - Canada.ca;https://www.canada.ca/en/department-national-defence/services/operations/allies-partners/norad/norad-modernization-project-timelines/research-development.html;ND;Defence Research and Development Canada;National Defence;Canada;North America;official_research_institution;ND;ND;2026-10-03T23:03:24.615Z;institutional_primary;en;Defence Research and Development Canada (DRDC) is responsible for leading science and technology (S&T) investments that will assess new and emerging threats, while accessing and co-developing technological solutions with the United States and other allies to defend North America.;Defence Research and Development Canada (DRDC) is responsible for leading science and technology (S&T) investments that will assess new and emerging threats, while accessing and co-developing technological solutions with the United States and other allies to defend North America.;ND;ND;ND;ND;ND;ND;ND;ND;free;primary;not_applicable;ND;ND;https://www.canada.ca/en/department-national-defence/services/operations/allies-partners/norad/norad-modernization-project-timelines/research-development.html;ND;5;B;V2;200;V2: institution certifiée 3/3, URL ouverte anonymement, titre et contenu vérifiés automatiquement. V3 réservé à une validation plus forte.;5202108de5e95ee82e015e2dd281d804967eae3b2f70d246e554019745f4f661
379;DOC-B179A35A9F1227430381;research;ND;Research priorities - Canada.ca;https://www.canada.ca/en/defence-research-development/services/science-technology-program.html;ND;Defence Research and Development Canada;Defence Research and Development Canada;Canada;North America;official_research_institution;ND;ND;2026-10-03T23:03:24.063Z;institutional_primary;en;Priorities for research, development and innovation at the Department of National Defence and Canadian Armed Forces are grouped in eight strategic focus areas, described in the Defence and Security Science and Technology (DSST) program. Research areas such as people, advance platforms and weapons, and combat in the physical and virtual environment;Priorities for research, development and innovation at the Department of National Defence and Canadian Armed Forces are grouped in eight strategic focus areas, described in the Defence and Security Science and Technology (DSST) program. Research areas such as people, advance platforms and weapons, and combat in the physical and virtual environment;ND;ND;ND;ND;ND;ND;ND;ND;free;primary;not_applicable;ND;ND;https://www.canada.ca/en/defence-research-development/services/science-technology-program.html;ND;5;B;V2;200;V2: institution certifiée 3/3, URL ouverte anonymement, titre et contenu vérifiés automatiquement. V3 réservé à une validation plus forte.;a81cc3bbd93b7c997dc31e3085ca3ed143d117f5df96740ea2ded28ebd032145
380;DOC-6620960C549D0DF14C7E;research;ND;Canadian Agriculture Library - Canada.ca;https://science-libraries.canada.ca/eng/agriculture/;ND;Federal Science Libraries Network;Government of Canada. Agriculture and Agri-Food Canada;Canada;North America;official_research_institution;ND;ND;2026-10-03T23:03:52.944Z;institutional_primary;en;Member of the Federal Science Libraries Network, the Canadian Agriculture Library (CAL) provides a collection on agricultural and food sciences.;Member of the Federal Science Libraries Network, the Canadian Agriculture Library (CAL) provides a collection on agricultural and food sciences.;ND;ND;ND;ND;ND;ND;ND;ND;free;primary;not_applicable;ND;ND;https://science-libraries.canada.ca/eng/agriculture/;ND;1;B;V2;200;V2: institution certifiée 3/3, URL ouverte anonymement, titre et contenu vérifiés automatiquement. V3 réservé à une validation plus forte.;650284222e38b068b584f583ac2e55d5175db90ad3925243db450faaa88523e5
381;DOC-3BDAB254A9FEEDA8E308;research;ND;Comment accéder aux documents du Réseau des bibliothèques scientifiques fédérales - Canada.ca;https://science-libraries.canada.ca/fra/comment-acceder-aux-documents/;ND;Federal Science Libraries Network;Gouvernement du Canada. Conseil national de recherches Canada;Canada;North America;official_research_institution;ND;ND;2026-10-03T23:03:52.854Z;institutional_primary;en;Comment accéder aux documents du Réseau des bibliothèques scientifiques fédérales.;Comment accéder aux documents du Réseau des bibliothèques scientifiques fédérales.;ND;ND;ND;ND;ND;ND;ND;ND;free;primary;not_applicable;ND;ND;https://science-libraries.canada.ca/fra/comment-acceder-aux-documents/;ND;2;B;V2;200;V2: institution certifiée 3/3, URL ouverte anonymement, titre et contenu vérifiés automatiquement. V3 réservé à une validation plus forte.;88c96df783dc5d4aaa2ea7e2b753990f3cc7d0d9280e8503839caaffb0fa03b5
382;DOC-86536B57039BA75A9BB9;research;ND;Conservation partagée des documents imprimés - Canada.ca;https://science-libraries.canada.ca/fra/programme-partage-livres-imprimes/;ND;Federal Science Libraries Network;Gouvernement du Canada. Conseil national de recherches Canada;Canada;North America;official_research_institution;ND;ND;2026-10-03T23:03:52.387Z;institutional_primary;en;Le programme de conservation partagée des documents imprimés du Réseau des bibliothèques scientifiques fédérales aide à préserver et à rendre accessibles les précieuses collections de documents scientifiques imprimés que détiennent les bibliothèques participantes de partout au Canada.;Le programme de conservation partagée des documents imprimés du Réseau des bibliothèques scientifiques fédérales aide à préserver et à rendre accessibles les précieuses collections de documents scientifiques imprimés que détiennent les bibliothèques participantes de partout au Canada.;ND;ND;ND;ND;ND;ND;ND;ND;free;primary;not_applicable;ND;ND;https://science-libraries.canada.ca/fra/programme-partage-livres-imprimes/;ND;3;B;V2;200;V2: institution certifiée 3/3, URL ouverte anonymement, titre et contenu vérifiés automatiquement. V3 réservé à une validation plus forte.;103e4127aa51aa0508702c9a4fca7f101d7fd58e0007c53dfa6499b10950c1de
383;DOC-6F2A0E73370A8EB9373E;research;ND;DFO publications - Canada.ca;https://science-libraries.canada.ca/eng/fisheries-oceans/publications/;ND;Federal Science Libraries Network;Government of Canada. Fisheries and Oceans Canada. Communications Branch;Canada;North America;official_research_institution;ND;ND;2026-10-03T23:03:52.713Z;institutional_primary;en;To view all reports published in a specific series click the links below. The reports, published in English and/or French, will be retrieved from the Federal Science Libraries Network (FSLN) catalogue and displayed in the Summon discovery tool with the most recent reports appearing at the top of the list.;To view all reports published in a specific series click the links below. The reports, published in English and/or French, will be retrieved from the Federal Science Libraries Network (FSLN) catalogue and displayed in the Summon discovery tool with the most recent reports appearing at the top of the list.;ND;ND;ND;ND;ND;ND;ND;ND;free;primary;not_applicable;ND;ND;https://science-libraries.canada.ca/eng/fisheries-oceans/publications/;ND;2;B;V2;200;V2: institution certifiée 3/3, URL ouverte anonymement, titre et contenu vérifiés automatiquement. V3 réservé à une validation plus forte.;f8e4bd8204f6ac3d5678d14dc3bc312464412a7b9677cd14c77e8c253cb6ee4d
384;DOC-58DF126244F23002FAFF;research;ND;Environment and Climate Change Canada Library Services - Canada.ca;https://science-libraries.canada.ca/eng/environment/;ND;Federal Science Libraries Network;Government of Canada. Environment and Climate Change Canada;Canada;North America;official_research_institution;ND;ND;2026-10-03T23:03:52.704Z;institutional_primary;en;Member of the Federal Science Libraries Network, Environment and Climate Change Canada (ECCC) provides access to ECCC;Member of the Federal Science Libraries Network, Environment and Climate Change Canada (ECCC) provides access to ECCC;ND;ND;ND;ND;ND;ND;ND;ND;free;primary;not_applicable;ND;ND;https://science-libraries.canada.ca/eng/environment/;ND;2;B;V2;200;V2: institution certifiée 3/3, URL ouverte anonymement, titre et contenu vérifiés automatiquement. V3 réservé à une validation plus forte.;b5d39e35b83a2c8c4b263b6b16e7ea2ced44511add1852d34f8f9bac0b29af72
385;DOC-1F16A20B70B826A543C2;research;ND;Federal Open Science Repository of Canada - Canada.ca;https://science-libraries.canada.ca/eng/federal-open-science-repository-of-canada/;ND;Federal Science Libraries Network;Government of Canada. National Research Council Canada;Canada;North America;official_research_institution;ND;ND;2026-10-03T23:03:52.943Z;institutional_primary;en;The Federal Open Science Repository of Canada (FOSRC) enables science-based departments and agencies to make federal science publications openly accessible.;The Federal Open Science Repository of Canada (FOSRC) enables science-based departments and agencies to make federal science publications openly accessible.;ND;ND;ND;ND;ND;ND;ND;ND;free;primary;not_applicable;ND;ND;https://science-libraries.canada.ca/eng/federal-open-science-repository-of-canada/;ND;1;B;V2;200;V2: institution certifiée 3/3, URL ouverte anonymement, titre et contenu vérifiés automatiquement. V3 réservé à une validation plus forte.;f98ef368f2a887652a7883a730402673d68dd396d367482f369f1a24f1d4220e
386;DOC-BFCFD8FBE54FA4BAAE12;research;ND;Federal Science Libraries Network - Canada.ca;https://science-libraries.canada.ca/eng/home/;ND;Federal Science Libraries Network;Government of Canada. National Research Council Canada;Canada;North America;official_research_institution;ND;ND;2026-10-03T23:03:52.941Z;institutional_primary;en;The Federal Science Libraries Network provides Canada’s innovation community with tools and services to access NRC and other Canadian research to support their discovery, innovation and commercialization activities.;The Federal Science Libraries Network provides Canada’s innovation community with tools and services to access NRC and other Canadian research to support their discovery, innovation and commercialization activities.;ND;ND;ND;ND;ND;ND;ND;ND;free;primary;not_applicable;ND;ND;https://science-libraries.canada.ca/eng/home/;ND;1;B;V2;200;V2: institution certifiée 3/3, URL ouverte anonymement, titre et contenu vérifiés automatiquement. V3 réservé à une validation plus forte.;982f85e1c3aae80aa3d20aba95b79954ea05a016e12a20645791aabb1fad70b6
387;DOC-A6DB3611CF641FC33106;research;ND;Fisheries and Oceans Canada Library - Canada.ca;https://science-libraries.canada.ca/eng/fisheries-oceans/;ND;Federal Science Libraries Network;Government of Canada. Fisheries and Oceans Canada. Communications Branch;Canada;North America;official_research_institution;ND;ND;2026-10-03T23:03:52.943Z;institutional_primary;en;Member of the Federal Science Libraries Network, the Fisheries and Oceans Canada Library (DFO) provides a collection on fisheries management and waterway safety.;Member of the Federal Science Libraries Network, the Fisheries and Oceans Canada Library (DFO) provides a collection on fisheries management and waterway safety.;ND;ND;ND;ND;ND;ND;ND;ND;free;primary;not_applicable;ND;ND;https://science-libraries.canada.ca/eng/fisheries-oceans/;ND;1;B;V2;200;V2: institution certifiée 3/3, URL ouverte anonymement, titre et contenu vérifiés automatiquement. V3 réservé à une validation plus forte.;6e424d6d94165885c35092e19f8e423328264f0cb52d097b756a365bd34d3a98
388;DOC-1B304FB345A77B2CDA9E;research;ND;Health Canada Library - Canada.ca;https://science-libraries.canada.ca/eng/health/;ND;Federal Science Libraries Network;Government of Canada. Health Canada;Canada;North America;official_research_institution;ND;ND;2026-10-03T23:03:52.734Z;institutional_primary;en;Member of the Federal Science Libraries Network, Health Canada Library supports policy, research and regulatory activities of Health Canada.;Member of the Federal Science Libraries Network, Health Canada Library supports policy, research and regulatory activities of Health Canada.;ND;ND;ND;ND;ND;ND;ND;ND;free;primary;not_applicable;ND;ND;https://science-libraries.canada.ca/eng/health/;ND;2;B;V2;200;V2: institution certifiée 3/3, URL ouverte anonymement, titre et contenu vérifiés automatiquement. V3 réservé à une validation plus forte.;2471376fc1b1fc7838275b97fae2b77f3430bd5f66d508385175623a9a788882
389;DOC-D5FFA55E0A96927FDB0D;research;ND;National Science Library - Canada.ca;https://science-libraries.canada.ca/eng/national-science-library/;ND;Federal Science Libraries Network;Government of Canada. National Research Council Canada;Canada;North America;official_research_institution;ND;ND;2026-10-03T23:03:52.941Z;institutional_primary;en;Member of the Federal Science Libraries Network, the National Science Library (NSL) provides a collection on science, technology, engineering and health.;Member of the Federal Science Libraries Network, the National Science Library (NSL) provides a collection on science, technology, engineering and health.;ND;ND;ND;ND;ND;ND;ND;ND;free;primary;not_applicable;ND;ND;https://science-libraries.canada.ca/eng/national-science-library/;ND;1;B;V2;200;V2: institution certifiée 3/3, URL ouverte anonymement, titre et contenu vérifiés automatiquement. V3 réservé à une validation plus forte.;15646abdf839277aef3297b78d98c9c75a58e8a4595e5cf5a5646f0fe715f460
390;DOC-872DDDBF2F6C881D0E5B;research;ND;Natural Resources Canada Library - Canada.ca;https://science-libraries.canada.ca/eng/natural-resources/;ND;Federal Science Libraries Network;Government of Canada. Natural Resources Canada;Canada;North America;official_research_institution;ND;ND;2026-10-03T23:03:52.764Z;institutional_primary;en;Member of the Federal Science Libraries Network, Natural Resources Canada (NRCan) Library supports science, technology and policy work of Natural Resources Canada.;Member of the Federal Science Libraries Network, Natural Resources Canada (NRCan) Library supports science, technology and policy work of Natural Resources Canada.;ND;ND;ND;ND;ND;ND;ND;ND;free;primary;not_applicable;ND;ND;https://science-libraries.canada.ca/eng/natural-resources/;ND;2;B;V2;200;V2: institution certifiée 3/3, URL ouverte anonymement, titre et contenu vérifiés automatiquement. V3 réservé à une validation plus forte.;b508098154da9ee56bdf7be13062f0975b9bc919288ae8226660edcca11fcc89
391;DOC-4063FD490703FD069C0D;research;ND;Public Health Agency of Canada Library - Canada.ca;https://science-libraries.canada.ca/eng/public-health/;ND;Federal Science Libraries Network;Government of Canada. Public Health Agency of Canada;Canada;North America;official_research_institution;ND;ND;2026-10-03T23:03:52.851Z;institutional_primary;en;Member of the Federal Science Libraries Network, Public Health Agency of Canada Library supports policy, research and regulatory activities of Public Health Agency of Canada.;Member of the Federal Science Libraries Network, Public Health Agency of Canada Library supports policy, research and regulatory activities of Public Health Agency of Canada.;ND;ND;ND;ND;ND;ND;ND;ND;free;primary;not_applicable;ND;ND;https://science-libraries.canada.ca/eng/public-health/;ND;2;B;V2;200;V2: institution certifiée 3/3, URL ouverte anonymement, titre et contenu vérifiés automatiquement. V3 réservé à une validation plus forte.;b7c2bdc9e63753c84690a75aac3e39b116e49ffced9fcbac0119a801f5f3a598
392;DOC-07F671FBAECBA9171F07;research;ND;Publications du MPO - Canada.ca;https://science-libraries.canada.ca/fra/peches-oceans/publications/;ND;Federal Science Libraries Network;Gouvernement du Canada. Pêches et Océans Canada. Direction générale des communications;Canada;North America;official_research_institution;ND;ND;2026-10-03T23:03:52.852Z;institutional_primary;en;"Pour voir tous les rapports publi&eacute;s dans une s&eacute;rie, cliquez sur les liens ci-dessous. Les rapports, publi&eacute;s en fran&ccedil;ais ou en anglais, seront extraits du catalogue du Réseau des bibliothèques scientifiques fédérales (RBSF) et affich&eacute;s dans l'outil de d&eacute;couverte Summon. Les plus r&eacute;cents rapports seront affich&eacute;s au d&eacute;but de la liste.";"Pour voir tous les rapports publi&eacute;s dans une s&eacute;rie, cliquez sur les liens ci-dessous. Les rapports, publi&eacute;s en fran&ccedil;ais ou en anglais, seront extraits du catalogue du Réseau des bibliothèques scientifiques fédérales (RBSF) et affich&eacute;s dans l'outil de d&eacute;couverte Summon. Les plus r&eacute;cents rapports seront affich&eacute;s au d&eacute;but de la liste.";ND;ND;ND;ND;ND;ND;ND;ND;free;primary;not_applicable;ND;ND;https://science-libraries.canada.ca/fra/peches-oceans/publications/;ND;2;B;V2;200;V2: institution certifiée 3/3, URL ouverte anonymement, titre et contenu vérifiés automatiquement. V3 réservé à une validation plus forte.;bb52d5a1fb55425fc45b102b4817444bd4cecc7e080fbe6aab00cc4cc6bd2f9f
393;DOC-D45D499DD50F8FFAD1F6;research;ND;Remote access for NRC (employees and authorized users only) - Canada.ca;https://science-libraries.canada.ca/eng/national-science-library/remote-access/;ND;Federal Science Libraries Network;Government of Canada. National Research Council Canada;Canada;North America;official_research_institution;ND;ND;2026-10-03T23:03:53.025Z;institutional_primary;en;Instructions to NRC employees on how to access restricted resources licensed by National Science Library.;Instructions to NRC employees on how to access restricted resources licensed by National Science Library.;ND;ND;ND;ND;ND;ND;ND;ND;free;primary;not_applicable;ND;ND;https://science-libraries.canada.ca/eng/national-science-library/remote-access/;ND;1;B;V2;200;V2: institution certifiée 3/3, URL ouverte anonymement, titre et contenu vérifiés automatiquement. V3 réservé à une validation plus forte.;be92202c6f1fd19f595e5a003bd85171184e7c4c9344c240db3e57142361f86a
394;DOC-26CFD3DE9EE59F351601;research;ND;Shared print program - Canada.ca;https://science-libraries.canada.ca/eng/shared-print-program/;ND;Federal Science Libraries Network;Government of Canada. National Research Council Canada;Canada;North America;official_research_institution;ND;ND;2026-10-03T23:03:52.852Z;institutional_primary;en;The Federal Science Libraries Network Shared Print Program focuses on the shared monograph collections of its partner libraries.;The Federal Science Libraries Network Shared Print Program focuses on the shared monograph collections of its partner libraries.;ND;ND;ND;ND;ND;ND;ND;ND;free;primary;not_applicable;ND;ND;https://science-libraries.canada.ca/eng/shared-print-program/;ND;2;B;V2;200;V2: institution certifiée 3/3, URL ouverte anonymement, titre et contenu vérifiés automatiquement. V3 réservé à une validation plus forte.;a274b9da8272c8c906567314ba11dca917b6d80600a3c1996436dba363918749
395;DOC-CC02A673E783DA8F469D;research;ND;Indigenous programs and services;https://www.dfo-mpo.gc.ca/indigenous-autochtones/index-eng.html;ND;Fisheries and Oceans Canada;ND;Canada;North America;official_research_institution;ND;ND;2026-10-03T23:03:52.863Z;institutional_primary;en;Programs supporting fishing by Indigenous peoples, fishing agreements, funding for commercial fisheries development.;Programs supporting fishing by Indigenous peoples, fishing agreements, funding for commercial fisheries development.;ND;ND;ND;ND;ND;ND;ND;ND;free;primary;not_applicable;ND;ND;https://www.dfo-mpo.gc.ca/indigenous-autochtones/index-eng.html;ND;1;B;V2;200;V2: institution certifiée 3/3, URL ouverte anonymement, titre et contenu vérifiés automatiquement. V3 réservé à une validation plus forte.;38fcb63022fe4410c158db976a51b21e0a5cd67f9c7b727dd9b49ccf67fcf6bc
396;DOC-6353FFE0A4921239B3A9;research;ND;Projects near water;https://www.dfo-mpo.gc.ca/pnw-ppe/index-eng.html;ND;Fisheries and Oceans Canada;ND;Canada;North America;official_research_institution;ND;ND;2026-10-03T23:03:52.864Z;institutional_primary;en;Protecting fish and fish habitat, standards and codes of practice, project review, authorizations for working in or near water.;Protecting fish and fish habitat, standards and codes of practice, project review, authorizations for working in or near water.;ND;ND;ND;ND;ND;ND;ND;ND;free;primary;not_applicable;ND;ND;https://www.dfo-mpo.gc.ca/pnw-ppe/index-eng.html;ND;1;B;V2;200;V2: institution certifiée 3/3, URL ouverte anonymement, titre et contenu vérifiés automatiquement. V3 réservé à une validation plus forte.;428c7d19c37b17ece0a573dab9e70d1f03469ae02d31ca2db687da4a9b223487
397;DOC-B72847D7CBB6F696EC59;research;ND;Science;https://www.dfo-mpo.gc.ca/science/index-eng.htm;ND;Fisheries and Oceans Canada;ND;Canada;North America;official_research_institution;ND;ND;2026-10-03T23:03:53.141Z;institutional_primary;en;Science data, advice, and research about aquatic environments, fish, marine mammals, climate change, hydrography.;Science data, advice, and research about aquatic environments, fish, marine mammals, climate change, hydrography.;ND;ND;ND;ND;ND;ND;ND;ND;free;primary;not_applicable;ND;ND;https://www.dfo-mpo.gc.ca/science/index-eng.htm;ND;1;B;V2;200;V2: institution certifiée 3/3, URL ouverte anonymement, titre et contenu vérifiés automatiquement. V3 réservé à une validation plus forte.;1100e17d3860c459226c1a5953a280d396eaf723ebcfecc1eeffa89919f38c44
398;DOC-B80FDEFA865C864DD0CB;research;ND;About the Disruptive Technology Solutions for Cell and Gene Therapy Challenge program - National Research Council Canada;https://nrc.canada.ca/en/research-development/research-collaboration/programs/about-disruptive-technology-solutions-cell-gene-therapy-challenge-program;ND;National Research Council Canada;ND;Canada;North America;official_research_institution;ND;ND;2026-10-03T23:05:16.423Z;institutional_primary;en;Hosted via the NRC's Human Health Therapeutics Research Centre , the Disruptive Technology Solutions for Cell and Gene Therapy Challenge program will design and develop disruptive technology solutions for precision-engineered cell and gene therapies for the treatment and potential cure of chronic diseases and rare genetic disorders affecting Canadians.;Hosted via the NRC's Human Health Therapeutics Research Centre , the Disruptive Technology Solutions for Cell and Gene Therapy Challenge program will design and develop disruptive technology solutions for precision-engineered cell and gene therapies for the treatment and potential cure of chronic diseases and rare genetic disorders affecting Canadians.;ND;ND;ND;ND;ND;ND;ND;ND;free;primary;not_applicable;ND;ND;https://nrc.canada.ca/en/research-development/research-collaboration/programs/about-disruptive-technology-solutions-cell-gene-therapy-challenge-program;ND;4;B;V2;200;V2: institution certifiée 3/3, URL ouverte anonymement, titre et contenu vérifiés automatiquement. V3 réservé à une validation plus forte.;e77465eaf572ce6d20d678c43fdfd6fbb340310581afa48d1b10275f41613ea4
399;DOC-1BF9266B6B0D6536035B;research;ND;About the NRC Industrial Research Assistance Program - National Research Council Canada;https://nrc.canada.ca/en/support-technology-innovation/about-nrc-industrial-research-assistance-program;ND;National Research Council Canada;ND;Canada;North America;official_research_institution;ND;ND;2026-10-03T23:05:13.649Z;institutional_primary;en;"The National Research Council-Industrial Research Assistance Program (NRC-IRAP) is Canada&#039;s premier innovation assistance program for small and medium-sized enterprises (SMEs). It is a vital component of the NRC, a cornerstone in Canada&#039;s innovation system, regarded world-wide as one of the best programs of its kind.";"The National Research Council-Industrial Research Assistance Program (NRC-IRAP) is Canada&#039;s premier innovation assistance program for small and medium-sized enterprises (SMEs). It is a vital component of the NRC, a cornerstone in Canada&#039;s innovation system, regarded world-wide as one of the best programs of its kind.";ND;ND;ND;ND;ND;ND;ND;ND;free;primary;not_applicable;ND;ND;https://nrc.canada.ca/en/support-technology-innovation/about-nrc-industrial-research-assistance-program;ND;5;B;V2;200;V2: institution certifiée 3/3, URL ouverte anonymement, titre et contenu vérifiés automatiquement. V3 réservé à une validation plus forte.;461ef0cf02f5fd16a8e22b54d295e35736ca81b8118a03b5b006e7b0bbc70278
400;DOC-4C6049841E059EEBFB3C;research;ND;Aging in Place: Technology and Innovation – Program plan - National Research Council Canada;https://nrc.canada.ca/en/research-development/research-collaboration/programs/aging-place-technology-innovation-proposed-program-plan;ND;National Research Council Canada;ND;Canada;North America;official_research_institution;ND;ND;2026-10-03T23:05:14.720Z;institutional_primary;en;According to Statistics Canada's projections , the Canadian population aged 65 and older could represent 25% of Canada's population in 2051. It is also now well recognized that nearly all older adults in Canada would prefer to age in place.;According to Statistics Canada's projections , the Canadian population aged 65 and older could represent 25% of Canada's population in 2051. It is also now well recognized that nearly all older adults in Canada would prefer to age in place.;ND;ND;ND;ND;ND;ND;ND;ND;free;primary;not_applicable;ND;ND;https://nrc.canada.ca/en/research-development/research-collaboration/programs/aging-place-technology-innovation-proposed-program-plan;ND;5;B;V2;200;V2: institution certifiée 3/3, URL ouverte anonymement, titre et contenu vérifiés automatiquement. V3 réservé à une validation plus forte.;f0a12ee20f4085be7aa1ba66bfd206b95aa4669ce9a3314562214f8640ade625
401;DOC-213A5BC88430C0E5B361;research;ND;Bioenergy technology innovation - National Research Council Canada;https://nrc.canada.ca/en/research-development/nrc-facilities/bioenergy-technology-innovation;ND;National Research Council Canada;ND;Canada;North America;official_research_institution;ND;ND;2026-10-03T23:05:14.242Z;institutional_primary;en;Let the NRC help you solve your biofuel combustion challenges for gas turbines. Our research facilities will help you develop the next generation of technologies for enhancing fuel flexibility, lowering emissions and improving operability, using an extensive range of test methods and equipment for fuel atomization and combustion. Take a virtual tour of the gas turbine research facilities to see how they could help your organization.;Let the NRC help you solve your biofuel combustion challenges for gas turbines. Our research facilities will help you develop the next generation of technologies for enhancing fuel flexibility, lowering emissions and improving operability, using an extensive range of test methods and equipment for fuel atomization and combustion. Take a virtual tour of the gas turbine research facilities to see how they could help your organization.;ND;ND;ND;ND;ND;ND;ND;ND;free;primary;not_applicable;ND;ND;https://nrc.canada.ca/en/research-development/nrc-facilities/bioenergy-technology-innovation;ND;5;B;V2;200;V2: institution certifiée 3/3, URL ouverte anonymement, titre et contenu vérifiés automatiquement. V3 réservé à une validation plus forte.;6734944693ef08d95d00fa639829ef8adc4e5b5c318fdd46617e40886e49fff5
402;DOC-B5918B0F9B51ED2CD2E8;research;ND;Fact sheet: Indigenous languages technology project - National Research Council Canada;https://nrc.canada.ca/en/research-development/research-collaboration/programs/fact-sheet-indigenous-languages-technology-project;ND;National Research Council Canada;ND;Canada;North America;official_research_institution;ND;ND;2026-10-03T23:05:14.929Z;institutional_primary;en;This page contains characters that might not be recognized by a screen reader. Please note that for the following content all efforts have been made to render the information on this page accessible in accordance with the Web Content Accessibility Guidelines (WCAG) . These efforts also include meeting the language requirements under the Official Languages Act as well as all available and supported HTML languages under the World Wide Web Consortium (W3C) 's references.;This page contains characters that might not be recognized by a screen reader. Please note that for the following content all efforts have been made to render the information on this page accessible in accordance with the Web Content Accessibility Guidelines (WCAG) . These efforts also include meeting the language requirements under the Official Languages Act as well as all available and supported HTML languages under the World Wide Web Consortium (W3C) 's references.;ND;ND;ND;ND;ND;ND;ND;ND;free;primary;not_applicable;ND;ND;https://nrc.canada.ca/en/research-development/research-collaboration/programs/fact-sheet-indigenous-languages-technology-project;ND;5;B;V2;200;V2: institution certifiée 3/3, URL ouverte anonymement, titre et contenu vérifiés automatiquement. V3 réservé à une validation plus forte.;0da31d700bdb59dc83f77b885e2c18ea0d772c02a5fa2ff9d873282840c68b4b
403;DOC-2A458419CE48EA8F4A2C;research;ND;Getting involved - Disruptive Technology Solutions for Cell and Gene Therapy Challenge program - National Research Council Canada;https://nrc.canada.ca/en/research-development/research-collaboration/programs/getting-involved-disruptive-technology-solutions-cell-gene-therapy-challenge-program;ND;National Research Council Canada;ND;Canada;North America;official_research_institution;ND;ND;2026-10-03T23:05:16.293Z;institutional_primary;en;The Disruptive Technology Solutions for Cell and Gene Therapy Challenge program is seeking collaborators with research interests, expertise, specialized capacity or technologies who have the potential to accelerate and transform innovation in cell and gene therapy approaches. We invite you to tell us about your area of expertise and your interest in collaborating with the program. Current collaborative opportunities are open in the following master project areas:;The Disruptive Technology Solutions for Cell and Gene Therapy Challenge program is seeking collaborators with research interests, expertise, specialized capacity or technologies who have the potential to accelerate and transform innovation in cell and gene therapy approaches. We invite you to tell us about your area of expertise and your interest in collaborating with the program. Current collaborative opportunities are open in the following master project areas:;ND;ND;ND;ND;ND;ND;ND;ND;free;primary;not_applicable;ND;ND;https://nrc.canada.ca/en/research-development/research-collaboration/programs/getting-involved-disruptive-technology-solutions-cell-gene-therapy-challenge-program;ND;4;B;V2;200;V2: institution certifiée 3/3, URL ouverte anonymement, titre et contenu vérifiés automatiquement. V3 réservé à une validation plus forte.;72c9d11d1735083d38c98a37f2ed959a4a2beebf99f448ce297ce668f88a0cf4
404;DOC-5BF131C2ED87F5A2E2B8;research;ND;Materials for Clean Fuels Challenge program publications - National Research Council Canada;https://nrc.canada.ca/en/research-development/research-collaboration/programs/materials-clean-fuels-challenge-program-publications;ND;National Research Council Canada;ND;Canada;North America;official_research_institution;ND;ND;2026-10-03T23:05:16.295Z;institutional_primary;en;List of the relevant publications for the Materials for Clean Fuels Challenge program .;List of the relevant publications for the Materials for Clean Fuels Challenge program .;ND;ND;ND;ND;ND;ND;ND;ND;free;primary;not_applicable;ND;ND;https://nrc.canada.ca/en/research-development/research-collaboration/programs/materials-clean-fuels-challenge-program-publications;ND;4;B;V2;200;V2: institution certifiée 3/3, URL ouverte anonymement, titre et contenu vérifiés automatiquement. V3 réservé à une validation plus forte.;9c918c41ad0bd7e373368a76bdb6009366118826ba5dc61b6b68b1ba686e6e08
405;DOC-50B3A240381056068F78;research;ND;Nanotechnology Initiative – Frequently asked questions - National Research Council Canada;https://nrc.canada.ca/en/research-development/research-collaboration/programs/nanotechnology-initiative-frequently-asked-questions;ND;National Research Council Canada;ND;Canada;North America;official_research_institution;ND;ND;2026-10-03T23:05:16.194Z;institutional_primary;en;The Nanotechnology Initiative (NI) is a formal, bilateral research collaboration between the National Research Council of Canada (NRC) and the University of Alberta, with the goal of mutual benefits gained through cooperation in the area of nanotechnology research.;The Nanotechnology Initiative (NI) is a formal, bilateral research collaboration between the National Research Council of Canada (NRC) and the University of Alberta, with the goal of mutual benefits gained through cooperation in the area of nanotechnology research.;ND;ND;ND;ND;ND;ND;ND;ND;free;primary;not_applicable;ND;ND;https://nrc.canada.ca/en/research-development/research-collaboration/programs/nanotechnology-initiative-frequently-asked-questions;ND;4;B;V2;200;V2: institution certifiée 3/3, URL ouverte anonymement, titre et contenu vérifiés automatiquement. V3 réservé à une validation plus forte.;aea7cc6d60baf8c48e71557f264ecb8bfb73d548f74d08db023b5cf931f6093d
406;DOC-52849EBE52D5708051B7;research;ND;Ocean program – Bio assets technology theme - National Research Council Canada;https://nrc.canada.ca/en/research-development/research-collaboration/programs/ocean-program-bio-assets-technology-theme;ND;National Research Council Canada;ND;Canada;North America;official_research_institution;ND;ND;2026-10-03T23:05:16.622Z;institutional_primary;en;The ocean represents an enormous Canadian and global resource. The need for bio-sensing solutions to monitor the health of the ocean ecosystem, particularly around industrial sites, is becoming prevalent due to the intensification of economic exploitation of the marine environment.;The ocean represents an enormous Canadian and global resource. The need for bio-sensing solutions to monitor the health of the ocean ecosystem, particularly around industrial sites, is becoming prevalent due to the intensification of economic exploitation of the marine environment.;ND;ND;ND;ND;ND;ND;ND;ND;free;primary;not_applicable;ND;ND;https://nrc.canada.ca/en/research-development/research-collaboration/programs/ocean-program-bio-assets-technology-theme;ND;4;B;V2;200;V2: institution certifiée 3/3, URL ouverte anonymement, titre et contenu vérifiés automatiquement. V3 réservé à une validation plus forte.;c57bf647166650ebcaa1a7803d3008fec6553136215b7b263c49cde8e13f1638
407;DOC-CAF7C7012FDBA38AE7A4;research;ND;Ocean program – Coastal resilience technology theme - National Research Council Canada;https://nrc.canada.ca/en/research-development/research-collaboration/programs/ocean-program-coastal-resilience-technology-theme;ND;National Research Council Canada;ND;Canada;North America;official_research_institution;ND;ND;2026-10-03T23:05:16.594Z;institutional_primary;en;Within the NRC Ocean program, the goal of the coastal resilience technology theme is to support the development of technologies to mitigate the impacts of weather extremes and climate change on Canada's shorelines, rivers, waterfront communities and industries.;Within the NRC Ocean program, the goal of the coastal resilience technology theme is to support the development of technologies to mitigate the impacts of weather extremes and climate change on Canada's shorelines, rivers, waterfront communities and industries.;ND;ND;ND;ND;ND;ND;ND;ND;free;primary;not_applicable;ND;ND;https://nrc.canada.ca/en/research-development/research-collaboration/programs/ocean-program-coastal-resilience-technology-theme;ND;4;B;V2;200;V2: institution certifiée 3/3, URL ouverte anonymement, titre et contenu vérifiés automatiquement. V3 réservé à une validation plus forte.;4e06955481e6d03d2dd75a89e788b039a0da17cd66fafc2660990c77b03505fd
408;DOC-4524B0111B02E39AFC4E;research;ND;Ocean program – Intelligent marine assets technology theme - National Research Council Canada;https://nrc.canada.ca/en/research-development/research-collaboration/programs/ocean-program-intelligent-marine-assets-technology-theme;ND;National Research Council Canada;ND;Canada;North America;official_research_institution;ND;ND;2026-10-03T23:05:18.130Z;institutional_primary;en;The intelligent marine assets technology theme within the NRC's Ocean program is to support the development of technologies to improve the performance of physical assets within Canada's waterways. Priority is given to the shipping and renewable energy sectors.;The intelligent marine assets technology theme within the NRC's Ocean program is to support the development of technologies to improve the performance of physical assets within Canada's waterways. Priority is given to the shipping and renewable energy sectors.;ND;ND;ND;ND;ND;ND;ND;ND;free;primary;not_applicable;ND;ND;https://nrc.canada.ca/en/research-development/research-collaboration/programs/ocean-program-intelligent-marine-assets-technology-theme;ND;4;B;V2;200;V2: institution certifiée 3/3, URL ouverte anonymement, titre et contenu vérifiés automatiquement. V3 réservé à une validation plus forte.;24a2a3d6da30b57d816629fffc08b28904c5e7925aa0261bcb754b682bb78fe1
409;DOC-DE66CFD8437DC6DEC095;research;ND;Ocean program – Pollution remediation technology theme - National Research Council Canada;https://nrc.canada.ca/en/research-development/research-collaboration/programs/ocean-program-pollution-remediation-technology-theme;ND;National Research Council Canada;ND;Canada;North America;official_research_institution;ND;ND;2026-10-03T23:05:18.087Z;institutional_primary;en;The NRC Ocean program supports the development of technologies to remove ocean pollutants, while creating incentives for related organizations.;The NRC Ocean program supports the development of technologies to remove ocean pollutants, while creating incentives for related organizations.;ND;ND;ND;ND;ND;ND;ND;ND;free;primary;not_applicable;ND;ND;https://nrc.canada.ca/en/research-development/research-collaboration/programs/ocean-program-pollution-remediation-technology-theme;ND;4;B;V2;200;V2: institution certifiée 3/3, URL ouverte anonymement, titre et contenu vérifiés automatiquement. V3 réservé à une validation plus forte.;c719de3b8c85edb0e4edd3cda69177361a4fd9aeee043e5b286ab49a26e1896b
410;DOC-08FA9A3333128DE5C25E;research;ND;Outreach Initiative grants and contributions program - National Research Council Canada;https://nrc.canada.ca/en/support-technology-innovation/outreach-initiative-grants-contributions-program;ND;National Research Council Canada;ND;Canada;North America;official_research_institution;ND;ND;2026-10-03T23:05:16.809Z;institutional_primary;en;The NRC's Outreach Initiative provides grant funding to support non-profit organizations or charities for a variety of science- or innovation-based initiatives or projects.;The NRC's Outreach Initiative provides grant funding to support non-profit organizations or charities for a variety of science- or innovation-based initiatives or projects.;ND;ND;ND;ND;ND;ND;ND;ND;free;primary;not_applicable;ND;ND;https://nrc.canada.ca/en/support-technology-innovation/outreach-initiative-grants-contributions-program;ND;4;B;V2;200;V2: institution certifiée 3/3, URL ouverte anonymement, titre et contenu vérifiés automatiquement. V3 réservé à une validation plus forte.;58adf0d13cc7f0ec8673b5c6a3d2ade5474aa4b163548193f076dcd9ca365a31
411;DOC-2A296C3FDF100C7BD333;research;ND;Subscribe for updates – Health Challenge: Disruptive Technology Solutions for Cell and Gene Therapy - National Research Council Canada;https://nrc.canada.ca/en/research-development/research-collaboration/programs/subscribe-updates-health-challenge-disruptive-technology-solutions-cell-gene-therapy;ND;National Research Council Canada;ND;Canada;North America;official_research_institution;ND;ND;2026-10-03T23:05:14.844Z;institutional_primary;en;Please fill in the form below to receive updates related to the NRC’s Health Challenge Program in Disruptive Technology Solutions for Cell and Gene Therapy, which will be shared as they become available.;Please fill in the form below to receive updates related to the NRC’s Health Challenge Program in Disruptive Technology Solutions for Cell and Gene Therapy, which will be shared as they become available.;ND;ND;ND;ND;ND;ND;ND;ND;free;primary;not_applicable;ND;ND;https://nrc.canada.ca/en/research-development/research-collaboration/programs/subscribe-updates-health-challenge-disruptive-technology-solutions-cell-gene-therapy;ND;5;B;V2;200;V2: institution certifiée 3/3, URL ouverte anonymement, titre et contenu vérifiés automatiquement. V3 réservé à une validation plus forte.;fa8a790b5e02ebaaea69b3fb58fbffc6a4b27b97de25138069764daebd009739
412;DOC-4B253E12B26C378CB2A5;research;ND;Support for technology innovation - National Research Council Canada;https://nrc.canada.ca/en/support-technology-innovation;ND;National Research Council Canada;ND;Canada;North America;official_research_institution;ND;ND;2026-10-03T23:05:13.644Z;institutional_primary;en;On December 19, 2023, the Government of Canada announced that the full implementation of the Canada Innovation Corporation will take place no later than 2026-27.;On December 19, 2023, the Government of Canada announced that the full implementation of the Canada Innovation Corporation will take place no later than 2026-27.;ND;ND;ND;ND;ND;ND;ND;ND;free;primary;not_applicable;ND;ND;https://nrc.canada.ca/en/support-technology-innovation;ND;5;B;V2;200;V2: institution certifiée 3/3, URL ouverte anonymement, titre et contenu vérifiés automatiquement. V3 réservé à une validation plus forte.;c9d2f2208a0a1b00e0199a17b909934a23afc74573d19d9bde5b1217dd425f43
413;DOC-5E2A23CD0243CC253D7F;research;ND;Carbon Capture, Utilization, and Storage (CCUS) Front-End Engineering and Design (FEED) Call for Proposals - Natural Resources Canada;https://natural-resources.canada.ca/funding-partnerships/energy-innovation-program/carbon-capture-front-end-engineering-design;ND;Natural Resources Canada;ND;Canada;North America;official_research_institution;ND;ND;2026-10-03T23:05:33.376Z;institutional_primary;en;Funding opportunity to support FEED studies for advanced CCUS projects in Canada;Funding opportunity to support FEED studies for advanced CCUS projects in Canada;ND;ND;ND;ND;ND;ND;ND;ND;free;primary;not_applicable;ND;ND;https://natural-resources.canada.ca/funding-partnerships/energy-innovation-program/carbon-capture-front-end-engineering-design;ND;5;B;V2;200;V2: institution certifiée 3/3, URL ouverte anonymement, titre et contenu vérifiés automatiquement. V3 réservé à une validation plus forte.;798470762deea701d2e28765c0f5a23c38633fe9dfc7f691a3f31a860d103bef
414;DOC-31E88F15C921964316EA;research;ND;Annual Reports;https://www.nce-rce.gc.ca/ReportsPublications-RapportsPublications/AnnualReports-RapportsAnnuels_eng.asp;ND;Networks of centres of excellence;ND;Canada;North America;official_research_institution;ND;ND;2026-10-03T23:05:33.315Z;institutional_primary;en;Networks of Centres of Excellence are unique partnerships among universities, industry, government and non-governmental organizations aimed at turning Canadian research and entrepreneurial talent into economic and social benefits for all Canadians.;Networks of Centres of Excellence are unique partnerships among universities, industry, government and non-governmental organizations aimed at turning Canadian research and entrepreneurial talent into economic and social benefits for all Canadians.;ND;ND;ND;ND;ND;ND;ND;ND;free;primary;not_applicable;ND;ND;https://www.nce-rce.gc.ca/ReportsPublications-RapportsPublications/AnnualReports-RapportsAnnuels_eng.asp;ND;2;B;V2;200;V2: institution certifiée 3/3, URL ouverte anonymement, titre et contenu vérifiés automatiquement. V3 réservé à une validation plus forte.;4727cfe6a2aef306eb3296a6c32199cb2d12457638aa6fc80dd2b0fc050bef9b
415;DOC-E01029D76B0F613202DC;research;ND;Applicant Resources;https://www.nce-rce.gc.ca/Competitions-Competitions/ApplicantResources-RessourcesCandidats_eng.asp;ND;Networks of centres of excellence;ND;Canada;North America;official_research_institution;ND;ND;2026-10-03T23:05:33.543Z;institutional_primary;en;Networks of Centres of Excellence are unique partnerships among universities, industry, government and non-governmental organizations aimed at turning Canadian research and entrepreneurial talent into economic and social benefits for all Canadians.;Networks of Centres of Excellence are unique partnerships among universities, industry, government and non-governmental organizations aimed at turning Canadian research and entrepreneurial talent into economic and social benefits for all Canadians.;ND;ND;ND;ND;ND;ND;ND;ND;free;primary;not_applicable;ND;ND;https://www.nce-rce.gc.ca/Competitions-Competitions/ApplicantResources-RessourcesCandidats_eng.asp;ND;1;B;V2;200;V2: institution certifiée 3/3, URL ouverte anonymement, titre et contenu vérifiés automatiquement. V3 réservé à une validation plus forte.;0b44840d87375b2b75d126fb246424c5818d9f1bbbd33714c7c17bd8388f6c72
416;DOC-B89172668D91E9B77E9D;research;ND;Business-Led Networks of Centres of Excellence program;https://www.nce-rce.gc.ca/Programs-Programmes/BLNCE-RCEE/Index_eng.asp;ND;Networks of centres of excellence;ND;Canada;North America;official_research_institution;ND;ND;2026-10-03T23:05:33.231Z;institutional_primary;en;Networks of Centres of Excellence are unique partnerships among universities, industry, government and non-governmental organizations aimed at turning Canadian research and entrepreneurial talent into economic and social benefits for all Canadians.;Networks of Centres of Excellence are unique partnerships among universities, industry, government and non-governmental organizations aimed at turning Canadian research and entrepreneurial talent into economic and social benefits for all Canadians.;ND;ND;ND;ND;ND;ND;ND;ND;free;primary;not_applicable;ND;ND;https://www.nce-rce.gc.ca/Programs-Programmes/BLNCE-RCEE/Index_eng.asp;ND;2;B;V2;200;V2: institution certifiée 3/3, URL ouverte anonymement, titre et contenu vérifiés automatiquement. V3 réservé à une validation plus forte.;117d04db0671f48cb651c71fa6c10b928b5683ef47279400578b5e668afbe4f8
417;DOC-6E7E6597CABD101CEBD0;research;ND;Canada-India Research Centre of Excellence (CIRCE) initiative;https://www.nce-rce.gc.ca/Programs-Programmes/CIRCE-CERCI/Index_eng.asp;ND;Networks of centres of excellence;ND;Canada;North America;official_research_institution;ND;ND;2026-10-03T23:05:33.114Z;institutional_primary;en;Networks of Centres of Excellence are unique partnerships among universities, industry, government and non-governmental organizations aimed at turning Canadian research and entrepreneurial talent into economic and social benefits for all Canadians.;Networks of Centres of Excellence are unique partnerships among universities, industry, government and non-governmental organizations aimed at turning Canadian research and entrepreneurial talent into economic and social benefits for all Canadians.;ND;ND;ND;ND;ND;ND;ND;ND;free;primary;not_applicable;ND;ND;https://www.nce-rce.gc.ca/Programs-Programmes/CIRCE-CERCI/Index_eng.asp;ND;3;B;V2;200;V2: institution certifiée 3/3, URL ouverte anonymement, titre et contenu vérifiés automatiquement. V3 réservé à une validation plus forte.;037e8b7a2332f598437ceea9f32d9a2b756eee00e263b7d0a64d36b5db5370ec
418;DOC-589524CCABA782465F48;research;ND;Centres of Excellence for Commercialization and Research program;https://www.nce-rce.gc.ca/Programs-Programmes/CECR-CECR/Index_eng.asp;ND;Networks of centres of excellence;ND;Canada;North America;official_research_institution;ND;ND;2026-10-03T23:05:33.114Z;institutional_primary;en;Networks of Centres of Excellence are unique partnerships among universities, industry, government and non-governmental organizations aimed at turning Canadian research and entrepreneurial talent into economic and social benefits for all Canadians.;Networks of Centres of Excellence are unique partnerships among universities, industry, government and non-governmental organizations aimed at turning Canadian research and entrepreneurial talent into economic and social benefits for all Canadians.;ND;ND;ND;ND;ND;ND;ND;ND;free;primary;not_applicable;ND;ND;https://www.nce-rce.gc.ca/Programs-Programmes/CECR-CECR/Index_eng.asp;ND;3;B;V2;200;V2: institution certifiée 3/3, URL ouverte anonymement, titre et contenu vérifiés automatiquement. V3 réservé à une validation plus forte.;d3cd5d991ba1869c7b9bf8007966dc370a5f6e3a337dca65d95f8605ff7b048b
419;DOC-0DF71482B1054F7A28EA;research;ND;Innovation Impacts;https://www.nce-rce.gc.ca/Research-Recherche/Index_eng.asp;ND;Networks of centres of excellence;ND;Canada;North America;official_research_institution;ND;ND;2026-10-03T23:05:33.341Z;institutional_primary;en;Networks of Centres of Excellence are unique partnerships among universities, industry, government and non-governmental organizations aimed at turning Canadian research and entrepreneurial talent into economic and social benefits for all Canadians.;Networks of Centres of Excellence are unique partnerships among universities, industry, government and non-governmental organizations aimed at turning Canadian research and entrepreneurial talent into economic and social benefits for all Canadians.;ND;ND;ND;ND;ND;ND;ND;ND;free;primary;not_applicable;ND;ND;https://www.nce-rce.gc.ca/Research-Recherche/Index_eng.asp;ND;2;B;V2;200;V2: institution certifiée 3/3, URL ouverte anonymement, titre et contenu vérifiés automatiquement. V3 réservé à une validation plus forte.;3734fb00e60536843223b94503e596ad7faacfa60a21dfcdc21814d50315c56f
420;DOC-9B3450CC6CE3E85C5ABE;research;ND;International Knowledge Translation Platform (NCE-IKTP) initiative;https://www.nce-rce.gc.ca/Programs-Programmes/NCEIKTP-SITCRCE/Index_eng.asp;ND;Networks of centres of excellence;ND;Canada;North America;official_research_institution;ND;ND;2026-10-03T23:05:33.230Z;institutional_primary;en;Networks of Centres of Excellence are unique partnerships among universities, industry, government and non-governmental organizations aimed at turning Canadian research and entrepreneurial talent into economic and social benefits for all Canadians.;Networks of Centres of Excellence are unique partnerships among universities, industry, government and non-governmental organizations aimed at turning Canadian research and entrepreneurial talent into economic and social benefits for all Canadians.;ND;ND;ND;ND;ND;ND;ND;ND;free;primary;not_applicable;ND;ND;https://www.nce-rce.gc.ca/Programs-Programmes/NCEIKTP-SITCRCE/Index_eng.asp;ND;3;B;V2;200;V2: institution certifiée 3/3, URL ouverte anonymement, titre et contenu vérifiés automatiquement. V3 réservé à une validation plus forte.;0b5d9c9700af5df9d5f0a4b7328e4e832fd326dff5b1647906e500fa9ab44e82
421;DOC-E51CEE1FED31512694D7;research;ND;Knowledge Mobilization Initiative;https://www.nce-rce.gc.ca/Programs-Programmes/NCEKM-RCEMC/Index_eng.asp;ND;Networks of centres of excellence;ND;Canada;North America;official_research_institution;ND;ND;2026-10-03T23:05:33.231Z;institutional_primary;en;Networks of Centres of Excellence are unique partnerships among universities, industry, government and non-governmental organizations aimed at turning Canadian research and entrepreneurial talent into economic and social benefits for all Canadians.;Networks of Centres of Excellence are unique partnerships among universities, industry, government and non-governmental organizations aimed at turning Canadian research and entrepreneurial talent into economic and social benefits for all Canadians.;ND;ND;ND;ND;ND;ND;ND;ND;free;primary;not_applicable;ND;ND;https://www.nce-rce.gc.ca/Programs-Programmes/NCEKM-RCEMC/Index_eng.asp;ND;3;B;V2;200;V2: institution certifiée 3/3, URL ouverte anonymement, titre et contenu vérifiés automatiquement. V3 réservé à une validation plus forte.;0e983268c7131f5007d88ae18910129ab3fd4fdac3e8883659ecb5826ef34900
422;DOC-102B4CAC5FD1EDBBE02C;research;ND;NCE Programs Overview;https://www.nce-rce.gc.ca/Programs-Programmes/Index_eng.asp;ND;Networks of centres of excellence;ND;Canada;North America;official_research_institution;ND;ND;2026-10-03T23:05:33.321Z;institutional_primary;en;Networks of Centres of Excellence are unique partnerships among universities, industry, government and non-governmental organizations aimed at turning Canadian research and entrepreneurial talent into economic and social benefits for all Canadians.;Networks of Centres of Excellence are unique partnerships among universities, industry, government and non-governmental organizations aimed at turning Canadian research and entrepreneurial talent into economic and social benefits for all Canadians.;ND;ND;ND;ND;ND;ND;ND;ND;free;primary;not_applicable;ND;ND;https://www.nce-rce.gc.ca/Programs-Programmes/Index_eng.asp;ND;2;B;V2;200;V2: institution certifiée 3/3, URL ouverte anonymement, titre et contenu vérifiés automatiquement. V3 réservé à une validation plus forte.;123e03f9c279f0205e889a6d8872bb8a50c97e9db2ca3394f8be1c06eccc1079
423;DOC-9F39AB4961A5809F328C;research;ND;Networks of Centres of Excellence program;https://www.nce-rce.gc.ca/Programs-Programmes/NCE-RCE/Index_eng.asp;ND;Networks of centres of excellence;ND;Canada;North America;official_research_institution;ND;ND;2026-10-03T23:05:33.330Z;institutional_primary;en;Networks of Centres of Excellence are unique partnerships among universities, industry, government and non-governmental organizations aimed at turning Canadian research and entrepreneurial talent into economic and social benefits for all Canadians.;Networks of Centres of Excellence are unique partnerships among universities, industry, government and non-governmental organizations aimed at turning Canadian research and entrepreneurial talent into economic and social benefits for all Canadians.;ND;ND;ND;ND;ND;ND;ND;ND;free;primary;not_applicable;ND;ND;https://www.nce-rce.gc.ca/Programs-Programmes/NCE-RCE/Index_eng.asp;ND;2;B;V2;200;V2: institution certifiée 3/3, URL ouverte anonymement, titre et contenu vérifiés automatiquement. V3 réservé à une validation plus forte.;c032277db38be16d94400fee843f7f6288fd93b41a39d092c0377f8718a6810c
424;DOC-4A46F3AE8F134BADE265;research;ND;Networks of Centres of Excellence Program News;https://www.nce-rce.gc.ca/Media-Medias/news-communiques/News-Communique_eng.asp?ID=197;ND;Networks of centres of excellence;ND;Canada;North America;official_research_institution;ND;ND;2026-10-03T23:05:34.039Z;institutional_primary;en;Networks of Centres of Excellence are unique partnerships among universities, industry, government and non-governmental organizations aimed at turning Canadian research and entrepreneurial talent into economic and social benefits for all Canadians.;Networks of Centres of Excellence are unique partnerships among universities, industry, government and non-governmental organizations aimed at turning Canadian research and entrepreneurial talent into economic and social benefits for all Canadians.;ND;ND;ND;ND;ND;ND;ND;ND;free;primary;not_applicable;ND;ND;https://www.nce-rce.gc.ca/Media-Medias/news-communiques/News-Communique_eng.asp?ID=197;ND;1;B;V2;200;V2: institution certifiée 3/3, URL ouverte anonymement, titre et contenu vérifiés automatiquement. V3 réservé à une validation plus forte.;0644e3534164a5eca4b130a0ab422251db6e37dac092ab719abe9c26378128c4
425;DOC-A5CFE74937AD3A78770B;research;ND;Reports & Publications;https://www.nce-rce.gc.ca/ReportsPublications-RapportsPublications/Index_eng.asp;ND;Networks of centres of excellence;ND;Canada;North America;official_research_institution;ND;ND;2026-10-03T23:05:33.325Z;institutional_primary;en;Networks of Centres of Excellence are unique partnerships among universities, industry, government and non-governmental organizations aimed at turning Canadian research and entrepreneurial talent into economic and social benefits for all Canadians.;Networks of Centres of Excellence are unique partnerships among universities, industry, government and non-governmental organizations aimed at turning Canadian research and entrepreneurial talent into economic and social benefits for all Canadians.;ND;ND;ND;ND;ND;ND;ND;ND;free;primary;not_applicable;ND;ND;https://www.nce-rce.gc.ca/ReportsPublications-RapportsPublications/Index_eng.asp;ND;2;B;V2;200;V2: institution certifiée 3/3, URL ouverte anonymement, titre et contenu vérifiés automatiquement. V3 réservé à une validation plus forte.;65216512a2f9860ab2de01d67791b876605d84f7426a1f080dcd76a53b37dfa9
426;DOC-B8D0C3EC9D0162A2C970;research;ND;Advanced material removal technologies - National Research Council Canada;https://nrc.canada.ca/en/research-development/nrc-facilities/advanced-material-removal-technologies;ND;NRC facilities;ND;Canada;North America;official_research_institution;ND;ND;2026-10-03T23:05:44.333Z;institutional_primary;en;"NRC&#039;s material removal experts develop high-performance, high-speed machining technologies to reduce costs and improve productivity in machining parts for the aerospace industry. Technologies currently under investigation include super-abrasive grinding, laser and vibration-assisted machining, dry machining, and machining under minimum quantity lubrication. Investigations are also carried out to enhance machine tool accuracy and cutting tool performance, and to optimize machining processes using simulation and modeling tools.";"NRC&#039;s material removal experts develop high-performance, high-speed machining technologies to reduce costs and improve productivity in machining parts for the aerospace industry. Technologies currently under investigation include super-abrasive grinding, laser and vibration-assisted machining, dry machining, and machining under minimum quantity lubrication. Investigations are also carried out to enhance machine tool accuracy and cutting tool performance, and to optimize machining processes using simulation and modeling tools.";ND;ND;ND;ND;ND;ND;ND;ND;free;primary;not_applicable;ND;ND;https://nrc.canada.ca/en/research-development/nrc-facilities/advanced-material-removal-technologies;ND;4;B;V2;200;V2: institution certifiée 3/3, URL ouverte anonymement, titre et contenu vérifiés automatiquement. V3 réservé à une validation plus forte.;c6d2886ea783cc3dbf4311ef0702b65186c0dca7170718f30f9ead319ab3ce24
427;DOC-D5D5A03A5F1B1CA7E445;research;ND;Advanced materials research facility - National Research Council Canada;https://nrc.canada.ca/en/research-development/nrc-facilities/advanced-materials-research-facility;ND;NRC facilities;ND;Canada;North America;official_research_institution;ND;ND;2026-10-03T23:05:44.283Z;institutional_primary;en;The advanced materials research facility in Mississauga is the NRC's first physical research presence in the Greater Toronto Area. The new facility is part of the Clean Energy Innovation Research Centre and aims to accelerate the development of advanced materials technologies and their commercialization in innovative new products.;The advanced materials research facility in Mississauga is the NRC's first physical research presence in the Greater Toronto Area. The new facility is part of the Clean Energy Innovation Research Centre and aims to accelerate the development of advanced materials technologies and their commercialization in innovative new products.;ND;ND;ND;ND;ND;ND;ND;ND;free;primary;not_applicable;ND;ND;https://nrc.canada.ca/en/research-development/nrc-facilities/advanced-materials-research-facility;ND;4;B;V2;200;V2: institution certifiée 3/3, URL ouverte anonymement, titre et contenu vérifiés automatiquement. V3 réservé à une validation plus forte.;a359cb81948353010622071e7a84646ce35766d0901d58700637a2392811f6dc
428;DOC-4363DF6E0602B2D6113E;research;ND;Advanced Technology Fabrication research facility - National Research Council Canada;https://nrc.canada.ca/en/research-development/nrc-facilities/advanced-technology-fabrication-research-facility;ND;NRC facilities;ND;Canada;North America;official_research_institution;ND;ND;2026-10-03T23:05:43.219Z;institutional_primary;en;The Advanced Technology Fabrication (ATF) research facility is at the forefront of the next generation of photonic and electronic components that are at low- to mid-technology readiness levels for a variety of applications in:;The Advanced Technology Fabrication (ATF) research facility is at the forefront of the next generation of photonic and electronic components that are at low- to mid-technology readiness levels for a variety of applications in:;ND;ND;ND;ND;ND;ND;ND;ND;free;primary;not_applicable;ND;ND;https://nrc.canada.ca/en/research-development/nrc-facilities/advanced-technology-fabrication-research-facility;ND;5;B;V2;200;V2: institution certifiée 3/3, URL ouverte anonymement, titre et contenu vérifiés automatiquement. V3 réservé à une validation plus forte.;28efea5e7a4021251ae68509a377920489b741b695915e0fce4745b588f5aafc
429;DOC-2C5B7BFF70344AEBD249;research;ND;Canada Small Business Financing Program;https://ised-isde.canada.ca/site/canada-small-business-financing-program/en;ND;Seizing Canada's Moment: Moving Forward in Science, Technology and Innovation (2014);ND;Canada;North America;official_research_institution;ND;ND;2026-10-03T23:05:43.437Z;institutional_primary;en;The enhanced features under the Program are now offered by most financial institutions. Please contact a lender near you for more information.;The enhanced features under the Program are now offered by most financial institutions. Please contact a lender near you for more information.;ND;ND;ND;ND;ND;ND;ND;ND;free;primary;not_applicable;ND;ND;https://ised-isde.canada.ca/site/canada-small-business-financing-program/en;ND;1;B;V2;200;V2: institution certifiée 3/3, URL ouverte anonymement, titre et contenu vérifiés automatiquement. V3 réservé à une validation plus forte.;6ec211c05e7529cf5e79a76164367dad81436ed346388a9049a781e0a895b519
430;DOC-A19FC42C1EBACCF79F6C;research;ND;Communications Research Centre Canada;https://ised-isde.canada.ca/site/communications-research-centre-canada/en;ND;Seizing Canada's Moment: Moving Forward in Science, Technology and Innovation (2014);ND;Canada;North America;official_research_institution;ND;ND;2026-10-03T23:05:43.546Z;institutional_primary;en;Government of Canada's client-driven applied research centre for advanced telecommunications. Canada's innovator in wireless telecommunications focused on what is possible and what works.;Government of Canada's client-driven applied research centre for advanced telecommunications. Canada's innovator in wireless telecommunications focused on what is possible and what works.;ND;ND;ND;ND;ND;ND;ND;ND;free;primary;not_applicable;ND;ND;https://ised-isde.canada.ca/site/communications-research-centre-canada/en;ND;1;B;V2;200;V2: institution certifiée 3/3, URL ouverte anonymement, titre et contenu vérifiés automatiquement. V3 réservé à une validation plus forte.;6a29e7ed31feee37aee629e4fba416b058297f73aba65579180e7b98461aff05
431;DOC-F85FC81E3FF4155466B0;research;ND;Connecting Families Initiative;https://ised-isde.canada.ca/site/ised/en/programs-and-initiatives/connecting-families-initiative;ND;Seizing Canada's Moment: Moving Forward in Science, Technology and Innovation (2014);ND;Canada;North America;official_research_institution;2026-01-12;ND;2026-10-03T23:05:46.610Z;institutional_primary;en;The Connecting Families initiative is investing $13.2 million over five years, starting in 2017-2018 to help bridge the digital divide for Canadian families who may struggle to afford access to home Internet.;The Connecting Families initiative is investing $13.2 million over five years, starting in 2017-2018 to help bridge the digital divide for Canadian families who may struggle to afford access to home Internet.;ND;ND;ND;ND;ND;ND;ND;ND;free;primary;not_applicable;ND;ND;https://ised-isde.canada.ca/site/ised/en/programs-and-initiatives/connecting-families-initiative;ND;1;B;V2;200;V2: institution certifiée 3/3, URL ouverte anonymement, titre et contenu vérifiés automatiquement. V3 réservé à une validation plus forte.;b2b0bdc5d3da775a429131be7a63c1ee74ebfda8dc3802676832ae4128e93325
432;DOC-8A75C074AD3F5DDD729E;research;ND;Digital inclusion programs for Canadians;https://ised-isde.canada.ca/site/ised/en/digital-inclusion-programs-canadians;ND;Seizing Canada's Moment: Moving Forward in Science, Technology and Innovation (2014);ND;Canada;North America;official_research_institution;2025-07-14;ND;2026-10-03T23:05:46.543Z;institutional_primary;en;Access to technology and solid digital skills are essential in today’s connected world. The Government of Canada is helping bridge the digital divide with programs that offer crucial digital and Artificial Intelligence (AI) skills training in emerging fields to youth, access to refurbished computer devices and low-cost internet. By improving access to the internet and providing digital and AI training, these initiatives help Canadians thrive in daily life and help youth prepare for the jobs of tomorrow.;Access to technology and solid digital skills are essential in today’s connected world. The Government of Canada is helping bridge the digital divide with programs that offer crucial digital and Artificial Intelligence (AI) skills training in emerging fields to youth, access to refurbished computer devices and low-cost internet. By improving access to the internet and providing digital and AI training, these initiatives help Canadians thrive in daily life and help youth prepare for the jobs of tomorrow.;ND;ND;ND;ND;ND;ND;ND;ND;free;primary;not_applicable;ND;ND;https://ised-isde.canada.ca/site/ised/en/digital-inclusion-programs-canadians;ND;1;B;V2;200;V2: institution certifiée 3/3, URL ouverte anonymement, titre et contenu vérifiés automatiquement. V3 réservé à une validation plus forte.;fb93f74db9f170c041b0a7b93ae14d5a1240cb30461987848056b8ea20a58140
433;DOC-9C3FD2735E18551BBFD2;research;ND;Health Emergency Readiness Canada;https://ised-isde.canada.ca/site/ised/en/programs-and-initiatives/health-emergency-readiness-canada;ND;Seizing Canada's Moment: Moving Forward in Science, Technology and Innovation (2014);ND;Canada;North America;official_research_institution;2026-09-24;ND;2026-10-03T23:05:43.959Z;institutional_primary;en;"Health Emergency Readiness Canada (HERC) is a special operating agency within Innovation, Science, and Economic Development Canada (ISED). Its focus is to drive innovation and boost Canada&#039;s industrial capacity to advance leading-edge technologies and support the growth of the life sciences sector in Canada.";"Health Emergency Readiness Canada (HERC) is a special operating agency within Innovation, Science, and Economic Development Canada (ISED). Its focus is to drive innovation and boost Canada&#039;s industrial capacity to advance leading-edge technologies and support the growth of the life sciences sector in Canada.";ND;ND;ND;ND;ND;ND;ND;ND;free;primary;not_applicable;ND;ND;https://ised-isde.canada.ca/site/ised/en/programs-and-initiatives/health-emergency-readiness-canada;ND;2;B;V2;200;V2: institution certifiée 3/3, URL ouverte anonymement, titre et contenu vérifiés automatiquement. V3 réservé à une validation plus forte.;3d1544e7162281e6dd9a5727b30e2bf40da862b63a63058bff7678342aebcd71
434;DOC-86785B05CD0258B975DA;research;ND;Innovation, Science and Economic Development Portfolio;https://ised-isde.canada.ca/site/ised/en/our-organization/innovation-science-and-economic-development-portfolio;ND;Seizing Canada's Moment: Moving Forward in Science, Technology and Innovation (2014);Communications and Marketing Branch;Canada;North America;official_research_institution;2026-03-03;ND;2026-10-03T23:05:43.340Z;institutional_primary;en;List of the 12 federal departments and agencies that make up the Innovation, Science and Economic Development Portfolio.;List of the 12 federal departments and agencies that make up the Innovation, Science and Economic Development Portfolio.;ND;ND;ND;ND;ND;ND;ND;ND;free;primary;not_applicable;ND;ND;https://ised-isde.canada.ca/site/ised/en/our-organization/innovation-science-and-economic-development-portfolio;ND;2;B;V2;200;V2: institution certifiée 3/3, URL ouverte anonymement, titre et contenu vérifiés automatiquement. V3 réservé à une validation plus forte.;ce6a83f71f53490943f0bc07c4872c947e70fc42da8ebc72147c3edea9da748b
435;DOC-6DCCE9DB14D090617721;research;ND;Patents;https://ised-isde.canada.ca/site/canadian-intellectual-property-office/en/patents;ND;Seizing Canada's Moment: Moving Forward in Science, Technology and Innovation (2014);Canadian Intellectual Property Office;Canada;North America;official_research_institution;2026-08-10;ND;2026-10-03T23:05:43.503Z;institutional_primary;en;This is the main page for the Canadian Patent Office. Learn about patents and how they can benefit your business. Apply, search and use the online services.;This is the main page for the Canadian Patent Office. Learn about patents and how they can benefit your business. Apply, search and use the online services.;ND;ND;ND;ND;ND;ND;ND;ND;free;primary;not_applicable;ND;ND;https://ised-isde.canada.ca/site/canadian-intellectual-property-office/en/patents;ND;1;B;V2;200;V2: institution certifiée 3/3, URL ouverte anonymement, titre et contenu vérifiés automatiquement. V3 réservé à une validation plus forte.;334b651a53e88f659593c6ccf95b9b5dd998a1ed055c4f47d56802e144c75aae
436;DOC-F2C4895A85107DEFDA14;research;ND;Plans and reports;https://ised-isde.canada.ca/site/ised/en/plans-and-reports;ND;Seizing Canada's Moment: Moving Forward in Science, Technology and Innovation (2014);ND;Canada;North America;official_research_institution;2026-08-21;ND;2026-10-03T23:05:46.611Z;institutional_primary;en;Planning and performance reporting Estimates—Departmental Plans (DPs, formerly the Reports on Plans and Priorities) Departmental Results Reports Quarterly Financial Reports Ombud for Mental Health and Employee Well-Being;Planning and performance reporting Estimates—Departmental Plans (DPs, formerly the Reports on Plans and Priorities) Departmental Results Reports Quarterly Financial Reports Ombud for Mental Health and Employee Well-Being;ND;ND;ND;ND;ND;ND;ND;ND;free;primary;not_applicable;ND;ND;https://ised-isde.canada.ca/site/ised/en/plans-and-reports;ND;1;B;V2;200;V2: institution certifiée 3/3, URL ouverte anonymement, titre et contenu vérifiés automatiquement. V3 réservé à une validation plus forte.;4be7c9ff026f22baddae03089fd187d8bc0bc6aa6fc89997d3d5bcc78b5cc1b1
437;DOC-8667DA44C616E0BBCB97;research;ND;Programs and initiatives;https://ised-isde.canada.ca/site/ised/en/programs-and-initiatives;ND;Seizing Canada's Moment: Moving Forward in Science, Technology and Innovation (2014);Communications and Marketing Branch;Canada;North America;official_research_institution;2026-09-10;ND;2026-10-03T23:05:45.754Z;institutional_primary;en;"Innovation, Science and Economic Development Canada (ISED) works with Canadians in all areas of the economy and in all parts of the country to improve conditions for investment, enhance Canada&#039;s innovation performance, increase Canada&#039;s share of global trade and build a fair, efficient and competitive marketplace.";"Innovation, Science and Economic Development Canada (ISED) works with Canadians in all areas of the economy and in all parts of the country to improve conditions for investment, enhance Canada&#039;s innovation performance, increase Canada&#039;s share of global trade and build a fair, efficient and competitive marketplace.";ND;ND;ND;ND;ND;ND;ND;ND;free;primary;not_applicable;ND;ND;https://ised-isde.canada.ca/site/ised/en/programs-and-initiatives;ND;1;B;V2;200;V2: institution certifiée 3/3, URL ouverte anonymement, titre et contenu vérifiés automatiquement. V3 réservé à une validation plus forte.;de66c36987231b848cb410bc24310e80b85d6e83415e5bc08c52eabbc42fc6f2
438;DOC-83E94193006F5C5F37BD;research;ND;The Canadian tourism sector;https://ised-isde.canada.ca/site/ised/en/research-and-business-intelligence/industry-sector-intelligence/service-industries/canadian-tourism-sector;ND;Seizing Canada's Moment: Moving Forward in Science, Technology and Innovation (2014);ND;Canada;North America;official_research_institution;2026-09-25;ND;2026-10-03T23:05:46.608Z;institutional_primary;en;Learn more about resources available to businesses in the tourism sector during the pandemic to help them access credit, keep employees on the payroll and pay rent. Learn more about resources available to businesses in the tourism sector during the pandemic to help them access credit, keep employees on the payroll and pay rent.;Learn more about resources available to businesses in the tourism sector during the pandemic to help them access credit, keep employees on the payroll and pay rent. Learn more about resources available to businesses in the tourism sector during the pandemic to help them access credit, keep employees on the payroll and pay rent.;ND;ND;ND;ND;ND;ND;ND;ND;free;primary;not_applicable;ND;ND;https://ised-isde.canada.ca/site/ised/en/research-and-business-intelligence/industry-sector-intelligence/service-industries/canadian-tourism-sector;ND;1;B;V2;200;V2: institution certifiée 3/3, URL ouverte anonymement, titre et contenu vérifiés automatiquement. V3 réservé à une validation plus forte.;fd3b01e5e7ab2aeaf381427cd3ce54407bdc7491490cfd90a36902419da0ff5d
439;DOC-500ABE2DB4EDCD9973CA;research;ND;1.1 Introduction;https://tc.canada.ca/fr/aviation/services-aeriens-commerciaux/programme-pilote-verificateur-agree-pva-programme-avance-qualification-paq/document-elaboration-mise-oeuvre-programme-avance-qualification-paq/11-introduction;ND;Transport Canada;ND;Canada;North America;official_research_institution;2015-05-21;ND;2026-10-03T23:05:46.679Z;institutional_primary;en;Ce document fournit des lignes directrices pour obtenir l’autorisation d’un programme avancé de qualification (PAQ). Un PAQ est une méthode alternative de formation, d’évaluation, de qualification et de certification qui doit assurer la compétence des pilotes, des membres d’équipage de conduite, des instructeurs et des évaluateurs soumis aux exigences de formation et d’évaluation formulées dans les sous-parties 702, 703, 704 et 705 du Règlement de l’aviation canadien (RAC).;Ce document fournit des lignes directrices pour obtenir l’autorisation d’un programme avancé de qualification (PAQ). Un PAQ est une méthode alternative de formation, d’évaluation, de qualification et de certification qui doit assurer la compétence des pilotes, des membres d’équipage de conduite, des instructeurs et des évaluateurs soumis aux exigences de formation et d’évaluation formulées dans les sous-parties 702, 703, 704 et 705 du Règlement de l’aviation canadien (RAC).;ND;ND;ND;ND;ND;ND;ND;ND;free;primary;not_applicable;ND;ND;https://tc.canada.ca/fr/aviation/services-aeriens-commerciaux/programme-pilote-verificateur-agree-pva-programme-avance-qualification-paq/document-elaboration-mise-oeuvre-programme-avance-qualification-paq/11-introduction;ND;3;B;V2;200;V2: institution certifiée 3/3, URL ouverte anonymement, titre et contenu vérifiés automatiquement. V3 réservé à une validation plus forte.;a99d5e83e10313f71b49fde170155a871fffe6f5993d3628b18716532110804f
440;DOC-9F81CD1ABC09497C20BC;research;ND;"1.2 Aperçu d&#039;un PAQ";https://tc.canada.ca/fr/aviation/services-aeriens-commerciaux/programme-pilote-verificateur-agree-pva-programme-avance-qualification-paq/document-elaboration-mise-oeuvre-programme-avance-qualification-paq/12-apercu-paq;ND;Transport Canada;ND;Canada;North America;official_research_institution;2012-03-02;ND;2026-10-03T23:05:46.796Z;institutional_primary;en;Le PAQ regroupe un certain nombre de caractéristiques de formation et d’évaluation conçues pour améliorer le rendement des programmes de formation traditionnels. Un PAQ est un système de formation basé sur les compétences, méthodiquement élaboré, sans cesse mis à jour, et validé par l’expérience. Un PAQ permet à un exploitant aérien l’élaboration, la mise en œuvre, l’évaluation et la gestion systématiques d’un programme de formation autocorrectif.;Le PAQ regroupe un certain nombre de caractéristiques de formation et d’évaluation conçues pour améliorer le rendement des programmes de formation traditionnels. Un PAQ est un système de formation basé sur les compétences, méthodiquement élaboré, sans cesse mis à jour, et validé par l’expérience. Un PAQ permet à un exploitant aérien l’élaboration, la mise en œuvre, l’évaluation et la gestion systématiques d’un programme de formation autocorrectif.;ND;ND;ND;ND;ND;ND;ND;ND;free;primary;not_applicable;ND;ND;https://tc.canada.ca/fr/aviation/services-aeriens-commerciaux/programme-pilote-verificateur-agree-pva-programme-avance-qualification-paq/document-elaboration-mise-oeuvre-programme-avance-qualification-paq/12-apercu-paq;ND;3;B;V2;200;V2: institution certifiée 3/3, URL ouverte anonymement, titre et contenu vérifiés automatiquement. V3 réservé à une validation plus forte.;8b8801e5cbef855e6040d7c1423ecd1bc48af706bc60f44746c5e240ffde8185
441;DOC-8FA88D969FA5EBB76575;research;ND;2.1 Introduction;https://tc.canada.ca/fr/aviation/services-aeriens-commerciaux/programme-pilote-verificateur-agree-pva-programme-avance-qualification-paq/document-elaboration-mise-oeuvre-programme-avance-qualification-paq/21-introduction;ND;Transport Canada;ND;Canada;North America;official_research_institution;2010-10-19;ND;2026-10-03T23:05:46.793Z;institutional_primary;en;Le processus d’élaboration et de mise en œuvre d’un PAQ comporte cinq phases. Ce processus s’appuie sur une conception modulaire qui fournit un programme comprenant des cursus bien documentés, un exposé raisonné et une méthodologie d’élaboration. Ce processus normalisé d’élaboration, avec ses exigences en matière de documentation, permet au candidat PAQ de créer un programme de formation et d’évaluation basé sur des besoins analysés et justifiables. La documentation fournie par les cinq phases du processus servira ensuite de base réglementaire pour promulguer les programmes de formation et d’évaluation créés en vue d’un PAQ.;Le processus d’élaboration et de mise en œuvre d’un PAQ comporte cinq phases. Ce processus s’appuie sur une conception modulaire qui fournit un programme comprenant des cursus bien documentés, un exposé raisonné et une méthodologie d’élaboration. Ce processus normalisé d’élaboration, avec ses exigences en matière de documentation, permet au candidat PAQ de créer un programme de formation et d’évaluation basé sur des besoins analysés et justifiables. La documentation fournie par les cinq phases du processus servira ensuite de base réglementaire pour promulguer les programmes de formation et d’évaluation créés en vue d’un PAQ.;ND;ND;ND;ND;ND;ND;ND;ND;free;primary;not_applicable;ND;ND;https://tc.canada.ca/fr/aviation/services-aeriens-commerciaux/programme-pilote-verificateur-agree-pva-programme-avance-qualification-paq/document-elaboration-mise-oeuvre-programme-avance-qualification-paq/21-introduction;ND;3;B;V2;200;V2: institution certifiée 3/3, URL ouverte anonymement, titre et contenu vérifiés automatiquement. V3 réservé à une validation plus forte.;6021dff3ef5548cea6d2672e08ee10b39cfe8ee6b3dcaf099804fe8b5ed1a527
442;DOC-956FF585FEF8C94CB4C7;research;ND;2.2 Phase I – Demande;https://tc.canada.ca/fr/aviation/services-aeriens-commerciaux/programme-pilote-verificateur-agree-pva-programme-avance-qualification-paq/document-elaboration-mise-oeuvre-programme-avance-qualification-paq/22-phase-i-demande;ND;Transport Canada;ND;Canada;North America;official_research_institution;2010-10-22;ND;2026-10-03T23:05:46.797Z;institutional_primary;en;Le candidat désireux d’établir un PAQ doit commencer par envoyer une lettre à l’Inspecteur principal de l’exploitation (IPE) pour lui notifier son intention. Dans sa lettre de réponse, Transports Canada demandera à l’exploitant d’organiser une réunion avec des représentants de son département de la formation. La réunion comprendra l’IPE, un représentant de la Direction des opérations nationales ou d’une division régionale affectée à la surveillance opérationnelle (selon le cas), un expert des flottes aériennes en question (EM), un instructeur (selon le cas) et l’exploitant aérien en personne.;Le candidat désireux d’établir un PAQ doit commencer par envoyer une lettre à l’Inspecteur principal de l’exploitation (IPE) pour lui notifier son intention. Dans sa lettre de réponse, Transports Canada demandera à l’exploitant d’organiser une réunion avec des représentants de son département de la formation. La réunion comprendra l’IPE, un représentant de la Direction des opérations nationales ou d’une division régionale affectée à la surveillance opérationnelle (selon le cas), un expert des flottes aériennes en question (EM), un instructeur (selon le cas) et l’exploitant aérien en personne.;ND;ND;ND;ND;ND;ND;ND;ND;free;primary;not_applicable;ND;ND;https://tc.canada.ca/fr/aviation/services-aeriens-commerciaux/programme-pilote-verificateur-agree-pva-programme-avance-qualification-paq/document-elaboration-mise-oeuvre-programme-avance-qualification-paq/22-phase-i-demande;ND;3;B;V2;200;V2: institution certifiée 3/3, URL ouverte anonymement, titre et contenu vérifiés automatiquement. V3 réservé à une validation plus forte.;b37b25df753fa20e78e3713c41b6fa4516afb34cdbd3555ac2480b5970b7ff63
443;DOC-3A514F47B5A0F25E96AA;research;ND;2.3 Phase II – Élaboration d’un cursus;https://tc.canada.ca/fr/aviation/services-aeriens-commerciaux/programme-pilote-verificateur-agree-pva-programme-avance-qualification-paq/document-elaboration-mise-oeuvre-programme-avance-qualification-paq/23-phase-ii-elaboration-cursus;ND;Transport Canada;ND;Canada;North America;official_research_institution;2012-01-06;ND;2026-10-03T23:05:46.854Z;institutional_primary;en;La Phase II est la phase d’élaboration du cursus de formation au pilotage expliquée à la Phase I. Document – Dépôt de demande/Administration. Le processus d’élaboration de cette phase comprend cinq grandes étapes et plusieurs documents connexes :;La Phase II est la phase d’élaboration du cursus de formation au pilotage expliquée à la Phase I. Document – Dépôt de demande/Administration. Le processus d’élaboration de cette phase comprend cinq grandes étapes et plusieurs documents connexes :;ND;ND;ND;ND;ND;ND;ND;ND;free;primary;not_applicable;ND;ND;https://tc.canada.ca/fr/aviation/services-aeriens-commerciaux/programme-pilote-verificateur-agree-pva-programme-avance-qualification-paq/document-elaboration-mise-oeuvre-programme-avance-qualification-paq/23-phase-ii-elaboration-cursus;ND;3;B;V2;200;V2: institution certifiée 3/3, URL ouverte anonymement, titre et contenu vérifiés automatiquement. V3 réservé à une validation plus forte.;845f045e75ce53a90cd8593cca98c25223a73a7d256b63219b3246cc534ee095
444;DOC-69BABD26F6A1787B8171;research;ND;2.7 Document and Reporting Requirements;https://tc.canada.ca/en/aviation/commercial-air-services/approved-check-pilot-acp-advanced-qualification-program-aqp/development-implementation-advanced-qualification-program-aqp/27-document-reporting-requirements;ND;Transport Canada;ND;Canada;North America;official_research_institution;2010-10-20;ND;2026-10-03T23:05:46.669Z;institutional_primary;en;The approved AQP documentation establishes the applicant’s regulatory requirements for the particular training program. This fact makes it imperative that the applicant develops a document structure that is organized and standardized. The structure must ensure that the information contained within the AQP documents will be used and translated down to the lowest level of training guidance. It must allow the applicant’s entire organization to easily access and use the contents. Transport Canada has established a list of the minimum documentation required for AQP. The applicant may want to develop additional materials in support of their AQP.;The approved AQP documentation establishes the applicant’s regulatory requirements for the particular training program. This fact makes it imperative that the applicant develops a document structure that is organized and standardized. The structure must ensure that the information contained within the AQP documents will be used and translated down to the lowest level of training guidance. It must allow the applicant’s entire organization to easily access and use the contents. Transport Canada has established a list of the minimum documentation required for AQP. The applicant may want to develop additional materials in support of their AQP.;ND;ND;ND;ND;ND;ND;ND;ND;free;primary;not_applicable;ND;ND;https://tc.canada.ca/en/aviation/commercial-air-services/approved-check-pilot-acp-advanced-qualification-program-aqp/development-implementation-advanced-qualification-program-aqp/27-document-reporting-requirements;ND;3;B;V2;200;V2: institution certifiée 3/3, URL ouverte anonymement, titre et contenu vérifiés automatiquement. V3 réservé à une validation plus forte.;24a5550591fc64c5da16dc4162bea3ee29800b589639c6dd104e9ea01ee5b4fc
445;DOC-6F29BE4F32D0AA2F4D34;research;ND;Driver Attitude to Speeding and Speed Management: A Quantitative and Qualitative Study - Final Report;https://tc.canada.ca/en/road-transportation/publications/driver-attitude-speeding-speed-management-quantitative-qualitative-study-final-report;ND;Transport Canada;ND;Canada;North America;official_research_institution;2014-01-31;ND;2026-10-03T23:05:46.728Z;institutional_primary;en;"Study examining relatively broad aspects of drivers&#039; attitudes to speeding.";"Study examining relatively broad aspects of drivers&#039; attitudes to speeding.";ND;ND;ND;ND;ND;ND;ND;ND;free;primary;not_applicable;ND;ND;https://tc.canada.ca/en/road-transportation/publications/driver-attitude-speeding-speed-management-quantitative-qualitative-study-final-report;ND;3;B;V2;200;V2: institution certifiée 3/3, URL ouverte anonymement, titre et contenu vérifiés automatiquement. V3 réservé à une validation plus forte.;2286a88be2ae630a002b325ff6a05410b954ac8ea2adf66f1f76cc2f013f0c20
446;DOC-0ED810754C6188011208;research;ND;Enquête de sécurité sur les fuites de gaz naturel comprimé dans les stationnements intérieurs – Modélisation et analyse des dynamiques numériques des fluides;https://tc.canada.ca/fr/programmes/programme-ecotechnologie-vehicules/documents-techniques/enquete-securite-fuites-gaz-naturel-comprime-dans-stationnements-interieurs-modelisation-analyse-dynamiques-numeriques-fluides;ND;Transport Canada;ND;Canada;North America;official_research_institution;2018-05-10;ND;2026-10-03T23:05:46.434Z;institutional_primary;en;Documents techniques élaborés par le programme écoTECHNOLOGIE pour véhicules (éTV), résultats des essais des nouvelles technologies pour véhicules.;Documents techniques élaborés par le programme écoTECHNOLOGIE pour véhicules (éTV), résultats des essais des nouvelles technologies pour véhicules.;ND;ND;ND;ND;ND;ND;ND;ND;free;primary;not_applicable;ND;ND;https://tc.canada.ca/fr/programmes/programme-ecotechnologie-vehicules/documents-techniques/enquete-securite-fuites-gaz-naturel-comprime-dans-stationnements-interieurs-modelisation-analyse-dynamiques-numeriques-fluides;ND;4;B;V2;200;V2: institution certifiée 3/3, URL ouverte anonymement, titre et contenu vérifiés automatiquement. V3 réservé à une validation plus forte.;ab445f8edca213d0c1c74e8fee69320970a25c8ef577484825e832c771ab7fbb
447;DOC-D79B7CEE46E8B78C9B18;research;ND;Évaluation du rendement hivernal des camions à ordures au gaz naturel comprimé;https://tc.canada.ca/fr/programmes/programme-ecotechnologie-vehicules/documents-techniques/evaluation-rendement-hivernal-camions-ordures-gaz-naturel-comprime;ND;Transport Canada;ND;Canada;North America;official_research_institution;2018-05-10;ND;2026-10-03T23:05:46.443Z;institutional_primary;en;Documents techniques élaborés par le programme écoTECHNOLOGIE pour véhicules (éTV), résultats des essais des nouvelles technologies pour véhicules.;Documents techniques élaborés par le programme écoTECHNOLOGIE pour véhicules (éTV), résultats des essais des nouvelles technologies pour véhicules.;ND;ND;ND;ND;ND;ND;ND;ND;free;primary;not_applicable;ND;ND;https://tc.canada.ca/fr/programmes/programme-ecotechnologie-vehicules/documents-techniques/evaluation-rendement-hivernal-camions-ordures-gaz-naturel-comprime;ND;4;B;V2;200;V2: institution certifiée 3/3, URL ouverte anonymement, titre et contenu vérifiés automatiquement. V3 réservé à une validation plus forte.;45c8982ccc234dcfc32c7fcbb59a407b159ea3ac03cd42d2cb14f6b20df0bfec
448;DOC-44CD55F5B58E64F705E8;research;ND;Evaluation of the Winter Performance of Compressed Natural Gas Refuse Trucks;https://tc.canada.ca/en/programs/ecotechnology-vehicles-program/technical-papers/evaluation-winter-performance-compressed-natural-gas-refuse-trucks;ND;Transport Canada;ND;Canada;North America;official_research_institution;2018-05-10;ND;2026-10-03T23:05:46.170Z;institutional_primary;en;Technical papers developed by the ecoTECHNOLOGY for Vehicles (eTV) Program, results of testing new vehicle technologies.;Technical papers developed by the ecoTECHNOLOGY for Vehicles (eTV) Program, results of testing new vehicle technologies.;ND;ND;ND;ND;ND;ND;ND;ND;free;primary;not_applicable;ND;ND;https://tc.canada.ca/en/programs/ecotechnology-vehicles-program/technical-papers/evaluation-winter-performance-compressed-natural-gas-refuse-trucks;ND;4;B;V2;200;V2: institution certifiée 3/3, URL ouverte anonymement, titre et contenu vérifiés automatiquement. V3 réservé à une validation plus forte.;8057890e0898a507a1a4e0707130f309b460c286ac859052039730979b316bb6
449;DOC-7EA3FE1B0D19F6CAF5E8;research;ND;Examen des dispositifs de réduction de la traînée aérodynamique pour les camions lourds et les autocars;https://tc.canada.ca/fr/programmes/programme-ecotechnologie-vehicules/documents-techniques/examen-dispositifs-reduction-trainee-aerodynamique-camions-lourds-autocars;ND;Transport Canada;ND;Canada;North America;official_research_institution;2018-05-10;ND;2026-10-03T23:05:46.694Z;institutional_primary;en;Le programme écoTECHNOLOGIE pour véhicules étudie la façon dont les technologies de pointe peuvent aider à créer un système propre de transport au Canada.;Le programme écoTECHNOLOGIE pour véhicules étudie la façon dont les technologies de pointe peuvent aider à créer un système propre de transport au Canada.;ND;ND;ND;ND;ND;ND;ND;ND;free;primary;not_applicable;ND;ND;https://tc.canada.ca/fr/programmes/programme-ecotechnologie-vehicules/documents-techniques/examen-dispositifs-reduction-trainee-aerodynamique-camions-lourds-autocars;ND;4;B;V2;200;V2: institution certifiée 3/3, URL ouverte anonymement, titre et contenu vérifiés automatiquement. V3 réservé à une validation plus forte.;89a53229dcfc6a44c6db45491f8a89f62a67d4381113abd9e964e4d6a4b420a7
450;DOC-E0E5831109E7E35B2DE7;research;ND;Lignes directrices à l’intention de l’industrie : Programmes de sûreté aéroportuaire - Sommaire exécutif - TP 15175;https://tc.canada.ca/fr/aviation/publications/lignes-directrices-intention-industrie-programmes-surete-aeroportuaire-sommaire-executif-tp-15175;ND;Transport Canada;ND;Canada;North America;official_research_institution;2013-11-27;ND;2026-10-03T23:05:46.671Z;institutional_primary;en;Cette section fournit des renseignements et des ressources pour vous aider à trouver et à commander les publications de Transports Canada qui ont trait au transport aérien.;Cette section fournit des renseignements et des ressources pour vous aider à trouver et à commander les publications de Transports Canada qui ont trait au transport aérien.;ND;ND;ND;ND;ND;ND;ND;ND;free;primary;not_applicable;ND;ND;https://tc.canada.ca/fr/aviation/publications/lignes-directrices-intention-industrie-programmes-surete-aeroportuaire-sommaire-executif-tp-15175;ND;3;B;V2;200;V2: institution certifiée 3/3, URL ouverte anonymement, titre et contenu vérifiés automatiquement. V3 réservé à une validation plus forte.;29157df623e81415a07ebd7e03f8c857cc9362a6d21ff8f727a830a7c21c24ea
451;DOC-A84E30D0EDC150901597;research;ND;Projects funded by the Program to Advance Connectivity and Automation in the Transportation System;https://tc.canada.ca/en/road-transportation/innovative-technologies/connected-automated-vehicles/projects-funded-program-advance-connectivity-automation-transportation-system;ND;Transport Canada;ND;Canada;North America;official_research_institution;2019-07-05;ND;2026-10-03T23:05:46.673Z;institutional_primary;en;Projects funded by the Program to Advance Connectivity and Automation in the Transportation System;Projects funded by the Program to Advance Connectivity and Automation in the Transportation System;ND;ND;ND;ND;ND;ND;ND;ND;free;primary;not_applicable;ND;ND;https://tc.canada.ca/en/road-transportation/innovative-technologies/connected-automated-vehicles/projects-funded-program-advance-connectivity-automation-transportation-system;ND;3;B;V2;200;V2: institution certifiée 3/3, URL ouverte anonymement, titre et contenu vérifiés automatiquement. V3 réservé à une validation plus forte.;0cc026d4e8db9260a1b8950660c19b9e87ef31eedc6c1ec3b40b46d464ce3537
452;DOC-DA07974F4E34E6402794;research;ND;Review of Aerodynamic Drag Reduction Devices for Heavy Trucks and Buses;https://tc.canada.ca/en/programs/ecotechnology-vehicles-program/technical-papers/review-aerodynamic-drag-reduction-devices-heavy-trucks-buses;ND;Transport Canada;ND;Canada;North America;official_research_institution;2018-05-10;ND;2026-10-03T23:05:46.605Z;institutional_primary;en;The ecoTECHNOLOGY for Vehicles program is exploring how advanced technologies can help create a clean transportation system for Canadians.;The ecoTECHNOLOGY for Vehicles program is exploring how advanced technologies can help create a clean transportation system for Canadians.;ND;ND;ND;ND;ND;ND;ND;ND;free;primary;not_applicable;ND;ND;https://tc.canada.ca/en/programs/ecotechnology-vehicles-program/technical-papers/review-aerodynamic-drag-reduction-devices-heavy-trucks-buses;ND;4;B;V2;200;V2: institution certifiée 3/3, URL ouverte anonymement, titre et contenu vérifiés automatiquement. V3 réservé à une validation plus forte.;aa2d1a53fc7b42dea15c5d48865c8ee186914188116057850067f6afb90fdadd
453;DOC-07622E85274742E187CB;research;ND;Safety Investigation of CNG Leaks In Enclosed Parking Structures - Computational Fluid Dynamics Modelling and Analysis;https://tc.canada.ca/en/programs/ecotechnology-vehicles-program/technical-papers/safety-investigation-cng-leaks-enclosed-parking-structures-computational-fluid-dynamics-modelling-analysis;ND;Transport Canada;ND;Canada;North America;official_research_institution;2018-05-10;ND;2026-10-03T23:05:46.360Z;institutional_primary;en;Technical papers developed by the ecoTECHNOLOGY for Vehicles (eTV) Program, results of testing new vehicle technologies.;Technical papers developed by the ecoTECHNOLOGY for Vehicles (eTV) Program, results of testing new vehicle technologies.;ND;ND;ND;ND;ND;ND;ND;ND;free;primary;not_applicable;ND;ND;https://tc.canada.ca/en/programs/ecotechnology-vehicles-program/technical-papers/safety-investigation-cng-leaks-enclosed-parking-structures-computational-fluid-dynamics-modelling-analysis;ND;4;B;V2;200;V2: institution certifiée 3/3, URL ouverte anonymement, titre et contenu vérifiés automatiquement. V3 réservé à une validation plus forte.;a565d8861ef07e8bb01bfcd40cd3879f74d111d27b5e10081399acfdc5c96122
454;DOC-B91D01D45F68CA7D229A;research;ND;Audit Report VEHICLE FLEET MANAGEMENT AT THE IDAHO NATIONALENGINEERING AND ENVIRONMENTAL LABORATORY, WR-B-99-02 | Department of Energy;https://www.energy.gov/ig/articles/audit-report-vehicle-fleet-management-idaho-nationalengineering-and-environmental;ND;DOE National Laboratories;ND;United States;North America;government_directory;1999-03-08T14:24:00-0500;ND;2026-10-03T23:03:36.418Z;institutional_primary;en;Audit Report VEHICLE FLEET MANAGEMENT AT THE IDAHO NATIONALENGINEERING AND ENVIRONMENTAL LABORATORY, WR-B-99-02;Audit Report VEHICLE FLEET MANAGEMENT AT THE IDAHO NATIONALENGINEERING AND ENVIRONMENTAL LABORATORY, WR-B-99-02;ND;ND;ND;ND;ND;ND;ND;ND;free;primary;not_applicable;ND;ND;https://www.energy.gov/ig/articles/audit-report-vehicle-fleet-management-idaho-nationalengineering-and-environmental;ND;5;B;V2;200;V2: institution certifiée 3/3, URL ouverte anonymement, titre et contenu vérifiés automatiquement. V3 réservé à une validation plus forte.;4528af432e332f8fbc8c184e1f8b0036078271f5ac915eb8a99f48df454ac9f6
455;DOC-B020B805E8A2837508E0;research;ND;Kicking Off the ARPA-E Energy Innovation Summit: Where Innovations in Energy Technology Are “Winning the Future” | Department of Energy;https://www.energy.gov/articles/kicking-arpa-e-energy-innovation-summit-where-innovations-energy-technology-are-winning;ND;DOE National Laboratories;ND;United States;North America;government_directory;2011-02-28T09:38:12-0500;ND;2026-10-03T23:03:34.077Z;institutional_primary;en;A preview of the ARPA-E Energy Innovation Summit, which showcases the most advanced and revolutionary breakthroughs in energy technology today.;A preview of the ARPA-E Energy Innovation Summit, which showcases the most advanced and revolutionary breakthroughs in energy technology today.;ND;ND;ND;ND;ND;ND;ND;ND;free;primary;not_applicable;ND;ND;https://www.energy.gov/articles/kicking-arpa-e-energy-innovation-summit-where-innovations-energy-technology-are-winning;ND;5;B;V2;200;V2: institution certifiée 3/3, URL ouverte anonymement, titre et contenu vérifiés automatiquement. V3 réservé à une validation plus forte.;1c5addde635fbbea7a7e004884c45ab0ee3b2f7ece982889e33cf8ae2af35c1f
456;DOC-D03F9C28655A16B6CFD8;research;ND;Secretary Chu Looks at Russian Energy Technology Today and Tomorrow’s Energy Researchers | Department of Energy;https://www.energy.gov/articles/secretary-chu-looks-russian-energy-technology-today-and-tomorrows-energy-researchers;ND;DOE National Laboratories;ND;United States;North America;government_directory;2011-06-08T15:44:00-0400;ND;2026-10-03T23:03:33.994Z;institutional_primary;en;Earlier this week, we talked about Secretary Chu’s visit to the St. Petersburg Seaport. But that’s not all he did while visiting the historic Russian city this week. The Optogan LED Factory opened their doors so the Secretary could see their prod...;Earlier this week, we talked about Secretary Chu’s visit to the St. Petersburg Seaport. But that’s not all he did while visiting the historic Russian city this week. The Optogan LED Factory opened their doors so the Secretary could see their prod...;ND;ND;ND;ND;ND;ND;ND;ND;free;primary;not_applicable;ND;ND;https://www.energy.gov/articles/secretary-chu-looks-russian-energy-technology-today-and-tomorrows-energy-researchers;ND;5;B;V2;200;V2: institution certifiée 3/3, URL ouverte anonymement, titre et contenu vérifiés automatiquement. V3 réservé à une validation plus forte.;18c6b1eeb3ac7eb66802583dd5c623ead61718f188c500a2f5a33e9861d9e046
457;DOC-9D816F4165806FFF3451;research;ND;$1M award will establish new chemical reaction dynamics facility at UH Mānoa | Ames Laboratory;https://www.ameslab.gov/news/1m-award-will-establish-new-chemical-reaction-dynamics-facility-at-uh-manoa;ND;Learn More;ND;United States;North America;official_research_institution;2026-10-01T12:00:00Z;ND;2026-10-03T23:03:59.629Z;institutional_primary;en;The University of Hawaiʻi at Mānoa has been awarded $999,997 from the U.S. Department of Energy (DOE) to build a Tunable Photoionization Chemical Dynamics Facility, and Ames Lab Scientist Peng Xu is a collaborator on the project.;The University of Hawaiʻi at Mānoa has been awarded $999,997 from the U.S. Department of Energy (DOE) to build a Tunable Photoionization Chemical Dynamics Facility, and Ames Lab Scientist Peng Xu is a collaborator on the project.;ND;ND;ND;ND;ND;ND;ND;ND;free;primary;not_applicable;ND;ND;https://www.ameslab.gov/news/1m-award-will-establish-new-chemical-reaction-dynamics-facility-at-uh-manoa;ND;1;B;V2;200;V2: institution certifiée 3/3, URL ouverte anonymement, titre et contenu vérifiés automatiquement. V3 réservé à une validation plus forte.;db89a960e3470256cc3c48484a9b4697c995cea4e9d22fd58a6aab0b9850f79d
458;DOC-CE11491EBC47723404BA;research;ND;41326_technology-Assessment.pdf | netl.doe.gov;https://www.netl.doe.gov/files/oil-gas/41326_technology-Assessment.pdf;https://www.netl.doe.gov/files/oil-gas/41326_technology-Assessment.pdf;Learn More;ND;United States;North America;official_research_institution;ND;ND;2026-10-03T23:04:38.701Z;institutional_primary;en;TECHNOLOGY ASSESSMENT FOR ADVANCED FRACTURING TECHOLOGY FOR TIGHT GAS: AN EAST TEXAS FIELD DEMONSTRATION CONTRACT NO. DE-FC26-01NT41326 Prepared by Mukul M. Sharma Chairman – Department of Petroleum & Geosystems Engineering University of Texas at Austin 1 University Station C0300 Austin, TX 78712-0228 & Richard Sullivan Petroleum Engineer Anadarko Petroleum Corporation 1201 Lake Robbins Drive The Woodlands, Texas 77380 Prepared for U.S. Department of Energy National Energy Technology Laboratory 3610 Collins Ferry Road Morgantown, WV 26507-0880;TECHNOLOGY ASSESSMENT FOR ADVANCED FRACTURING TECHOLOGY FOR TIGHT GAS: AN EAST TEXAS FIELD DEMONSTRATION CONTRACT NO. DE-FC26-01NT41326 Prepared by Mukul M. Sharma Chairman – Department of Petroleum & Geosystems Engineering University of Texas at Austin 1 University Station C0300 Austin, TX 78712-0228 & Richard Sullivan Petroleum Engineer Anadarko Petroleum Corporation 1201 Lake Robbins Drive The Woodlands, Texas 77380 Prepared for U.S. Department of Energy National Energy Technology Laboratory 3610 Collins Ferry Road Morgantown, WV 26507-0880;ND;ND;ND;ND;ND;ND;ND;ND;free;primary;not_applicable;ND;ND;https://www.netl.doe.gov/files/oil-gas/41326_technology-Assessment.pdf;ND;4;B;V2;200;V2: institution certifiée 3/3, URL ouverte anonymement, titre et contenu vérifiés automatiquement. V3 réservé à une validation plus forte.;95abc597a0328158cf771a24031bf4bbb3c4c28880f9153375d8cd50181cf8a3
459;DOC-12B6E48973F2AA5D6938;research;ND;41657_Technology-Assessment.pdf | netl.doe.gov;https://www.netl.doe.gov/files/oil-gas/41657_Technology-Assessment.pdf;https://www.netl.doe.gov/files/oil-gas/41657_Technology-Assessment.pdf;Learn More;ND;United States;North America;official_research_institution;ND;ND;2026-10-03T23:04:38.698Z;institutional_primary;en;"Technology Assessment for ‘Optimization of Deep Drilling Performance’ DE-FC26-02NT41657 - 1 - TECHNOLOGY ASSESSMENT FOR Optimization of Deep Drilling Performance; Development and Benchmark Testing of Advanced Diamond Product Bits and High Pressure/High Temperature Fluids to Significantly Improve Rates of Penetration CONTRACT NO. DE-FC26-02NT41657 Prepared by Dr. Arnis Judzis TerraTek, Inc. 1935 South Fremont Drive Salt Lake City, UT 84104 (801) 584-2483 Prepared for U.S. Department of Energy 3610 Collins Ferry Road Morgantown, WV 26507-0880";"Technology Assessment for ‘Optimization of Deep Drilling Performance’ DE-FC26-02NT41657 - 1 - TECHNOLOGY ASSESSMENT FOR Optimization of Deep Drilling Performance; Development and Benchmark Testing of Advanced Diamond Product Bits and High Pressure/High Temperature Fluids to Significantly Improve Rates of Penetration CONTRACT NO. DE-FC26-02NT41657 Prepared by Dr. Arnis Judzis TerraTek, Inc. 1935 South Fremont Drive Salt Lake City, UT 84104 (801) 584-2483 Prepared for U.S. Department of Energy 3610 Collins Ferry Road Morgantown, WV 26507-0880";ND;ND;ND;ND;ND;ND;ND;ND;free;primary;not_applicable;ND;ND;https://www.netl.doe.gov/files/oil-gas/41657_Technology-Assessment.pdf;ND;4;B;V2;200;V2: institution certifiée 3/3, URL ouverte anonymement, titre et contenu vérifiés automatiquement. V3 réservé à une validation plus forte.;662ce43b25968e12d7e64af1fb10106df0b717d604385922504ecc4795106336
460;DOC-51BEB8A615713888D548;research;ND;41836_Technology-Assessment.pdf | netl.doe.gov;https://www.netl.doe.gov/files/oil-gas/41836_Technology-Assessment.pdf;https://www.netl.doe.gov/files/oil-gas/41836_Technology-Assessment.pdf;Learn More;ND;United States;North America;official_research_institution;ND;ND;2026-10-03T23:04:38.702Z;institutional_primary;en;TECHNOLOGY ASSESSMENT FOR SUPERCEMENT FOR ANNULAR SEAL AND LONG-TERM INTEGRITY IN DEEP- HOT WELLS CONTRACT NO. DE-FC26-03NT41836 Prepared by Kevin Edgley Research Manager CSI Technologies, LLC 2202 Oil Center Court Houston, Texas 77073 Prepared for U.S. Department of Energy National Energy Technology Laboratory 3610 Collins Ferry Road Morgantown, WV 26507-0880 Introduction – Current State of Technology As the worldwide demand for energy continues to grow, the oil and gas industry continues to drill deeper wells in order to find and produce new assets.;TECHNOLOGY ASSESSMENT FOR SUPERCEMENT FOR ANNULAR SEAL AND LONG-TERM INTEGRITY IN DEEP- HOT WELLS CONTRACT NO. DE-FC26-03NT41836 Prepared by Kevin Edgley Research Manager CSI Technologies, LLC 2202 Oil Center Court Houston, Texas 77073 Prepared for U.S. Department of Energy National Energy Technology Laboratory 3610 Collins Ferry Road Morgantown, WV 26507-0880 Introduction – Current State of Technology As the worldwide demand for energy continues to grow, the oil and gas industry continues to drill deeper wells in order to find and produce new assets.;ND;ND;ND;ND;ND;ND;ND;ND;free;primary;not_applicable;ND;ND;https://www.netl.doe.gov/files/oil-gas/41836_Technology-Assessment.pdf;ND;4;B;V2;200;V2: institution certifiée 3/3, URL ouverte anonymement, titre et contenu vérifiés automatiquement. V3 réservé à une validation plus forte.;c32c74298e28e4834de312b6a922790cf0a5b50455848520d8e313dec71b84bc
461;DOC-5E6F1788A7CFBA7CAD51;research;ND;41856_Technology-Assessment.pdf | netl.doe.gov;https://www.netl.doe.gov/files/oil-gas/41856_Technology-Assessment.pdf;https://www.netl.doe.gov/files/oil-gas/41856_Technology-Assessment.pdf;Learn More;ND;United States;North America;official_research_institution;ND;ND;2026-10-03T23:04:38.828Z;institutional_primary;en;Geologic Play Book for Trenton-Black River Appalachian Basin Exploration DE-FC26-03NT41856 Current state of technology used in the play. The Trenton-Black River gas play, a widespread play that encompasses an area from New York to West Virginia with additional potential in Ohio and Kentucky, is a seismic-dependent, high-technology, high-risk, deep play that has attracted national and international attention. Productive wells have been drilled in this play in New York, Pennsylvania, West Virginia and Ontario, Canada, but the nature of the play is not consistent among these various areas.;Geologic Play Book for Trenton-Black River Appalachian Basin Exploration DE-FC26-03NT41856 Current state of technology used in the play. The Trenton-Black River gas play, a widespread play that encompasses an area from New York to West Virginia with additional potential in Ohio and Kentucky, is a seismic-dependent, high-technology, high-risk, deep play that has attracted national and international attention. Productive wells have been drilled in this play in New York, Pennsylvania, West Virginia and Ontario, Canada, but the nature of the play is not consistent among these various areas.;ND;ND;ND;ND;ND;ND;ND;ND;free;primary;not_applicable;ND;ND;https://www.netl.doe.gov/files/oil-gas/41856_Technology-Assessment.pdf;ND;4;B;V2;200;V2: institution certifiée 3/3, URL ouverte anonymement, titre et contenu vérifiés automatiquement. V3 réservé à une validation plus forte.;e85744e29553876b3963a483f6b3b19e95d04944f11f0c9a674a09924af93382
462;DOC-E34E2301AF584D6A2DF0;research;ND;41999_Technology-AssessmentDraft.pdf | netl.doe.gov;https://www.netl.doe.gov/files/oil-gas/41999_Technology-AssessmentDraft.pdf;https://www.netl.doe.gov/files/oil-gas/41999_Technology-AssessmentDraft.pdf;Learn More;ND;United States;North America;official_research_institution;ND;ND;2026-10-03T23:04:38.826Z;institutional_primary;en;Technology Assessment for Fundamental Research on Percussion Drilling: Improved Rock Mechanics Analysis, Advanced Simulation Technology, and Full-Scale Laboratory Investigations CONTRACT NO. DE-FC26-03NT41999 Prepared by Gang Han, PhD Mike Bruno, PhD Principal Authors Terralog Technologies USA, Inc. Arcadia, California Prepared for U.S. Department of Energy National Energy Technology Laboratory 3610 Collins Ferry Road Morgantown, WV 26507-0880;Technology Assessment for Fundamental Research on Percussion Drilling: Improved Rock Mechanics Analysis, Advanced Simulation Technology, and Full-Scale Laboratory Investigations CONTRACT NO. DE-FC26-03NT41999 Prepared by Gang Han, PhD Mike Bruno, PhD Principal Authors Terralog Technologies USA, Inc. Arcadia, California Prepared for U.S. Department of Energy National Energy Technology Laboratory 3610 Collins Ferry Road Morgantown, WV 26507-0880;ND;ND;ND;ND;ND;ND;ND;ND;free;primary;not_applicable;ND;ND;https://www.netl.doe.gov/files/oil-gas/41999_Technology-AssessmentDraft.pdf;ND;4;B;V2;200;V2: institution certifiée 3/3, URL ouverte anonymement, titre et contenu vérifiés automatiquement. V3 réservé à une validation plus forte.;8c0ccb7a4f837b4690c88e02ebb5268fdb8276e740aec0c2ad9ae2caa87aa22e
463;DOC-1776FDFCC56406585932;research;ND;42270-Technology-Status-Assessment---Ph--I.pdf | netl.doe.gov;https://www.netl.doe.gov/files/oil-gas/42270-Technology-Status-Assessment---Ph--I.pdf;https://www.netl.doe.gov/files/oil-gas/42270-Technology-Status-Assessment---Ph--I.pdf;Learn More;ND;United States;North America;official_research_institution;ND;ND;2026-10-03T23:04:38.835Z;institutional_primary;en;"Systematic Engine Uprate Technology Development & Deployment for Pipeline Compressor Engines through Increased Torque – Phase I TECHNOLOGY STATUS ASSESSMENT ""This Technology Status Assessment was prepared with the support of the U.S. Department of Energy, under Award No. DE-FC26-04NT42270. However, any opinions, findings, conclusions, or recommendations expressed herein are those of the author(s) and do not necessarily reflect the views of the DOE"". Engine Uprate Summary The objective of this project is to increase the capacity of the existing U.S.";"Systematic Engine Uprate Technology Development & Deployment for Pipeline Compressor Engines through Increased Torque – Phase I TECHNOLOGY STATUS ASSESSMENT ""This Technology Status Assessment was prepared with the support of the U.S. Department of Energy, under Award No. DE-FC26-04NT42270. However, any opinions, findings, conclusions, or recommendations expressed herein are those of the author(s) and do not necessarily reflect the views of the DOE"". Engine Uprate Summary The objective of this project is to increase the capacity of the existing U.S.";ND;ND;ND;ND;ND;ND;ND;ND;free;primary;not_applicable;ND;ND;https://www.netl.doe.gov/files/oil-gas/42270-Technology-Status-Assessment---Ph--I.pdf;ND;4;B;V2;200;V2: institution certifiée 3/3, URL ouverte anonymement, titre et contenu vérifiés automatiquement. V3 réservé à une validation plus forte.;fec27476e027bce0b97ca8ec42c8b98312344fefab6c59b986743aea7b64c319
464;DOC-E2CAA5F614649FDBCD31;research;ND;"Accelerator Technologies &ndash; Lawrence Berkeley National Laboratory";https://www.lbl.gov/research/accelerator-technologies/;ND;Learn More;ND;United States;North America;official_research_institution;ND;ND;2026-10-03T23:04:22.599Z;institutional_primary;en;Next-generation particle accelerators for new advances in fundamental science & solutions in healthcare, security, clean energy, & more.;Next-generation particle accelerators for new advances in fundamental science & solutions in healthcare, security, clean energy, & more.;ND;ND;ND;ND;ND;ND;ND;ND;free;primary;not_applicable;ND;ND;https://www.lbl.gov/research/accelerator-technologies/;ND;2;B;V2;200;V2: institution certifiée 3/3, URL ouverte anonymement, titre et contenu vérifiés automatiquement. V3 réservé à une validation plus forte.;033101a9f06fb22207260b33ffd86cd3499947d35a33baec2645bc9e6ef2e41c
465;DOC-A3A3473669F8882EFC91;research;ND;"Access Our Facilities &ndash; Lawrence Berkeley National Laboratory";https://www.lbl.gov/engage/access-our-facilities/;ND;Learn More;ND;United States;North America;official_research_institution;ND;ND;2026-10-03T23:04:22.778Z;institutional_primary;en;"Innovators come to Berkeley Lab to solve complex challenges using advanced instruments and facilities that can&#039;t be found anywhere else.";"Innovators come to Berkeley Lab to solve complex challenges using advanced instruments and facilities that can&#039;t be found anywhere else.";ND;ND;ND;ND;ND;ND;ND;ND;free;primary;not_applicable;ND;ND;https://www.lbl.gov/engage/access-our-facilities/;ND;1;B;V2;200;V2: institution certifiée 3/3, URL ouverte anonymement, titre et contenu vérifiés automatiquement. V3 réservé à une validation plus forte.;c8ff697372f1deb1e4a9966e3e2261ba967591f53778fa8b78df1f6583f819be
466;DOC-84E0445A522C9D4CA41B;research;ND;Actinide Science and Engineering Testbed - Savannah River National Laboratory;https://www.srnl.gov/fact-sheets/actinide-science-and-engineering-testbed/;ND;Learn More;ND;United States;North America;official_research_institution;ND;ND;2026-10-03T23:04:54.712Z;institutional_primary;en;Opportunities to utilize nuclear materials – power production, medical procedures, industrial applications – require facilities and a knowledgeable workforce specialized in nuclear materials or actinides, such as uranium and plutonium. While enabling very positive civilian uses, actinides are also critical components in manufacturing nuclear weapons.;Opportunities to utilize nuclear materials – power production, medical procedures, industrial applications – require facilities and a knowledgeable workforce specialized in nuclear materials or actinides, such as uranium and plutonium. While enabling very positive civilian uses, actinides are also critical components in manufacturing nuclear weapons.;ND;ND;ND;ND;ND;ND;ND;ND;free;primary;not_applicable;ND;ND;https://www.srnl.gov/fact-sheets/actinide-science-and-engineering-testbed/;ND;2;B;V2;200;V2: institution certifiée 3/3, URL ouverte anonymement, titre et contenu vérifiés automatiquement. V3 réservé à une validation plus forte.;8b54e68f764d4458c954632d3efd7d2abebe18f65ed5b2b0629122010e92945a
467;DOC-855105E916C7B834279F;research;ND;Advanced Materials and Manufacturing at LLNL | Lawrence Livermore National Laboratory;https://www.llnl.gov/science-technology/advanced-materials-manufacturing;ND;Learn More;ND;United States;North America;official_research_institution;ND;ND;2026-10-03T23:04:36.923Z;institutional_primary;en;"LLNL&#039;s Advanced Materials and Manufacturing research takes a multidisciplinary approach to meet the need for rapid development of innovative materials and processes. Learn more about our groundbreaking work in this area.";"LLNL&#039;s Advanced Materials and Manufacturing research takes a multidisciplinary approach to meet the need for rapid development of innovative materials and processes. Learn more about our groundbreaking work in this area.";ND;ND;ND;ND;ND;ND;ND;ND;free;primary;not_applicable;ND;ND;https://www.llnl.gov/science-technology/advanced-materials-manufacturing;ND;4;B;V2;200;V2: institution certifiée 3/3, URL ouverte anonymement, titre et contenu vérifiés automatiquement. V3 réservé à une validation plus forte.;6462cfcd37f66c8d5d7a550a4821c27e74a0eec50a4e2368bc3a8486d7b4b20b
468;DOC-729A38FBF72F092E052D;research;ND;Advanced Research Projects Agency-Energy 2025 Energy Innovation Summit | Conference | PNNL;https://www.pnnl.gov/events/advanced-research-projects-agency-energy-2025-energy-innovation-summit;ND;Learn More;ND;United States;North America;official_research_institution;ND;ND;2026-10-03T23:04:33.269Z;institutional_primary;en;Learn about innovations in the Department of Energy’s Advanced Research Projects Agency-Energy (ARPA-E) projects that have the potential to increase efficiency, decrease emissions, and drive U.S. technological leadership.;Learn about innovations in the Department of Energy’s Advanced Research Projects Agency-Energy (ARPA-E) projects that have the potential to increase efficiency, decrease emissions, and drive U.S. technological leadership.;ND;ND;ND;ND;ND;ND;ND;ND;free;primary;not_applicable;ND;ND;https://www.pnnl.gov/events/advanced-research-projects-agency-energy-2025-energy-innovation-summit;ND;4;B;V2;200;V2: institution certifiée 3/3, URL ouverte anonymement, titre et contenu vérifiés automatiquement. V3 réservé à une validation plus forte.;78a056d3a80b8ac1b70bacb360db288e98acdead591d4679ffbd28be61eb8a7f
469;DOC-779A25B6C4F04BB4F423;research;ND;"AI Projects &ndash; Lawrence Berkeley National Laboratory";https://www.lbl.gov/ai-projects/;ND;Learn More;ND;United States;North America;official_research_institution;ND;ND;2026-10-03T23:04:22.892Z;institutional_primary;en;Our research focuses on discovery science and solutions for abundant and reliable energy supplies.;Our research focuses on discovery science and solutions for abundant and reliable energy supplies.;ND;ND;ND;ND;ND;ND;ND;ND;free;primary;not_applicable;ND;ND;https://www.lbl.gov/ai-projects/;ND;1;B;V2;200;V2: institution certifiée 3/3, URL ouverte anonymement, titre et contenu vérifiés automatiquement. V3 réservé à une validation plus forte.;fd11665dd1c687d54c20a011a1a343748e1b5648489a0e0d62280ff1abb5f5c8
470;DOC-17B036D69C40F14316B4;research;ND;Ames National Laboratory to lead DOE Mine of the Future project | Ames Laboratory;https://www.ameslab.gov/news/ames-national-laboratory-to-lead-doe-mine-of-the-future-project;ND;Learn More;ND;United States;North America;official_research_institution;2026-09-30T12:00:00Z;ND;2026-10-03T23:03:59.553Z;institutional_primary;en;"Ames National Laboratory has been selected to receive $1.5 million through the U.S. Department of Energy&#039;s Mine of the Future Research, Development, and Demonstration initiative, which supports technologies designed to modernize mining practices and strengthen domestic critical mineral supply chains.";"Ames National Laboratory has been selected to receive $1.5 million through the U.S. Department of Energy&#039;s Mine of the Future Research, Development, and Demonstration initiative, which supports technologies designed to modernize mining practices and strengthen domestic critical mineral supply chains.";ND;ND;ND;ND;ND;ND;ND;ND;free;primary;not_applicable;ND;ND;https://www.ameslab.gov/news/ames-national-laboratory-to-lead-doe-mine-of-the-future-project;ND;2;B;V2;200;V2: institution certifiée 3/3, URL ouverte anonymement, titre et contenu vérifiés automatiquement. V3 réservé à une validation plus forte.;e373c0c1a137ee2c96d06f8f56816e6df929e84f15a00fa3f92a04081b652bf4
471;DOC-4D6AE6E9B8FE6FDF0120;research;ND;ANS Materials Science and Technology Division 2015 Significant Contribution Award | ORNL;https://www.ornl.gov/award/ans-materials-science-and-technology-division-2015-significant-contribution-award;ND;Learn More;ND;United States;North America;official_research_institution;Tue, 09/27/2016 - 10:39;ND;2026-10-03T23:04:30.753Z;institutional_primary;en;facebook Facebook linkedin LinkedIn youtube YouTube flickr flickr Partner with ORNL Visit Contact Menu Strategic Priorities Future of Computing AI Autonomous Science Quantum Nuclear Solutions Isotopes Nuclear Fusion Atoms to Applications Materials Neutron Sciences Biotechnology Resilient Energy Systems Grid National Security Science Areas Biology & Environment Energy Science Fusion & Fission Isotopes Physical Sciences National Security Neutron Science Supercomputing Work With Us User Facilities Educational Programs Procurement Small Business Programs About Us Overview Leadership Team Visiting ORNL Our Values History Careers News Partner with ORNL Visit Contact Hit enter to search or ESC to close Hit enter to search or ESC to close --> About Groups Advanced Reactor Engineering NRC Projects Office Neutronics Nuclear Data and Criticality Safety Nuclear Experiments and Irradiation Testing Nu;facebook Facebook linkedin LinkedIn youtube YouTube flickr flickr Partner with ORNL Visit Contact Menu Strategic Priorities Future of Computing AI Autonomous Science Quantum Nuclear Solutions Isotopes Nuclear Fusion Atoms to Applications Materials Neutron Sciences Biotechnology Resilient Energy Systems Grid National Security Science Areas Biology & Environment Energy Science Fusion & Fission Isotopes Physical Sciences National Security Neutron Science Supercomputing Work With Us User Facilities Educational Programs Procurement Small Business Programs About Us Overview Leadership Team Visiting ORNL Our Values History Careers News Partner with ORNL Visit Contact Hit enter to search or ESC to close Hit enter to search or ESC to close --> About Groups Advanced Reactor Engineering NRC Projects Office Neutronics Nuclear Data and Criticality Safety Nuclear Experiments and Irradiation Testing Nu;ND;ND;ND;ND;ND;ND;ND;ND;free;primary;not_applicable;ND;ND;https://www.ornl.gov/award/ans-materials-science-and-technology-division-2015-significant-contribution-award;ND;4;B;V2;200;V2: institution certifiée 3/3, URL ouverte anonymement, titre et contenu vérifiés automatiquement. V3 réservé à une validation plus forte.;82608d8ba30d68105ec6481b081214d2134538725157955ba942e974e81f65cd
472;DOC-2022D9FA11BEFBC96806;research;ND;Applied Materials Science for Waste Immobilization - Savannah River National Laboratory;https://www.srnl.gov/fact-sheets/applied-materials-science-for-waste-immobilization/;ND;Learn More;ND;United States;North America;official_research_institution;ND;ND;2026-10-03T23:04:54.866Z;institutional_primary;en;Applied Materials Science for Waste Immobilization Applied Sciences Savannah River National Lab (SRNL) continues to develop glass and ceramic materials to stabilize nuclear waste. These materials chemically bind the radioactive and hazardous components into a solid, durable material that will withstand degradation for thousands of years. The choice between glass, ceramic, or glass-ceramic materials is...;Applied Materials Science for Waste Immobilization Applied Sciences Savannah River National Lab (SRNL) continues to develop glass and ceramic materials to stabilize nuclear waste. These materials chemically bind the radioactive and hazardous components into a solid, durable material that will withstand degradation for thousands of years. The choice between glass, ceramic, or glass-ceramic materials is...;ND;ND;ND;ND;ND;ND;ND;ND;free;primary;not_applicable;ND;ND;https://www.srnl.gov/fact-sheets/applied-materials-science-for-waste-immobilization/;ND;2;B;V2;200;V2: institution certifiée 3/3, URL ouverte anonymement, titre et contenu vérifiés automatiquement. V3 réservé à une validation plus forte.;17bcb9514ad4d9915bd5e2e20b102eab1b6a679f7ba32472d977a9d719eccb2b
473;DOC-CE1E21D4581ADAEEFD6F;research;ND;As Local Power Grows, Utilities Reorganize for Resilience | NLR;https://www.nlr.gov/news/detail/program/2026/as-local-power-grows-utilities-reorganize-for-resilience;ND;Learn More;ND;United States;North America;official_research_institution;ND;ND;2026-10-03T23:04:51.230Z;institutional_primary;en;A powerline is a lifeline. If a remote community is cut off, so goes its gas pumps, the airport control towers, the communication networks. Its people are on their own.;A powerline is a lifeline. If a remote community is cut off, so goes its gas pumps, the airport control towers, the communication networks. Its people are on their own.;ND;ND;ND;ND;ND;ND;ND;ND;free;primary;not_applicable;ND;ND;https://www.nlr.gov/news/detail/program/2026/as-local-power-grows-utilities-reorganize-for-resilience;ND;2;B;V2;200;V2: institution certifiée 3/3, URL ouverte anonymement, titre et contenu vérifiés automatiquement. V3 réservé à une validation plus forte.;3aa199315d25f84387ca7c5d9cda38e6b1bbb3094b4a8a1247480ddac8d089ad
474;DOC-E407EF8B0E735CA53144;research;ND;AVLIS Technology Transfer | Lawrence Livermore National Laboratory;https://www.llnl.gov/avlis-technology-transfer;ND;Learn More;ND;United States;North America;official_research_institution;ND;ND;2026-10-03T23:04:37.209Z;institutional_primary;en;Large-scale Atomic Vapor Laser Isotope Separation (AVLIS) operations began in 1986, the year after the DOE selected AVLIS as having the best potential to provide a low-cost, environmentally sound method to enrich uranium and replace, in an orderly way, the nation’s aging gaseous diffusion plants. Major technological improvements made in the 1990s brought uranium AVLIS—as well as AVLIS for plutonium—to the level of routine plant-scale operations.An important milestone was reached in September 1991 when the Uranium Demonstration system at Livermore met all objectives in an integrated operational;Large-scale Atomic Vapor Laser Isotope Separation (AVLIS) operations began in 1986, the year after the DOE selected AVLIS as having the best potential to provide a low-cost, environmentally sound method to enrich uranium and replace, in an orderly way, the nation’s aging gaseous diffusion plants. Major technological improvements made in the 1990s brought uranium AVLIS—as well as AVLIS for plutonium—to the level of routine plant-scale operations.An important milestone was reached in September 1991 when the Uranium Demonstration system at Livermore met all objectives in an integrated operational;ND;ND;ND;ND;ND;ND;ND;ND;free;primary;not_applicable;ND;ND;https://www.llnl.gov/avlis-technology-transfer;ND;2;B;V2;200;V2: institution certifiée 3/3, URL ouverte anonymement, titre et contenu vérifiés automatiquement. V3 réservé à une validation plus forte.;662f396c0d3a491b3e6483838b66c929df1f441eb56917441b3483795239feb4
475;DOC-7C73B84D6D146F974B8C;research;ND;"Bioenergy and Biofuels &ndash; Lawrence Berkeley National Laboratory";https://www.lbl.gov/research/bioenergy-biofuels/;ND;Learn More;ND;United States;North America;official_research_institution;ND;ND;2026-10-03T23:04:22.390Z;institutional_primary;en;Our experts in plant genomics, bioengineering, manufacturing, and analysis are working to make green fuels accessible and equitable for all.;Our experts in plant genomics, bioengineering, manufacturing, and analysis are working to make green fuels accessible and equitable for all.;ND;ND;ND;ND;ND;ND;ND;ND;free;primary;not_applicable;ND;ND;https://www.lbl.gov/research/bioenergy-biofuels/;ND;2;B;V2;200;V2: institution certifiée 3/3, URL ouverte anonymement, titre et contenu vérifiés automatiquement. V3 réservé à une validation plus forte.;6d29a58e92d90c8b45cadf790cb13e70a8865b221c5c51212883775e9d9ed3f6
476;DOC-5A35262E9D5002B9F47A;research;ND;Bioscience & Bioengineering | Lawrence Livermore National Laboratory;https://www.llnl.gov/science-technology/bioscience-bioengineering;ND;Learn More;ND;United States;North America;official_research_institution;ND;ND;2026-10-03T23:04:36.880Z;institutional_primary;en;"Lawrence Livermore National Laboratory&#039;s experts in immunology, genomics, bioengineering, biotechnology and biomaterials tackle urgent challenges threatening human health and safety. Learn more about our work in bioscience and bioengineering.";"Lawrence Livermore National Laboratory&#039;s experts in immunology, genomics, bioengineering, biotechnology and biomaterials tackle urgent challenges threatening human health and safety. Learn more about our work in bioscience and bioengineering.";ND;ND;ND;ND;ND;ND;ND;ND;free;primary;not_applicable;ND;ND;https://www.llnl.gov/science-technology/bioscience-bioengineering;ND;4;B;V2;200;V2: institution certifiée 3/3, URL ouverte anonymement, titre et contenu vérifiés automatiquement. V3 réservé à une validation plus forte.;7f363902d391db74c3836f830e167c2624c0e727e357c0a05ef571998cc82f29
477;DOC-AC8515793921D6444028;research;ND;BNL | Computing and Data Sciences;https://www.bnl.gov/compsci/;ND;Learn More;ND;United States;North America;official_research_institution;ND;ND;2026-10-03T23:04:22.375Z;institutional_primary;en;Brookhaven Lab is establishing itself as a global leader in tackling the challenges of Big Data, building on our existing expertise, capabilities, and investments in computational science and data management, and enabling scientific discovery in large-scale experimental environments.;Brookhaven Lab is establishing itself as a global leader in tackling the challenges of Big Data, building on our existing expertise, capabilities, and investments in computational science and data management, and enabling scientific discovery in large-scale experimental environments.;ND;ND;ND;ND;ND;ND;ND;ND;free;primary;not_applicable;ND;ND;https://www.bnl.gov/compsci/;ND;2;B;V2;200;V2: institution certifiée 3/3, URL ouverte anonymement, titre et contenu vérifiés automatiquement. V3 réservé à une validation plus forte.;d87c2faacb9672c21a562c395517e67328720b62e0eff211001a99d484497d1f
478;DOC-936F60A9CF762BA8A521;research;ND;BNL | Computing and Data Sciences | Scientific Computing and Data Facilities;https://www.bnl.gov/compsci/scdf/;ND;Learn More;ND;United States;North America;official_research_institution;ND;ND;2026-10-03T23:04:22.447Z;institutional_primary;en;SCDF offers a single-point facility with high-throughput, high-performance, and data-intensive computing along with data management, storage, analysis, and preservation capabilities that support scientific programs in domains spanning physics, biology, climate, and energy.;SCDF offers a single-point facility with high-throughput, high-performance, and data-intensive computing along with data management, storage, analysis, and preservation capabilities that support scientific programs in domains spanning physics, biology, climate, and energy.;ND;ND;ND;ND;ND;ND;ND;ND;free;primary;not_applicable;ND;ND;https://www.bnl.gov/compsci/scdf/;ND;2;B;V2;200;V2: institution certifiée 3/3, URL ouverte anonymement, titre et contenu vérifiés automatiquement. V3 réservé à une validation plus forte.;b4d3a2b2f215e20c31ade5002b01d33778c2fc0dc90202aac688ed170dfa1c9c
479;DOC-188DC448670641B97B57;research;ND;BNL | Computing and Data Sciences | Systems, Architectures, and Computing Technologies;https://www.bnl.gov/compsci/research/systems/;ND;Learn More;ND;United States;North America;official_research_institution;ND;ND;2026-10-03T23:04:22.287Z;institutional_primary;en;Research focuses on data-centric architectures and systems and other areas spanning the hardware-software stack, including memory and storage, AI architectures, and modeling and simulation (ModSim).;Research focuses on data-centric architectures and systems and other areas spanning the hardware-software stack, including memory and storage, AI architectures, and modeling and simulation (ModSim).;ND;ND;ND;ND;ND;ND;ND;ND;free;primary;not_applicable;ND;ND;https://www.bnl.gov/compsci/research/systems/;ND;2;B;V2;200;V2: institution certifiée 3/3, URL ouverte anonymement, titre et contenu vérifiés automatiquement. V3 réservé à une validation plus forte.;e10cceb365bb3fad66b8dda7256e4a056c9304c4963778d328fee84f0a2ca9ee
480;DOC-A1A4D69D7583BB15E3EB;research;ND;BNL | Energy & Photon Sciences;https://www.bnl.gov/energysci/;ND;Learn More;ND;United States;North America;official_research_institution;ND;ND;2026-10-03T23:04:22.996Z;institutional_primary;en;the Energy & Photon Sciences Directorate focuses on scientific challenges in chemistry for sustainable energy, advanced materials, energy storage, energy delivery and efficiency, photon science, and nanoscience.;the Energy & Photon Sciences Directorate focuses on scientific challenges in chemistry for sustainable energy, advanced materials, energy storage, energy delivery and efficiency, photon science, and nanoscience.;ND;ND;ND;ND;ND;ND;ND;ND;free;primary;not_applicable;ND;ND;https://www.bnl.gov/energysci/;ND;2;B;V2;200;V2: institution certifiée 3/3, URL ouverte anonymement, titre et contenu vérifiés automatiquement. V3 réservé à une validation plus forte.;40e2a86960b0f4b01cb6a9dbf540c48a72da08f4e9415a7a9ea3094f4a09c673
481;DOC-817F696313D49AA82AAD;research;ND;BNL | Environment and Energy Division;https://www.bnl.gov/envsci/;ND;Learn More;ND;United States;North America;official_research_institution;ND;ND;2026-10-03T23:04:22.957Z;institutional_primary;en;The Environment and Energy Division investigates Earth’s environment and climate systems by undertaking laboratory studies, performing modeling and theoretical analyses, and designing and deploying field programs.;The Environment and Energy Division investigates Earth’s environment and climate systems by undertaking laboratory studies, performing modeling and theoretical analyses, and designing and deploying field programs.;ND;ND;ND;ND;ND;ND;ND;ND;free;primary;not_applicable;ND;ND;https://www.bnl.gov/envsci/;ND;2;B;V2;200;V2: institution certifiée 3/3, URL ouverte anonymement, titre et contenu vérifiés automatiquement. V3 réservé à une validation plus forte.;b67a5c4fb3f2ff6fb3d6c0647aa96652e7d7510d5366d6afd61cf82d6e0ece2c
482;DOC-4D0D5B920191CE3C3FAD;research;ND;BNL | Environment, Biology, Nuclear Science & Nonproliferation;https://www.bnl.gov/ebnn/;ND;Learn More;ND;United States;North America;official_research_institution;ND;ND;2026-10-03T23:04:22.560Z;institutional_primary;en;The Environment, Biology, Nuclear Science & Nonproliferation (EBNN) Directorate conducts fundamental research and develops technology to enable the transition to a secure, sustainable and resilient net-zero society.;The Environment, Biology, Nuclear Science & Nonproliferation (EBNN) Directorate conducts fundamental research and develops technology to enable the transition to a secure, sustainable and resilient net-zero society.;ND;ND;ND;ND;ND;ND;ND;ND;free;primary;not_applicable;ND;ND;https://www.bnl.gov/ebnn/;ND;2;B;V2;200;V2: institution certifiée 3/3, URL ouverte anonymement, titre et contenu vérifiés automatiquement. V3 réservé à une validation plus forte.;bddb325222271b65eb3579abd71062997e00571b720eab80dde7ec8df10e6d5c
483;DOC-0F27BDEFD028250275B5;research;ND;BNL | Environmental Science and Technologies;https://www.bnl.gov/science/energy/;ND;Learn More;ND;United States;North America;official_research_institution;ND;ND;2026-10-03T23:04:23.092Z;institutional_primary;en;Brookhaven National Lab leverages world-leading materials science and chemistry research facilities to develop secure energy solutions.;Brookhaven National Lab leverages world-leading materials science and chemistry research facilities to develop secure energy solutions.;ND;ND;ND;ND;ND;ND;ND;ND;free;primary;not_applicable;ND;ND;https://www.bnl.gov/science/energy/;ND;2;B;V2;200;V2: institution certifiée 3/3, URL ouverte anonymement, titre et contenu vérifiés automatiquement. V3 réservé à une validation plus forte.;3a778d9ef5e045ed3b7a5612b19237230a531f8176458c4b505b527c129c886a
484;DOC-EA9B845533AD1371F4E9;research;ND;BNL | High Energy Physics;https://www.bnl.gov/science/high-energy-physics.php;ND;Learn More;ND;United States;North America;official_research_institution;ND;ND;2026-10-03T23:04:23.144Z;institutional_primary;en;Brookhaven Lab collaborates on leading experiments around the world that seek to answer questions about the universe including the origin of mass, the behavior of neutrinos, and the nature of dark matter and dark energy.;Brookhaven Lab collaborates on leading experiments around the world that seek to answer questions about the universe including the origin of mass, the behavior of neutrinos, and the nature of dark matter and dark energy.;ND;ND;ND;ND;ND;ND;ND;ND;free;primary;not_applicable;ND;ND;https://www.bnl.gov/science/high-energy-physics.php;ND;2;B;V2;200;V2: institution certifiée 3/3, URL ouverte anonymement, titre et contenu vérifiés automatiquement. V3 réservé à une validation plus forte.;fb0543dc3ea9a739af033ddfb8f7c79ed8071b588053e3711fd44e26c3a64b67
485;DOC-AED1CB480C5E023F40AD;research;ND;BNL | Innovation, Science, and Security Directorate;https://www.bnl.gov/iss/;ND;Learn More;ND;United States;North America;official_research_institution;ND;ND;2026-10-03T23:04:22.719Z;institutional_primary;en;The Innovation, Science, and Security Directorate integrates world-class expertise in biology, environmental science, microelectronics, quantum information science and technology, accelerator science, detector science, instrumentation, isotope production, artificial intelligence, nuclear science, and national security to accelerate scientific discovery, technology innovation, and solutions to society;The Innovation, Science, and Security Directorate integrates world-class expertise in biology, environmental science, microelectronics, quantum information science and technology, accelerator science, detector science, instrumentation, isotope production, artificial intelligence, nuclear science, and national security to accelerate scientific discovery, technology innovation, and solutions to society;ND;ND;ND;ND;ND;ND;ND;ND;free;primary;not_applicable;ND;ND;https://www.bnl.gov/iss/;ND;2;B;V2;200;V2: institution certifiée 3/3, URL ouverte anonymement, titre et contenu vérifiés automatiquement. V3 réservé à une validation plus forte.;03e77fff234b371e33629da0e991a99963437fe4c335608e42ffe455eac9ba7a
486;DOC-67D3469C333C100C30F9;research;ND;BNL | National Security Program Office (NSPO);https://www.bnl.gov/science/national-security.php;ND;Learn More;ND;United States;North America;official_research_institution;ND;ND;2026-10-03T23:04:23.388Z;institutional_primary;en;The National Security Program Office seeks to enhance the laboratory’s science mission and achieve tangible national security impact for the nation by appropriately utilizing and coordinating Brookhaven Lab’s world-class science and technology expertise on national security problems.;The National Security Program Office seeks to enhance the laboratory’s science mission and achieve tangible national security impact for the nation by appropriately utilizing and coordinating Brookhaven Lab’s world-class science and technology expertise on national security problems.;ND;ND;ND;ND;ND;ND;ND;ND;free;primary;not_applicable;ND;ND;https://www.bnl.gov/science/national-security.php;ND;2;B;V2;200;V2: institution certifiée 3/3, URL ouverte anonymement, titre et contenu vérifiés automatiquement. V3 réservé à une validation plus forte.;8b46fb6066f9b47e1dcd62c35d77839c48ff94c6d1e5a473bcbe50452885eac0
487;DOC-117716133FD0859838B4;research;ND;BNL | Our Science;https://www.bnl.gov/science/;ND;Learn More;ND;United States;North America;official_research_institution;ND;ND;2026-10-03T23:04:21.900Z;institutional_primary;en;Because you are not running JavaScript or allowing active scripting, some features on this page may not work. | Enable JavaScript;Because you are not running JavaScript or allowing active scripting, some features on this page may not work. | Enable JavaScript;ND;ND;ND;ND;ND;ND;ND;ND;free;primary;not_applicable;ND;ND;https://www.bnl.gov/science/;ND;3;B;V2;200;V2: institution certifiée 3/3, URL ouverte anonymement, titre et contenu vérifiés automatiquement. V3 réservé à une validation plus forte.;2cfecb0a3fcbad995399ccc6a632411a5979d46d08294ce6b23bbb593927298a
488;DOC-37E2D30C5584EB8D77E6;research;ND;BNL | Research Facilities;https://www.bnl.gov/science/facilities.php;ND;Learn More;ND;United States;North America;official_research_institution;ND;ND;2026-10-03T23:04:23.116Z;institutional_primary;en;Brookhaven National Lab excels at the design, construction, and operation of large-scale, cutting-edge research facilities—some available nowhere else in the world.;Brookhaven National Lab excels at the design, construction, and operation of large-scale, cutting-edge research facilities—some available nowhere else in the world.;ND;ND;ND;ND;ND;ND;ND;ND;free;primary;not_applicable;ND;ND;https://www.bnl.gov/science/facilities.php;ND;2;B;V2;200;V2: institution certifiée 3/3, URL ouverte anonymement, titre et contenu vérifiés automatiquement. V3 réservé à une validation plus forte.;12ebaa9110c69ace5624ea4653519aa472e563440b3b0a50c3a4c0a1cebe9566
489;DOC-1DC8BB52E2DDE71A1019;research;ND;BNL | Research Partnerships and Technology Transfer;https://www.bnl.gov/techtransfer/;ND;Learn More;ND;United States;North America;official_research_institution;ND;ND;2026-10-03T23:04:23.612Z;institutional_primary;en;Brookhaven’s world-renowned research facilities are open to the private sector, academia, and other agencies for research and development work. Our technologies are available for licensing to the private sector—including start-up companies—to develop these early-stage innovations into commercial products.;Brookhaven’s world-renowned research facilities are open to the private sector, academia, and other agencies for research and development work. Our technologies are available for licensing to the private sector—including start-up companies—to develop these early-stage innovations into commercial products.;ND;ND;ND;ND;ND;ND;ND;ND;free;primary;not_applicable;ND;ND;https://www.bnl.gov/techtransfer/;ND;2;B;V2;200;V2: institution certifiée 3/3, URL ouverte anonymement, titre et contenu vérifiés automatiquement. V3 réservé à une validation plus forte.;948ed659e7c7bee60ed3b42d2df7c713ced707f744d3f1b3e487279735039b51
490;DOC-BABE64E1D99B413D3361;research;ND;Bruce Kay Elected as Trustee for AVS Science and Technology of Materials, Interfaces, and Processes | Staff Accomplishment | PNNL;https://www.pnnl.gov/news-media/bruce-kay-elected-trustee-avs-science-and-technology-materials-interfaces-and-processes;ND;Learn More;ND;United States;North America;official_research_institution;2020-12-11T04:00:00-0800;ND;2026-10-03T23:04:34.560Z;institutional_primary;en;Beginning in 2021, PNNL chemical physicist Bruce Kay begins a three-year term as an AVS trustee, part of a six-member committee responsible for overseeing the administration of student scholarships and major society awards.;Beginning in 2021, PNNL chemical physicist Bruce Kay begins a three-year term as an AVS trustee, part of a six-member committee responsible for overseeing the administration of student scholarships and major society awards.;ND;ND;ND;ND;ND;ND;ND;ND;free;primary;not_applicable;ND;ND;https://www.pnnl.gov/news-media/bruce-kay-elected-trustee-avs-science-and-technology-materials-interfaces-and-processes;ND;4;B;V2;200;V2: institution certifiée 3/3, URL ouverte anonymement, titre et contenu vérifiés automatiquement. V3 réservé à une validation plus forte.;dc472376de9eb3ba778bed141da88d04789e6125e0019ca2f77b6794bb194f38
491;DOC-AAFFA54E074E4D29760A;research;ND;Buchanan named Deputy for Science and Technology at Oak Ridge National Laboratory;https://www.ornl.gov/news/buchanan-named-deputy-science-and-technology-oak-ridge-national-laboratory;ND;Learn More;ND;United States;North America;official_research_institution;Thu, 07/20/2017 - 12:00;ND;2026-10-03T23:04:30.752Z;institutional_primary;en;facebook Facebook linkedin LinkedIn youtube YouTube flickr flickr Partner with ORNL Visit Contact Menu Strategic Priorities Future of Computing AI Autonomous Science Quantum Nuclear Solutions Isotopes Nuclear Fusion Atoms to Applications Materials Neutron Sciences Biotechnology Resilient Energy Systems Grid National Security Science Areas Biology & Environment Energy Science Fusion & Fission Isotopes Physical Sciences National Security Neutron Science Supercomputing Work With Us User Facilities Educational Programs Procurement Small Business Programs About Us Overview Leadership Team Visiting ORNL Our Values History Careers News Partner with ORNL Visit Contact Hit enter to search or ESC to close Hit enter to search or ESC to close --> News Buchanan named Deputy for Science and Technology at Oak Ridge National Laboratory Published: July 20, 2017 OAK RIDGE, Tenn., July 20, 2017—Michelle Bu;facebook Facebook linkedin LinkedIn youtube YouTube flickr flickr Partner with ORNL Visit Contact Menu Strategic Priorities Future of Computing AI Autonomous Science Quantum Nuclear Solutions Isotopes Nuclear Fusion Atoms to Applications Materials Neutron Sciences Biotechnology Resilient Energy Systems Grid National Security Science Areas Biology & Environment Energy Science Fusion & Fission Isotopes Physical Sciences National Security Neutron Science Supercomputing Work With Us User Facilities Educational Programs Procurement Small Business Programs About Us Overview Leadership Team Visiting ORNL Our Values History Careers News Partner with ORNL Visit Contact Hit enter to search or ESC to close Hit enter to search or ESC to close --> News Buchanan named Deputy for Science and Technology at Oak Ridge National Laboratory Published: July 20, 2017 OAK RIDGE, Tenn., July 20, 2017—Michelle Bu;ND;ND;ND;ND;ND;ND;ND;ND;free;primary;not_applicable;ND;ND;https://www.ornl.gov/news/buchanan-named-deputy-science-and-technology-oak-ridge-national-laboratory;ND;4;B;V2;200;V2: institution certifiée 3/3, URL ouverte anonymement, titre et contenu vérifiés automatiquement. V3 réservé à une validation plus forte.;b08f7e5e40e60ce69c58c8fe07e8f577162d357dd44830b84660f37b981ea8df
492;DOC-998FA9F7B17466BA20D8;research;ND;Business Travel Accident Program | Lawrence Livermore National Laboratory;https://www.llnl.gov/join-our-team/benefits/health-welfare/business-travel-accident-program;ND;Learn More;ND;United States;North America;official_research_institution;ND;ND;2026-10-03T23:04:37.533Z;institutional_primary;en;Business Travel Accident Program Summary ID Theft Assistance Overview Travel Guard ID Card Travel Guard Services Overview;Business Travel Accident Program Summary ID Theft Assistance Overview Travel Guard ID Card Travel Guard Services Overview;ND;ND;ND;ND;ND;ND;ND;ND;free;primary;not_applicable;ND;ND;https://www.llnl.gov/join-our-team/benefits/health-welfare/business-travel-accident-program;ND;2;B;V2;200;V2: institution certifiée 3/3, URL ouverte anonymement, titre et contenu vérifiés automatiquement. V3 réservé à une validation plus forte.;0362f31c5382f0a98344ac926ef287e66e9e35d10bbe49b9afdc4aa290061314
493;DOC-6ECBAA79CF70461CD9D5;research;ND;Can Surge Wave Tech Survive the Open Ocean? | NLR;https://www.nlr.gov/news/detail/program/2026/can-surge-wave-tech-survive-the-open-ocean;ND;Learn More;ND;United States;North America;official_research_institution;ND;ND;2026-10-03T23:04:51.607Z;institutional_primary;en;This article is the first in a series highlighting NLR facilities and capabilities accessible through the TEAMER program.;This article is the first in a series highlighting NLR facilities and capabilities accessible through the TEAMER program.;ND;ND;ND;ND;ND;ND;ND;ND;free;primary;not_applicable;ND;ND;https://www.nlr.gov/news/detail/program/2026/can-surge-wave-tech-survive-the-open-ocean;ND;2;B;V2;200;V2: institution certifiée 3/3, URL ouverte anonymement, titre et contenu vérifiés automatiquement. V3 réservé à une validation plus forte.;e07db390562dcd65aaa22985773afe0cd5c2255669e3a0bbcf158be843f37fa2
494;DOC-B7819FD1C4AE36DAFFF4;research;ND;Chemical and Biological Sciences | Ames Laboratory;https://www.ameslab.gov/cbs;ND;Learn More;ND;United States;North America;official_research_institution;ND;ND;2026-10-03T23:03:59.632Z;institutional_primary;en;CBS explores chemical and physical processes at complex interfaces. Understanding these interactions is critical to transforming new feedstocks, recycling and repurposing materials, designing more efficient processes, and reducing energy costs.;CBS explores chemical and physical processes at complex interfaces. Understanding these interactions is critical to transforming new feedstocks, recycling and repurposing materials, designing more efficient processes, and reducing energy costs.;ND;ND;ND;ND;ND;ND;ND;ND;free;primary;not_applicable;ND;ND;https://www.ameslab.gov/cbs;ND;1;B;V2;200;V2: institution certifiée 3/3, URL ouverte anonymement, titre et contenu vérifiés automatiquement. V3 réservé à une validation plus forte.;e560d45e6c09568d9e99f1658bc17392409c410aa432c24c4bd18d1d6f3f1032
495;DOC-5243FC268C0F42CA879B;research;ND;Community Science & Technology Seminar Series - RFBs as Candidates for Large-Scale Energy Storage | Other | PNNL;https://www.pnnl.gov/events/community-science-technology-seminar-series-rfbs-candidates-large-scale-energy-storage;ND;Learn More;ND;United States;North America;official_research_institution;ND;ND;2026-10-03T23:04:33.301Z;institutional_primary;en;Community Science & Technology Seminar Series - RFBs as Candidates for Large-Scale Energy Storage | Other | PNNL Skip to main content PNNL About News & Media Careers Events Search Search Research Scientific Discovery Autonomous Science Biology Chemical Biology Computational Biology Ecosystem Science Human Health Cancer Biology Exposure Science & Pathogen Biology Integrative Omics Advanced Metabolomics Chemical Biology Mass Spectrometry-Based Measurement Technologies Spatial and Single-Cell Proteomics Structural Biology Microbiome Science Biofuels & Bioproducts Human Microbiome Soil Microbiome Synthetic Biology Predictive Phenomics Earth & Coastal Sciences Global Change Atmospheric Science Atmospheric Aerosols Human-Earth System Interactions Modeling Earth Systems Coastal Science Ecosystem Science Subsurface Science Terrestrial Aquatics Materials Sciences Materials in Extreme Environments;Community Science & Technology Seminar Series - RFBs as Candidates for Large-Scale Energy Storage | Other | PNNL Skip to main content PNNL About News & Media Careers Events Search Search Research Scientific Discovery Autonomous Science Biology Chemical Biology Computational Biology Ecosystem Science Human Health Cancer Biology Exposure Science & Pathogen Biology Integrative Omics Advanced Metabolomics Chemical Biology Mass Spectrometry-Based Measurement Technologies Spatial and Single-Cell Proteomics Structural Biology Microbiome Science Biofuels & Bioproducts Human Microbiome Soil Microbiome Synthetic Biology Predictive Phenomics Earth & Coastal Sciences Global Change Atmospheric Science Atmospheric Aerosols Human-Earth System Interactions Modeling Earth Systems Coastal Science Ecosystem Science Subsurface Science Terrestrial Aquatics Materials Sciences Materials in Extreme Environments;ND;ND;ND;ND;ND;ND;ND;ND;free;primary;not_applicable;ND;ND;https://www.pnnl.gov/events/community-science-technology-seminar-series-rfbs-candidates-large-scale-energy-storage;ND;4;B;V2;200;V2: institution certifiée 3/3, URL ouverte anonymement, titre et contenu vérifiés automatiquement. V3 réservé à une validation plus forte.;2341470bb5169a3b3fda1f942a04ebef8ae9539a9f38ccf43ba6ea3df6de01a2
496;DOC-FF0BEDF43119C96B9CFE;research;ND;Computing, Automation, Data Analytics, AI/ML | PNNL;https://www.pnnl.gov/projects/space-science-technology-and-policy/computing-automation-data-analytics-aiml;ND;Learn More;ND;United States;North America;official_research_institution;ND;ND;2026-10-03T23:04:32.015Z;institutional_primary;en;Our artificial intelligence (AI) and data analytics capability develops and applies cutting-edge computational tools and methods derived from data science and applied math, advanced architectures, software engineering, and human-centered computing.;Our artificial intelligence (AI) and data analytics capability develops and applies cutting-edge computational tools and methods derived from data science and applied math, advanced architectures, software engineering, and human-centered computing.;ND;ND;ND;ND;ND;ND;ND;ND;free;primary;not_applicable;ND;ND;https://www.pnnl.gov/projects/space-science-technology-and-policy/computing-automation-data-analytics-aiml;ND;5;B;V2;200;V2: institution certifiée 3/3, URL ouverte anonymement, titre et contenu vérifiés automatiquement. V3 réservé à une validation plus forte.;79a176b53ea68e58a75e5458a188374ffd31b080622d4a9fffdde8208c250d1a
497;DOC-8DAF493E5597C970BBBB;research;ND;Corrosion Science and Technology Publications | ORNL;https://www.ornl.gov/group/corrosion-science-and-technology/publications;ND;Learn More;ND;United States;North America;official_research_institution;Tue, 09/29/2020 - 15:03;ND;2026-10-03T23:04:30.756Z;institutional_primary;en;facebook Facebook linkedin LinkedIn youtube YouTube flickr flickr Partner with ORNL Visit Contact Menu Strategic Priorities Future of Computing AI Autonomous Science Quantum Nuclear Solutions Isotopes Nuclear Fusion Atoms to Applications Materials Neutron Sciences Biotechnology Resilient Energy Systems Grid National Security Science Areas Biology & Environment Energy Science Fusion & Fission Isotopes Physical Sciences National Security Neutron Science Supercomputing Work With Us User Facilities Educational Programs Procurement Small Business Programs About Us Overview Leadership Team Visiting ORNL Our Values History Careers News Partner with ORNL Visit Contact Hit enter to search or ESC to close Hit enter to search or ESC to close --> Materials in Extremes Section Corrosion Science and Technology Group About Publications Staff Publications Filter Publications Science Area Materials Scien;facebook Facebook linkedin LinkedIn youtube YouTube flickr flickr Partner with ORNL Visit Contact Menu Strategic Priorities Future of Computing AI Autonomous Science Quantum Nuclear Solutions Isotopes Nuclear Fusion Atoms to Applications Materials Neutron Sciences Biotechnology Resilient Energy Systems Grid National Security Science Areas Biology & Environment Energy Science Fusion & Fission Isotopes Physical Sciences National Security Neutron Science Supercomputing Work With Us User Facilities Educational Programs Procurement Small Business Programs About Us Overview Leadership Team Visiting ORNL Our Values History Careers News Partner with ORNL Visit Contact Hit enter to search or ESC to close Hit enter to search or ESC to close --> Materials in Extremes Section Corrosion Science and Technology Group About Publications Staff Publications Filter Publications Science Area Materials Scien;ND;ND;ND;ND;ND;ND;ND;ND;free;primary;not_applicable;ND;ND;https://www.ornl.gov/group/corrosion-science-and-technology/publications;ND;4;B;V2;200;V2: institution certifiée 3/3, URL ouverte anonymement, titre et contenu vérifiés automatiquement. V3 réservé à une validation plus forte.;c6d1b419f49899039b9ff8e4f2f9fa0f3179e75bfe8e7d1454cf3dd874351f32
498;DOC-95043EC208F4BF76DCD1;research;ND;COVID-19 Open Research Dataset | Lawrence Livermore National Laboratory;https://www.llnl.gov/covid-19-open-research-dataset;ND;Learn More;ND;United States;North America;official_research_institution;ND;ND;2026-10-03T23:04:36.981Z;institutional_primary;en;Interactive Visualization Tool for Drugs and Therapeutic Agents in COVID-19 Open Research Dataset (CORD-19) We extracted drug compounds and therapeutic agents mentioned in the COVID-19 Open Research Dataset (CORD-19 as of June 22, 2020) using natural language processing and provide this extracted information in an interactive data visualization dashboard for researchers to explore which drug compounds have been used to treat and/or study coronavirus/COVID-19. We have labeled the extracted drugs with their anatomical therapeutic codes (ATC) used by the World Health Organization (WHO) to;Interactive Visualization Tool for Drugs and Therapeutic Agents in COVID-19 Open Research Dataset (CORD-19) We extracted drug compounds and therapeutic agents mentioned in the COVID-19 Open Research Dataset (CORD-19 as of June 22, 2020) using natural language processing and provide this extracted information in an interactive data visualization dashboard for researchers to explore which drug compounds have been used to treat and/or study coronavirus/COVID-19. We have labeled the extracted drugs with their anatomical therapeutic codes (ATC) used by the World Health Organization (WHO) to;ND;ND;ND;ND;ND;ND;ND;ND;free;primary;not_applicable;ND;ND;https://www.llnl.gov/covid-19-open-research-dataset;ND;3;B;V2;200;V2: institution certifiée 3/3, URL ouverte anonymement, titre et contenu vérifiés automatiquement. V3 réservé à une validation plus forte.;65ccd4aaaca91aa5da7129bbd3538b72d5131eb44c57cffd25601f4eb6abed6a
499;DOC-3CA1E9FB785B88CF2048;research;ND;Critical Materials | Ames Laboratory;https://www.ameslab.gov/critical-materials;ND;Learn More;ND;United States;North America;official_research_institution;ND;ND;2026-10-03T23:03:59.626Z;institutional_primary;en;The Division of Critical Materials conducts research and develops technologies and processes through a variety of projects including dozens of projects in the Critical Materials Innovation Hub.;The Division of Critical Materials conducts research and develops technologies and processes through a variety of projects including dozens of projects in the Critical Materials Innovation Hub.;ND;ND;ND;ND;ND;ND;ND;ND;free;primary;not_applicable;ND;ND;https://www.ameslab.gov/critical-materials;ND;1;B;V2;200;V2: institution certifiée 3/3, URL ouverte anonymement, titre et contenu vérifiés automatiquement. V3 réservé à une validation plus forte.;c204873b72c047ec81c86784fcd20344279458969fa342ebf261b3932821638f
500;DOC-656D145F548A60F9A306;research;ND;Critical Materials Innovation Hub | Ames Laboratory;https://www.ameslab.gov/cmi;ND;Learn More;ND;United States;North America;official_research_institution;ND;ND;2026-10-03T23:03:59.493Z;institutional_primary;en;The Critical Materials Innovation Hub is a U.S. Department of Energy (DOE) Energy Innovation Hub led by Ames National Laboratory that seeks to accelerate innovative scientific and technological solutions to develop resilient and secure supply chains for rare earth metals and other materials critical to the success of energy technologies.;The Critical Materials Innovation Hub is a U.S. Department of Energy (DOE) Energy Innovation Hub led by Ames National Laboratory that seeks to accelerate innovative scientific and technological solutions to develop resilient and secure supply chains for rare earth metals and other materials critical to the success of energy technologies.;ND;ND;ND;ND;ND;ND;ND;ND;free;primary;not_applicable;ND;ND;https://www.ameslab.gov/cmi;ND;2;B;V2;200;V2: institution certifiée 3/3, URL ouverte anonymement, titre et contenu vérifiés automatiquement. V3 réservé à une validation plus forte.;9e5d94a7a14626c1766311c2fe5ab1e669d62b3f143fcc0de19a1cd4c8a6c137
501;DOC-2F0436B3F788D7F0B91F;research;ND;Data and Tools | NLR;https://www.nlr.gov/research/data-tools;ND;Learn More;ND;United States;North America;official_research_institution;ND;ND;2026-10-03T23:04:51.813Z;institutional_primary;en;NLR develops data sets, maps, models, tools, and software for the analysis and development of advanced energy technologies.;NLR develops data sets, maps, models, tools, and software for the analysis and development of advanced energy technologies.;ND;ND;ND;ND;ND;ND;ND;ND;free;primary;not_applicable;ND;ND;https://www.nlr.gov/research/data-tools;ND;2;B;V2;200;V2: institution certifiée 3/3, URL ouverte anonymement, titre et contenu vérifiés automatiquement. V3 réservé à une validation plus forte.;5f46ac1f0ca70c6f826b09d072b56c687f8619de2695c0f96452c1c827b13a29
502;DOC-76DA8DBCE192968BB9EC;research;ND;Data for Everyone: Creating a Data-Supported Decision-Making Environment (for Advocates/Technology Companies) | Webinar | PNNL;https://www.pnnl.gov/events/data-everyone-creating-data-supported-decision-making-environment-advocatestechnology;ND;Learn More;ND;United States;North America;official_research_institution;ND;ND;2026-10-03T23:04:33.110Z;institutional_primary;en;Processes for assessing and evaluating utility investments involve numerous stakeholders. Each has information or data to share, and each is looking for data about the system or new technologies. Some states have implemented data platforms to enable sharing, and some utilities provide access to relevant data to participants in a particular proceeding. Are these efforts sufficient to empower participants and inform regulators? This series of sessions will discuss successful approaches and valuable characteristics for enhancing participants’ understanding of the data and their ability to access and use it.;Processes for assessing and evaluating utility investments involve numerous stakeholders. Each has information or data to share, and each is looking for data about the system or new technologies. Some states have implemented data platforms to enable sharing, and some utilities provide access to relevant data to participants in a particular proceeding. Are these efforts sufficient to empower participants and inform regulators? This series of sessions will discuss successful approaches and valuable characteristics for enhancing participants’ understanding of the data and their ability to access and use it.;ND;ND;ND;ND;ND;ND;ND;ND;free;primary;not_applicable;ND;ND;https://www.pnnl.gov/events/data-everyone-creating-data-supported-decision-making-environment-advocatestechnology;ND;4;B;V2;200;V2: institution certifiée 3/3, URL ouverte anonymement, titre et contenu vérifiés automatiquement. V3 réservé à une validation plus forte.;e1aa307ef1bcc14f25450b34eaf511d5d7f7efee30631357ef43f335c01905c0
503;DOC-3301766C6D3A15E9E160;research;ND;"Data Fusion &#038; Analytics &#8211; Validation and Qualification Sciences Experimental Complex";https://www.sandia.gov/vqsec/capabilities/photometrics/data-fusion/;ND;Learn More;ND;United States;North America;official_research_institution;ND;ND;2026-10-03T23:04:49.735Z;institutional_primary;en;"Today, complex environmental testing requires upfront modeling, advanced instrumentation measurement, and significant post-test analysis. We realize our customers can leave a test with terabytes of data. But data is not information. To help our customers get the most value out of tests, we provide analytics that aggregate test data into meaningful information, and then fuse [&hellip;]";"Today, complex environmental testing requires upfront modeling, advanced instrumentation measurement, and significant post-test analysis. We realize our customers can leave a test with terabytes of data. But data is not information. To help our customers get the most value out of tests, we provide analytics that aggregate test data into meaningful information, and then fuse [&hellip;]";ND;ND;ND;ND;ND;ND;ND;ND;free;primary;not_applicable;ND;ND;https://www.sandia.gov/vqsec/capabilities/photometrics/data-fusion/;ND;1;B;V2;200;V2: institution certifiée 3/3, URL ouverte anonymement, titre et contenu vérifiés automatiquement. V3 réservé à une validation plus forte.;5e133c0c50dabd2f50999f474352ee5ccebce7f38a7afe2a0a341b9d2613e976
504;DOC-CEE7E56B4458FE382F92;research;ND;DE-FC26-04NT42266 Status Assessment | netl.doe.gov;https://www.netl.doe.gov/files/oil-gas/42266-041201Technology-Assesment-Reliability.pdf;https://www.netl.doe.gov/files/oil-gas/42266-041201Technology-Assesment-Reliability.pdf;Learn More;ND;United States;North America;official_research_institution;ND;ND;2026-10-03T23:04:38.831Z;institutional_primary;en;Research and Programs Centers of Excellence Core Competencies Main Page Coal Oil & Gas Critical Minerals & Advanced Alloys Geothermal Featured Initiatives Featured Initiatives Main Page Center for Fuels and Chemicals Center for Microwave Chemistry University Training & Research Core Competencies Core Competencies Main Page Computational Science and Engineering Energy Conversion Engineering Geological and Environmental Systems Materials Engineering and Manufacturing Strategic Systems Analysis and Engineering Program Execution and Integration DOE Programs Energy Technology Development Main Page Office of Critical Minerals and Energy Innovation Office of Cybersecurity, Energy Security, and Emergency Response Office of Electricity Business Business Careers Funding Opportunities Available Property Business Forms Site Support Electronic Reading Room Small Business Corner Solicitations and Fund;Research and Programs Centers of Excellence Core Competencies Main Page Coal Oil & Gas Critical Minerals & Advanced Alloys Geothermal Featured Initiatives Featured Initiatives Main Page Center for Fuels and Chemicals Center for Microwave Chemistry University Training & Research Core Competencies Core Competencies Main Page Computational Science and Engineering Energy Conversion Engineering Geological and Environmental Systems Materials Engineering and Manufacturing Strategic Systems Analysis and Engineering Program Execution and Integration DOE Programs Energy Technology Development Main Page Office of Critical Minerals and Energy Innovation Office of Cybersecurity, Energy Security, and Emergency Response Office of Electricity Business Business Careers Funding Opportunities Available Property Business Forms Site Support Electronic Reading Room Small Business Corner Solicitations and Fund;ND;ND;ND;ND;ND;ND;ND;ND;free;primary;not_applicable;ND;ND;https://www.netl.doe.gov/files/oil-gas/42266-041201Technology-Assesment-Reliability.pdf;ND;4;B;V2;200;V2: institution certifiée 3/3, URL ouverte anonymement, titre et contenu vérifiés automatiquement. V3 réservé à une validation plus forte.;dd180b38bcdadc6921c99d41a9507268f8dee62cf0344b994ec9d5fcee9a79a2
505;DOC-B9D86A68F7FEAE7D49A5;research;ND;Development of Mixed-Salt Technology for Carbon Dioxide Capture from Coal Power Plants [PDF] (Aug 2017) | netl.doe.gov;https://www.netl.doe.gov/plp/1I-Jayaweera1-SRI-Mixed-Salt-Technology.pdf;https://www.netl.doe.gov/plp/1I-Jayaweera1-SRI-Mixed-Salt-Technology.pdf;Learn More;ND;United States;North America;official_research_institution;ND;ND;2026-10-03T23:04:39.414Z;institutional_primary;en;Presented by Indira Jayaweera, SRI International, 2017 NETL CO2 Capture Technology Project Review Meeting, Pittsburgh, PA;Presented by Indira Jayaweera, SRI International, 2017 NETL CO2 Capture Technology Project Review Meeting, Pittsburgh, PA;ND;ND;ND;ND;ND;ND;ND;ND;free;primary;not_applicable;ND;ND;https://www.netl.doe.gov/plp/1I-Jayaweera1-SRI-Mixed-Salt-Technology.pdf;ND;4;B;V2;200;V2: institution certifiée 3/3, URL ouverte anonymement, titre et contenu vérifiés automatiquement. V3 réservé à une validation plus forte.;2cabb9c5df56f43c7ac43d61e6a33dec877be7ff1952e716d8b9cf43b1d367f0
506;DOC-1099E08D5142467D8F11;research;ND;DOENETL-Technology-Status-ReportFINAL.pdf | netl.doe.gov;https://www.netl.doe.gov/files/oil-gas/DOENETL-Technology-Status-ReportFINAL.pdf;https://www.netl.doe.gov/files/oil-gas/DOENETL-Technology-Status-ReportFINAL.pdf;Learn More;ND;United States;North America;official_research_institution;ND;ND;2026-10-03T23:04:38.313Z;institutional_primary;en;Technology Status Report on Active Remote Detection of Natural Gas Pipeline Leaks Prepared for U.S. Department of Energy National Energy Technology Laboratory 3610 Collins Ferry Road, P.O. Box 880 Morgantown, WV 26507-0880 Steven V. Stearns and Raymond T. Lines Eastman Kodak Company Commercial and Government Systems 1447 St. Paul Street Rochester, NY 14653 steven.stearns@kodak.com Christian J. Grund Coherent Technologies Inc. 135 S. Taylor Avenue Louisville, CO 80027 chris.grund@ctilidar.com and C.;Technology Status Report on Active Remote Detection of Natural Gas Pipeline Leaks Prepared for U.S. Department of Energy National Energy Technology Laboratory 3610 Collins Ferry Road, P.O. Box 880 Morgantown, WV 26507-0880 Steven V. Stearns and Raymond T. Lines Eastman Kodak Company Commercial and Government Systems 1447 St. Paul Street Rochester, NY 14653 steven.stearns@kodak.com Christian J. Grund Coherent Technologies Inc. 135 S. Taylor Avenue Louisville, CO 80027 chris.grund@ctilidar.com and C.;ND;ND;ND;ND;ND;ND;ND;ND;free;primary;not_applicable;ND;ND;https://www.netl.doe.gov/files/oil-gas/DOENETL-Technology-Status-ReportFINAL.pdf;ND;5;B;V2;200;V2: institution certifiée 3/3, URL ouverte anonymement, titre et contenu vérifiés automatiquement. V3 réservé à une validation plus forte.;e62d3d980a0edb5a1f9c6bf4b3d469214d4fb48655bbf39d17b5cf4bc08a9a95
507;DOC-1C5179D62D96BB22F119;research;ND;Earth and Atmospheric Science at LLNL | Lawrence Livermore National Laboratory;https://www.llnl.gov/science-technology/earth-atmospheric-science;ND;Learn More;ND;United States;North America;official_research_institution;ND;ND;2026-10-03T23:04:37.417Z;institutional_primary;en;For decades, scientists at Lawrence Livermore National Laboratory have focused on leading-edge Earth system science, improving our understanding of natural systems and supporting resilience planning for infrastructure development and national security operations. Learn more about our work.;For decades, scientists at Lawrence Livermore National Laboratory have focused on leading-edge Earth system science, improving our understanding of natural systems and supporting resilience planning for infrastructure development and national security operations. Learn more about our work.;ND;ND;ND;ND;ND;ND;ND;ND;free;primary;not_applicable;ND;ND;https://www.llnl.gov/science-technology/earth-atmospheric-science;ND;3;B;V2;200;V2: institution certifiée 3/3, URL ouverte anonymement, titre et contenu vérifiés automatiquement. V3 réservé à une validation plus forte.;01830965b3074b3a4001b936a47f1341ad16d7a6eb47cff43d317e7966fe23fe
508;DOC-D39CC1902063A9FF4083;research;ND;Education Programs | NLR;https://www.nlr.gov/about/energy-education;ND;Learn More;ND;United States;North America;official_research_institution;ND;ND;2026-10-03T23:04:51.648Z;institutional_primary;en;Learn how NLR's education programs inspire students and teachers to explore innovative energy solutions to meet our future needs.;Learn how NLR's education programs inspire students and teachers to explore innovative energy solutions to meet our future needs.;ND;ND;ND;ND;ND;ND;ND;ND;free;primary;not_applicable;ND;ND;https://www.nlr.gov/about/energy-education;ND;1;B;V2;200;V2: institution certifiée 3/3, URL ouverte anonymement, titre et contenu vérifiés automatiquement. V3 réservé à une validation plus forte.;ea12a47bffa4d20fb8e8abfee23b1d960f052fca980da2fded30030404d5413c
509;DOC-F01201790439E3A6D8C4;research;ND;Electricity Annual Technology Baseline 2025 Update Now Available | NLR;https://www.nlr.gov/news/detail/program/2026/electricity-annual-technology-baseline-2025-update-now-available;ND;Learn More;ND;United States;North America;official_research_institution;ND;ND;2026-10-03T23:04:51.232Z;institutional_primary;en;Today, the National Laboratory of the Rockies (NLR) released the Electricity Annual Technology Baseline (ATB) 2025 Update , offering updated data to inform U.S. electricity sector analysis.;Today, the National Laboratory of the Rockies (NLR) released the Electricity Annual Technology Baseline (ATB) 2025 Update , offering updated data to inform U.S. electricity sector analysis.;ND;ND;ND;ND;ND;ND;ND;ND;free;primary;not_applicable;ND;ND;https://www.nlr.gov/news/detail/program/2026/electricity-annual-technology-baseline-2025-update-now-available;ND;4;B;V2;200;V2: institution certifiée 3/3, URL ouverte anonymement, titre et contenu vérifiés automatiquement. V3 réservé à une validation plus forte.;a1d6be7a34af662976949a893f66863506928c650edd7a1583ff1e7ec0816904
510;DOC-39BE60202D64CE34F380;research;ND;Electrochemical Membrane for CO2 Capture and Power Generation [PDF] (Sept 2014) | netl.doe.gov;https://www.netl.doe.gov/plp/FCE-Transformational-CarbonCapture-Technology-Workshop-Se.pdf;https://www.netl.doe.gov/plp/FCE-Transformational-CarbonCapture-Technology-Workshop-Se.pdf;Learn More;ND;United States;North America;official_research_institution;ND;ND;2026-10-03T23:04:39.413Z;institutional_primary;en;Presented by Hossein Ghezel-Ayagh, FuelCell Energy, Inc., NETL-DOE 2014 Transformational Carbon Capture Technology Workshop, Arlington, VA;Presented by Hossein Ghezel-Ayagh, FuelCell Energy, Inc., NETL-DOE 2014 Transformational Carbon Capture Technology Workshop, Arlington, VA;ND;ND;ND;ND;ND;ND;ND;ND;free;primary;not_applicable;ND;ND;https://www.netl.doe.gov/plp/FCE-Transformational-CarbonCapture-Technology-Workshop-Se.pdf;ND;4;B;V2;200;V2: institution certifiée 3/3, URL ouverte anonymement, titre et contenu vérifiés automatiquement. V3 réservé à une validation plus forte.;55d9e6ad813432ea0945bd4a008a777c2e749dab1d72d25df11a8ce3487ac6e0
511;DOC-00073463530A35D761D9;research;ND;Emerging Science & Technology - Savannah River National Laboratory;https://www.srnl.gov/research-areas/emerging-science-technology/;ND;Learn More;ND;United States;North America;official_research_institution;ND;ND;2026-10-03T23:04:54.042Z;institutional_primary;en;"SRNL&#039;s expertise in nuclear technology, materials science, geosciences, microbiology, modeling, atmospheric technologies and biotechnology is a valuable resource helping to lead the nation to energy independence.";"SRNL&#039;s expertise in nuclear technology, materials science, geosciences, microbiology, modeling, atmospheric technologies and biotechnology is a valuable resource helping to lead the nation to energy independence.";ND;ND;ND;ND;ND;ND;ND;ND;free;primary;not_applicable;ND;ND;https://www.srnl.gov/research-areas/emerging-science-technology/;ND;4;B;V2;200;V2: institution certifiée 3/3, URL ouverte anonymement, titre et contenu vérifiés automatiquement. V3 réservé à une validation plus forte.;efbf06b652661a2a1ce052da097814f58810c3d5aa034b49f2f3194e892ed7e6
512;DOC-8665F363C9385585EBE8;research;ND;"Employee & Retiree Resources &#8211; Sandia National Laboratories";https://www.sandia.gov/employee-resources/;ND;Learn More;ND;United States;North America;official_research_institution;ND;ND;2026-10-03T23:04:50.068Z;institutional_primary;en;This section of sandia.gov provides resources for Sandia employees and retirees.;This section of sandia.gov provides resources for Sandia employees and retirees.;ND;ND;ND;ND;ND;ND;ND;ND;free;primary;not_applicable;ND;ND;https://www.sandia.gov/employee-resources/;ND;1;B;V2;200;V2: institution certifiée 3/3, URL ouverte anonymement, titre et contenu vérifiés automatiquement. V3 réservé à une validation plus forte.;3d88d7807eaaa7d12ff4bd357716601a44a3e02b531b2f73c5bc8620f2c00d5a
513;DOC-DF4B1FADD14C88110567;research;ND;Employee Assistance Program | Lawrence Livermore National Laboratory;https://www.llnl.gov/join-our-team/benefits/health-welfare/employee-assistance-program;ND;Learn More;ND;United States;North America;official_research_institution;ND;ND;2026-10-03T23:04:37.541Z;institutional_primary;en;EAP Internal program. The Concern Employee Assistance Program provides counseling help for employees struggling to balance the demands of work and family. CONCERN - Evidence of Coverage Employee Assistance Program (EAP) Prenatal, Child Care and Family Services The Resilience Hub;EAP Internal program. The Concern Employee Assistance Program provides counseling help for employees struggling to balance the demands of work and family. CONCERN - Evidence of Coverage Employee Assistance Program (EAP) Prenatal, Child Care and Family Services The Resilience Hub;ND;ND;ND;ND;ND;ND;ND;ND;free;primary;not_applicable;ND;ND;https://www.llnl.gov/join-our-team/benefits/health-welfare/employee-assistance-program;ND;2;B;V2;200;V2: institution certifiée 3/3, URL ouverte anonymement, titre et contenu vérifiés automatiquement. V3 réservé à une validation plus forte.;4f5e216e58bfc2b1f1450647aab98d8c574a606b4bbc53efba7f35cf44c41e5d
514;DOC-C101E466AA61C061433A;research;ND;Energy Bill may benefit ORNL technology research;https://www.ornl.gov/news/energy-bill-may-benefit-ornl-technology-research;ND;Learn More;ND;United States;North America;official_research_institution;Thu, 12/20/2007 - 12:00;ND;2026-10-03T23:04:30.902Z;institutional_primary;en;facebook Facebook linkedin LinkedIn youtube YouTube flickr flickr Partner with ORNL Visit Contact Menu Strategic Priorities Future of Computing AI Autonomous Science Quantum Nuclear Solutions Isotopes Nuclear Fusion Atoms to Applications Materials Neutron Sciences Biotechnology Resilient Energy Systems Grid National Security Science Areas Biology & Environment Energy Science Fusion & Fission Isotopes Physical Sciences National Security Neutron Science Supercomputing Work With Us User Facilities Educational Programs Procurement Small Business Programs About Us Overview Leadership Team Visiting ORNL Our Values History Careers News Partner with ORNL Visit Contact Hit enter to search or ESC to close Hit enter to search or ESC to close --> News Energy Bill may benefit ORNL technology research Published: December 20, 2007 The new Energy bill signed by President Bush emphasizes the need for gre;facebook Facebook linkedin LinkedIn youtube YouTube flickr flickr Partner with ORNL Visit Contact Menu Strategic Priorities Future of Computing AI Autonomous Science Quantum Nuclear Solutions Isotopes Nuclear Fusion Atoms to Applications Materials Neutron Sciences Biotechnology Resilient Energy Systems Grid National Security Science Areas Biology & Environment Energy Science Fusion & Fission Isotopes Physical Sciences National Security Neutron Science Supercomputing Work With Us User Facilities Educational Programs Procurement Small Business Programs About Us Overview Leadership Team Visiting ORNL Our Values History Careers News Partner with ORNL Visit Contact Hit enter to search or ESC to close Hit enter to search or ESC to close --> News Energy Bill may benefit ORNL technology research Published: December 20, 2007 The new Energy bill signed by President Bush emphasizes the need for gre;ND;ND;ND;ND;ND;ND;ND;ND;free;primary;not_applicable;ND;ND;https://www.ornl.gov/news/energy-bill-may-benefit-ornl-technology-research;ND;4;B;V2;200;V2: institution certifiée 3/3, URL ouverte anonymement, titre et contenu vérifiés automatiquement. V3 réservé à une validation plus forte.;d4674fe999a1841038496f9d4de69be4fe2fe51924a30d4944754f74df322ddd
515;DOC-C1E0277656BC7A6406C8;research;ND;Energy sciences | SLAC National Accelerator Laboratory;https://www6.slac.stanford.edu/research/energy-sciences;ND;Learn More;ND;United States;North America;official_research_institution;ND;ND;2026-10-03T23:04:30.662Z;institutional_primary;en;SLAC’s advanced facilities, expertise in energy science and technology, and strong partnerships are breaking new ground in securing abundant, reliable energy. Visit our energy research page to learn more.;SLAC’s advanced facilities, expertise in energy science and technology, and strong partnerships are breaking new ground in securing abundant, reliable energy. Visit our energy research page to learn more.;ND;ND;ND;ND;ND;ND;ND;ND;free;primary;not_applicable;ND;ND;https://www6.slac.stanford.edu/research/energy-sciences;ND;3;B;V2;200;V2: institution certifiée 3/3, URL ouverte anonymement, titre et contenu vérifiés automatiquement. V3 réservé à une validation plus forte.;0fb93509fc2fb3563a4abecd711c22a96268518681c327e99428effb0b8cef89
516;DOC-BFF4B3347D7089FD2301;research;ND;Environment, Safety, Health, and Quality | NLR;https://www.nlr.gov/about/ehs;ND;Learn More;ND;United States;North America;official_research_institution;ND;ND;2026-10-03T23:04:51.485Z;institutional_primary;en;NLR conducts research, support, and deployment activities in a manner that protects the safety and health of workers, visitors, the public, the environment, and laboratory assets.;NLR conducts research, support, and deployment activities in a manner that protects the safety and health of workers, visitors, the public, the environment, and laboratory assets.;ND;ND;ND;ND;ND;ND;ND;ND;free;primary;not_applicable;ND;ND;https://www.nlr.gov/about/ehs;ND;2;B;V2;200;V2: institution certifiée 3/3, URL ouverte anonymement, titre et contenu vérifiés automatiquement. V3 réservé à une validation plus forte.;706dd60eb227973bff174b6cc7e7abf1524910781cf20b4d15d523414df4a41d
517;DOC-25A4B16C5E45BBD3C7AD;research;ND;Environmental and Occupational Health and Safety Information | Lawrence Livermore National Laboratory;https://www.llnl.gov/environmental-occupational-health-safety-information;ND;Learn More;ND;United States;North America;official_research_institution;ND;ND;2026-10-03T23:04:37.469Z;institutional_primary;en;Provides information on environmental and occupational health and safety practices and guidelines at Lawrence Livermore National Laboratory.;Provides information on environmental and occupational health and safety practices and guidelines at Lawrence Livermore National Laboratory.;ND;ND;ND;ND;ND;ND;ND;ND;free;primary;not_applicable;ND;ND;https://www.llnl.gov/environmental-occupational-health-safety-information;ND;2;B;V2;200;V2: institution certifiée 3/3, URL ouverte anonymement, titre et contenu vérifiés automatiquement. V3 réservé à une validation plus forte.;97121ef9c9625be227ba847ae1be0da73c47794f650d918fb7ce22258a394ee7
518;DOC-11C375659BF8F90A2B33;research;ND;Environmental Monitoring, Control, and Remediation | PNNL;https://www.pnnl.gov/projects/space-science-technology-and-policy/environmental-monitoring-control-and-remediation;ND;Learn More;ND;United States;North America;official_research_institution;ND;ND;2026-10-03T23:04:31.938Z;institutional_primary;en;The harsh environment of space and other worlds requires exquisite environmental monitoring, control, and response. Placing humans in this high-risk environment will also require extensive monitoring and support.;The harsh environment of space and other worlds requires exquisite environmental monitoring, control, and response. Placing humans in this high-risk environment will also require extensive monitoring and support.;ND;ND;ND;ND;ND;ND;ND;ND;free;primary;not_applicable;ND;ND;https://www.pnnl.gov/projects/space-science-technology-and-policy/environmental-monitoring-control-and-remediation;ND;5;B;V2;200;V2: institution certifiée 3/3, URL ouverte anonymement, titre et contenu vérifiés automatiquement. V3 réservé à une validation plus forte.;32b87cb00d716c0dfc1e729c7208708861390f72ed200c1767876785e9363be2
519;DOC-FFCA42AB1C2E2B4EF530;research;ND;Environmental Stewardship - Savannah River National Laboratory;https://www.srnl.gov/research-areas/environmental-stewardship/;ND;Learn More;ND;United States;North America;official_research_institution;ND;ND;2026-10-03T23:04:55.803Z;institutional_primary;en;"Environmental Stewardship Environmental Stewardship Savannah River National Laboratory applies its unique expertise and applied technology capabilities to assist Department of Energy sites across the nation in meeting cleanup requirements. SRNL has deployed over 1,000 technologies for protecting and cleaning the environment. Our work spans the fields of soil and water cleanup; hazardous material stabilization, processing...";"Environmental Stewardship Environmental Stewardship Savannah River National Laboratory applies its unique expertise and applied technology capabilities to assist Department of Energy sites across the nation in meeting cleanup requirements. SRNL has deployed over 1,000 technologies for protecting and cleaning the environment. Our work spans the fields of soil and water cleanup; hazardous material stabilization, processing...";ND;ND;ND;ND;ND;ND;ND;ND;free;primary;not_applicable;ND;ND;https://www.srnl.gov/research-areas/environmental-stewardship/;ND;2;B;V2;200;V2: institution certifiée 3/3, URL ouverte anonymement, titre et contenu vérifiés automatiquement. V3 réservé à une validation plus forte.;d7c15d08dfa9111e9168e8073b7df306cc46bf41629e0f195bb824d7b9716cae
520;DOC-19D6ED0AFFA263150271;research;ND;Explainer: What are quantum materials? | SLAC National Accelerator Laboratory;https://www6.slac.stanford.edu/research/slac-science-explained/quantum/materials;ND;Learn More;ND;United States;North America;official_research_institution;ND;ND;2026-10-03T23:04:31.090Z;institutional_primary;en;Quantum materials behave in unexpected ways compared to the classical materials we are used to.;Quantum materials behave in unexpected ways compared to the classical materials we are used to.;ND;ND;ND;ND;ND;ND;ND;ND;free;primary;not_applicable;ND;ND;https://www6.slac.stanford.edu/research/slac-science-explained/quantum/materials;ND;3;B;V2;200;V2: institution certifiée 3/3, URL ouverte anonymement, titre et contenu vérifiés automatiquement. V3 réservé à une validation plus forte.;774708df27b9e4df06c14238ff3c3263bb62e668a486b71f2ac47e643a69b850
521;DOC-D42E5034398723F609C9;research;ND;"Facilities and Centers &ndash; Lawrence Berkeley National Laboratory";https://www.lbl.gov/capabilities/facilities-and-centers/;ND;Learn More;ND;United States;North America;official_research_institution;ND;ND;2026-10-03T23:04:22.849Z;institutional_primary;en;Our facilities and centers support experimental and data needs of academic researchers, government agencies, companies, and institutions.;Our facilities and centers support experimental and data needs of academic researchers, government agencies, companies, and institutions.;ND;ND;ND;ND;ND;ND;ND;ND;free;primary;not_applicable;ND;ND;https://www.lbl.gov/capabilities/facilities-and-centers/;ND;1;B;V2;200;V2: institution certifiée 3/3, URL ouverte anonymement, titre et contenu vérifiés automatiquement. V3 réservé à une validation plus forte.;85ec7cc1517d0ed4dfc56e0a06c6298ccedd369516a02d06eca52f68c21dc9d6
522;DOC-130C3745564815CD2C76;research;ND;Facilities and Centers | Lawrence Livermore National Laboratory;https://www.llnl.gov/science-technology/facilities-centers;ND;Learn More;ND;United States;North America;official_research_institution;ND;ND;2026-10-03T23:04:36.935Z;institutional_primary;en;Lawrence Livermore National Laboratory is home to unique facilities, centers and institutes that enable cutting-edge scientific research. Learn about them and how you can partner with us to take your science further.;Lawrence Livermore National Laboratory is home to unique facilities, centers and institutes that enable cutting-edge scientific research. Learn about them and how you can partner with us to take your science further.;ND;ND;ND;ND;ND;ND;ND;ND;free;primary;not_applicable;ND;ND;https://www.llnl.gov/science-technology/facilities-centers;ND;4;B;V2;200;V2: institution certifiée 3/3, URL ouverte anonymement, titre et contenu vérifiés automatiquement. V3 réservé à une validation plus forte.;9b82ab1c1131659a241792880391e55a5f5a542777f786be04f24b94aef8c457
523;DOC-0569DAA842BF8B758CA4;research;ND;Fact Sheet: Marcellus Shale Energy & Environment Laboratory (MSEEL) | netl.doe.gov;https://www.netl.doe.gov/files/oil-gas/Marcellus-Shale-Energy-and-Environment-Laboratory-MSEEL-DE-FE0024297.pdf;https://www.netl.doe.gov/files/oil-gas/Marcellus-Shale-Energy-and-Environment-Laboratory-MSEEL-DE-FE0024297.pdf;Learn More;ND;United States;North America;official_research_institution;ND;ND;2026-10-03T23:04:38.681Z;institutional_primary;en;Research and Programs Centers of Excellence Core Competencies Main Page Coal Oil & Gas Critical Minerals & Advanced Alloys Geothermal Featured Initiatives Featured Initiatives Main Page Center for Fuels and Chemicals Center for Microwave Chemistry University Training & Research Core Competencies Core Competencies Main Page Computational Science and Engineering Energy Conversion Engineering Geological and Environmental Systems Materials Engineering and Manufacturing Strategic Systems Analysis and Engineering Program Execution and Integration DOE Programs Energy Technology Development Main Page Office of Critical Minerals and Energy Innovation Office of Cybersecurity, Energy Security, and Emergency Response Office of Electricity Business Business Careers Funding Opportunities Available Property Business Forms Site Support Electronic Reading Room Small Business Corner Solicitations and Fund;Research and Programs Centers of Excellence Core Competencies Main Page Coal Oil & Gas Critical Minerals & Advanced Alloys Geothermal Featured Initiatives Featured Initiatives Main Page Center for Fuels and Chemicals Center for Microwave Chemistry University Training & Research Core Competencies Core Competencies Main Page Computational Science and Engineering Energy Conversion Engineering Geological and Environmental Systems Materials Engineering and Manufacturing Strategic Systems Analysis and Engineering Program Execution and Integration DOE Programs Energy Technology Development Main Page Office of Critical Minerals and Energy Innovation Office of Cybersecurity, Energy Security, and Emergency Response Office of Electricity Business Business Careers Funding Opportunities Available Property Business Forms Site Support Electronic Reading Room Small Business Corner Solicitations and Fund;ND;ND;ND;ND;ND;ND;ND;ND;free;primary;not_applicable;ND;ND;https://www.netl.doe.gov/files/oil-gas/Marcellus-Shale-Energy-and-Environment-Laboratory-MSEEL-DE-FE0024297.pdf;ND;5;B;V2;200;V2: institution certifiée 3/3, URL ouverte anonymement, titre et contenu vérifiés automatiquement. V3 réservé à une validation plus forte.;41faca1bf5a52db25f55e896b3f16a9374ccfc070becce9387feceef4b5fb79a
524;DOC-5F91B487A8C5EC22B89C;research;ND;fe0003616-project-report-rjlee.pdf | netl.doe.gov;https://www.netl.doe.gov/files/oil-gas/fe0003616-project-report-rjlee.pdf;https://www.netl.doe.gov/files/oil-gas/fe0003616-project-report-rjlee.pdf;Learn More;ND;United States;North America;official_research_institution;ND;ND;2026-10-03T23:04:38.830Z;institutional_primary;en;Well Stimulation using scrap tires Final Report RJ Lee Group Project # GSH007011 4188RJLG-DOE-2098;Well Stimulation using scrap tires Final Report RJ Lee Group Project # GSH007011 4188RJLG-DOE-2098;ND;ND;ND;ND;ND;ND;ND;ND;free;primary;not_applicable;ND;ND;https://www.netl.doe.gov/files/oil-gas/fe0003616-project-report-rjlee.pdf;ND;4;B;V2;200;V2: institution certifiée 3/3, URL ouverte anonymement, titre et contenu vérifiés automatiquement. V3 réservé à une validation plus forte.;8c1a2fb1b572f947113db6dfb90613d06ef248516f331015314e42fd3a69c814
525;DOC-49D776A1661CF1BB864D;research;ND;Fission Nuclear Science and Technology Publications | ORNL;https://www.ornl.gov/project/fission-nuclear-science-and-technology-publications;ND;Learn More;ND;United States;North America;official_research_institution;Tue, 09/27/2016 - 15:52;ND;2026-10-03T23:04:30.621Z;institutional_primary;en;facebook Facebook linkedin LinkedIn youtube YouTube flickr flickr Partner with ORNL Visit Contact Menu Strategic Priorities Future of Computing AI Autonomous Science Quantum Nuclear Solutions Isotopes Nuclear Fusion Atoms to Applications Materials Neutron Sciences Biotechnology Resilient Energy Systems Grid National Security Science Areas Biology & Environment Energy Science Fusion & Fission Isotopes Physical Sciences National Security Neutron Science Supercomputing Work With Us User Facilities Educational Programs Procurement Small Business Programs About Us Overview Leadership Team Visiting ORNL Our Values History Careers News Partner with ORNL Visit Contact Hit enter to search or ESC to close Hit enter to search or ESC to close --> Fission Nuclear Science and Technology Publications Oak Ridge National Laboratory 1 Bethel Valley Road Oak Ridge, TN 37830;facebook Facebook linkedin LinkedIn youtube YouTube flickr flickr Partner with ORNL Visit Contact Menu Strategic Priorities Future of Computing AI Autonomous Science Quantum Nuclear Solutions Isotopes Nuclear Fusion Atoms to Applications Materials Neutron Sciences Biotechnology Resilient Energy Systems Grid National Security Science Areas Biology & Environment Energy Science Fusion & Fission Isotopes Physical Sciences National Security Neutron Science Supercomputing Work With Us User Facilities Educational Programs Procurement Small Business Programs About Us Overview Leadership Team Visiting ORNL Our Values History Careers News Partner with ORNL Visit Contact Hit enter to search or ESC to close Hit enter to search or ESC to close --> Fission Nuclear Science and Technology Publications Oak Ridge National Laboratory 1 Bethel Valley Road Oak Ridge, TN 37830;ND;ND;ND;ND;ND;ND;ND;ND;free;primary;not_applicable;ND;ND;https://www.ornl.gov/project/fission-nuclear-science-and-technology-publications;ND;5;B;V2;200;V2: institution certifiée 3/3, URL ouverte anonymement, titre et contenu vérifiés automatiquement. V3 réservé à une validation plus forte.;eaa78eac99b4294d8fb0bb4dc5d1fd38ca08b1e0b27ea054422e8ba22bd5a54d
526;DOC-5BAC9FA8CAAB068E64ED;research;ND;Fission Nuclear Science and Technology Research Highlights | ORNL;https://www.ornl.gov/project/fission-nuclear-science-and-technology-research-highlights;ND;Learn More;ND;United States;North America;official_research_institution;Mon, 07/31/2017 - 12:46;ND;2026-10-03T23:04:30.660Z;institutional_primary;en;facebook Facebook linkedin LinkedIn youtube YouTube flickr flickr Partner with ORNL Visit Contact Menu Strategic Priorities Future of Computing AI Autonomous Science Quantum Nuclear Solutions Isotopes Nuclear Fusion Atoms to Applications Materials Neutron Sciences Biotechnology Resilient Energy Systems Grid National Security Science Areas Biology & Environment Energy Science Fusion & Fission Isotopes Physical Sciences National Security Neutron Science Supercomputing Work With Us User Facilities Educational Programs Procurement Small Business Programs About Us Overview Leadership Team Visiting ORNL Our Values History Careers News Partner with ORNL Visit Contact Hit enter to search or ESC to close Hit enter to search or ESC to close --> Fission Nuclear Science and Technology Research Highlights Oak Ridge National Laboratory 1 Bethel Valley Road Oak Ridge, TN 37830;facebook Facebook linkedin LinkedIn youtube YouTube flickr flickr Partner with ORNL Visit Contact Menu Strategic Priorities Future of Computing AI Autonomous Science Quantum Nuclear Solutions Isotopes Nuclear Fusion Atoms to Applications Materials Neutron Sciences Biotechnology Resilient Energy Systems Grid National Security Science Areas Biology & Environment Energy Science Fusion & Fission Isotopes Physical Sciences National Security Neutron Science Supercomputing Work With Us User Facilities Educational Programs Procurement Small Business Programs About Us Overview Leadership Team Visiting ORNL Our Values History Careers News Partner with ORNL Visit Contact Hit enter to search or ESC to close Hit enter to search or ESC to close --> Fission Nuclear Science and Technology Research Highlights Oak Ridge National Laboratory 1 Bethel Valley Road Oak Ridge, TN 37830;ND;ND;ND;ND;ND;ND;ND;ND;free;primary;not_applicable;ND;ND;https://www.ornl.gov/project/fission-nuclear-science-and-technology-research-highlights;ND;5;B;V2;200;V2: institution certifiée 3/3, URL ouverte anonymement, titre et contenu vérifiés automatiquement. V3 réservé à une validation plus forte.;e905aa90b23dc6fb92949f050ec8f610ba852de4c1e67382cd7cfb89efef1944
527;DOC-85853BC71F2C09EB3944;research;ND;"Frontier Computing Sciences &ndash; Lawrence Berkeley National Laboratory";https://www.lbl.gov/research/frontier-computing-sciences/;ND;Learn More;ND;United States;North America;official_research_institution;ND;ND;2026-10-03T23:04:22.670Z;institutional_primary;en;Innovation in computing, networking, and applied mathematics is a key partner in driving scientific progress.;Innovation in computing, networking, and applied mathematics is a key partner in driving scientific progress.;ND;ND;ND;ND;ND;ND;ND;ND;free;primary;not_applicable;ND;ND;https://www.lbl.gov/research/frontier-computing-sciences/;ND;2;B;V2;200;V2: institution certifiée 3/3, URL ouverte anonymement, titre et contenu vérifiés automatiquement. V3 réservé à une validation plus forte.;9a474dc69946c5d9164cbdb8846aea5ea9c69964a816ad21dd82c5337199f0b7
528;DOC-27408AE2095C977B7E55;research;ND;"Genesis Mission &ndash; Lawrence Berkeley National Laboratory";https://www.lbl.gov/genesis-mission/;ND;Learn More;ND;United States;North America;official_research_institution;ND;ND;2026-10-03T23:04:22.349Z;institutional_primary;en;Accelerating scientific discovery with AI and building the world’s most powerful scientific platform.;Accelerating scientific discovery with AI and building the world’s most powerful scientific platform.;ND;ND;ND;ND;ND;ND;ND;ND;free;primary;not_applicable;ND;ND;https://www.lbl.gov/genesis-mission/;ND;2;B;V2;200;V2: institution certifiée 3/3, URL ouverte anonymement, titre et contenu vérifiés automatiquement. V3 réservé à une validation plus forte.;65dd1963144ad81d5366d0051ef5767c03bc742393300fd4d344f078a3ac0e98
529;DOC-2976BC4C9D5E3524D053;research;ND;"Genesis Mission Projects &ndash; Lawrence Berkeley National Laboratory";https://www.lbl.gov/genesis-mission-projects/;ND;Learn More;ND;United States;North America;official_research_institution;ND;ND;2026-10-03T23:04:23.069Z;institutional_primary;en;Our research focuses on discovery science and solutions for abundant and reliable energy supplies.;Our research focuses on discovery science and solutions for abundant and reliable energy supplies.;ND;ND;ND;ND;ND;ND;ND;ND;free;primary;not_applicable;ND;ND;https://www.lbl.gov/genesis-mission-projects/;ND;1;B;V2;200;V2: institution certifiée 3/3, URL ouverte anonymement, titre et contenu vérifiés automatiquement. V3 réservé à une validation plus forte.;8954f6422aac3203037638f264a03cd317832f426fd0c67600ee3852723c2a08
530;DOC-1DF375C945A64ADD4F9A;research;ND;Geographic Information Science and Technology Publications | ORNL;https://www.ornl.gov/project/geographic-information-science-and-technology-publications;ND;Learn More;ND;United States;North America;official_research_institution;Mon, 09/26/2016 - 20:09;ND;2026-10-03T23:04:30.673Z;institutional_primary;en;facebook Facebook linkedin LinkedIn youtube YouTube flickr flickr Partner with ORNL Visit Contact Menu Strategic Priorities Future of Computing AI Autonomous Science Quantum Nuclear Solutions Isotopes Nuclear Fusion Atoms to Applications Materials Neutron Sciences Biotechnology Resilient Energy Systems Grid National Security Science Areas Biology & Environment Energy Science Fusion & Fission Isotopes Physical Sciences National Security Neutron Science Supercomputing Work With Us User Facilities Educational Programs Procurement Small Business Programs About Us Overview Leadership Team Visiting ORNL Our Values History Careers News Partner with ORNL Visit Contact Hit enter to search or ESC to close Hit enter to search or ESC to close --> Geographic Information Science and Technology Publications Oak Ridge National Laboratory 1 Bethel Valley Road Oak Ridge, TN 37830;facebook Facebook linkedin LinkedIn youtube YouTube flickr flickr Partner with ORNL Visit Contact Menu Strategic Priorities Future of Computing AI Autonomous Science Quantum Nuclear Solutions Isotopes Nuclear Fusion Atoms to Applications Materials Neutron Sciences Biotechnology Resilient Energy Systems Grid National Security Science Areas Biology & Environment Energy Science Fusion & Fission Isotopes Physical Sciences National Security Neutron Science Supercomputing Work With Us User Facilities Educational Programs Procurement Small Business Programs About Us Overview Leadership Team Visiting ORNL Our Values History Careers News Partner with ORNL Visit Contact Hit enter to search or ESC to close Hit enter to search or ESC to close --> Geographic Information Science and Technology Publications Oak Ridge National Laboratory 1 Bethel Valley Road Oak Ridge, TN 37830;ND;ND;ND;ND;ND;ND;ND;ND;free;primary;not_applicable;ND;ND;https://www.ornl.gov/project/geographic-information-science-and-technology-publications;ND;5;B;V2;200;V2: institution certifiée 3/3, URL ouverte anonymement, titre et contenu vérifiés automatiquement. V3 réservé à une validation plus forte.;c70e5a49b879ffbf75c7f643ecb6461e5e18059ca3195c8a2afa6d3e44d48452
531;DOC-54287688A4BAFAECE577;research;ND;Geographic Information Science and Technology Research Highlights | ORNL;https://www.ornl.gov/project/geographic-information-science-and-technology-research-highlights;ND;Learn More;ND;United States;North America;official_research_institution;Mon, 09/26/2016 - 20:11;ND;2026-10-03T23:04:30.652Z;institutional_primary;en;facebook Facebook linkedin LinkedIn youtube YouTube flickr flickr Partner with ORNL Visit Contact Menu Strategic Priorities Future of Computing AI Autonomous Science Quantum Nuclear Solutions Isotopes Nuclear Fusion Atoms to Applications Materials Neutron Sciences Biotechnology Resilient Energy Systems Grid National Security Science Areas Biology & Environment Energy Science Fusion & Fission Isotopes Physical Sciences National Security Neutron Science Supercomputing Work With Us User Facilities Educational Programs Procurement Small Business Programs About Us Overview Leadership Team Visiting ORNL Our Values History Careers News Partner with ORNL Visit Contact Hit enter to search or ESC to close Hit enter to search or ESC to close --> Geographic Information Science and Technology Research Highlights Oak Ridge National Laboratory 1 Bethel Valley Road Oak Ridge, TN 37830;facebook Facebook linkedin LinkedIn youtube YouTube flickr flickr Partner with ORNL Visit Contact Menu Strategic Priorities Future of Computing AI Autonomous Science Quantum Nuclear Solutions Isotopes Nuclear Fusion Atoms to Applications Materials Neutron Sciences Biotechnology Resilient Energy Systems Grid National Security Science Areas Biology & Environment Energy Science Fusion & Fission Isotopes Physical Sciences National Security Neutron Science Supercomputing Work With Us User Facilities Educational Programs Procurement Small Business Programs About Us Overview Leadership Team Visiting ORNL Our Values History Careers News Partner with ORNL Visit Contact Hit enter to search or ESC to close Hit enter to search or ESC to close --> Geographic Information Science and Technology Research Highlights Oak Ridge National Laboratory 1 Bethel Valley Road Oak Ridge, TN 37830;ND;ND;ND;ND;ND;ND;ND;ND;free;primary;not_applicable;ND;ND;https://www.ornl.gov/project/geographic-information-science-and-technology-research-highlights;ND;5;B;V2;200;V2: institution certifiée 3/3, URL ouverte anonymement, titre et contenu vérifiés automatiquement. V3 réservé à une validation plus forte.;eedc2e5bc934b7bc86995198cf6a01385804ce3603c3dbbae719a8410c27f777
532;DOC-A5B7D77D075DCA65545B;research;ND;Groundwater & Soil Remediation - Savannah River National Laboratory;https://www.srnl.gov/research-areas/environmental-stewardship/groundwater-soil-remediation/;ND;Learn More;ND;United States;North America;official_research_institution;ND;ND;2026-10-03T23:04:55.436Z;institutional_primary;en;Groundwater and Soil Remediation SRNL directly supports treatment and remediation of contaminated groundwater and soil, with emphasis upon matching effective and efficient solutions to site-specific conditions. SRNL manages and operates the EM Center for Sustainable Groundwater and Soil Solutions, which provides technical consultation to DOE sites as well as private and public organizations across the...;Groundwater and Soil Remediation SRNL directly supports treatment and remediation of contaminated groundwater and soil, with emphasis upon matching effective and efficient solutions to site-specific conditions. SRNL manages and operates the EM Center for Sustainable Groundwater and Soil Solutions, which provides technical consultation to DOE sites as well as private and public organizations across the...;ND;ND;ND;ND;ND;ND;ND;ND;free;primary;not_applicable;ND;ND;https://www.srnl.gov/research-areas/environmental-stewardship/groundwater-soil-remediation/;ND;2;B;V2;200;V2: institution certifiée 3/3, URL ouverte anonymement, titre et contenu vérifiés automatiquement. V3 réservé à une validation plus forte.;5bc4aaf7f486e7bbb08be82d0c8c443495e0bac1fca5fcdbe3dfc605aac09aac
533;DOC-406D09021C861E1CC460;research;ND;High-Energy-Density Science | Lawrence Livermore National Laboratory;https://www.llnl.gov/science-technology/high-energy-density-science;ND;Learn More;ND;United States;North America;official_research_institution;ND;ND;2026-10-03T23:04:37.084Z;institutional_primary;en;Lawrence Livermore National Laboratory is a leader in high-energy-density science, the study of physical changes in matter and radiation at extreme temperatures, pressures and densities to help explain how stars form, how elements are made and how fusion energy can be harnessed on Earth. Learn more about our work.;Lawrence Livermore National Laboratory is a leader in high-energy-density science, the study of physical changes in matter and radiation at extreme temperatures, pressures and densities to help explain how stars form, how elements are made and how fusion energy can be harnessed on Earth. Learn more about our work.;ND;ND;ND;ND;ND;ND;ND;ND;free;primary;not_applicable;ND;ND;https://www.llnl.gov/science-technology/high-energy-density-science;ND;4;B;V2;200;V2: institution certifiée 3/3, URL ouverte anonymement, titre et contenu vérifiés automatiquement. V3 réservé à une validation plus forte.;069583b2446e81d46583e704c542510058a8493f74126a633b1eb5a9bf5fcc02
534;DOC-EECDEEF7E74C59D1A341;research;ND;Home | NLR;https://www.nlr.gov/;ND;Learn More;ND;United States;North America;official_research_institution;ND;ND;2026-10-03T23:04:51.636Z;institutional_primary;en;National Laboratory of the Rockies (NLR) bridges research with real-world applications to advance new energy materials and technologies that lower costs, boost the economy, strengthen security, and deliver abundant and reliable energy.;National Laboratory of the Rockies (NLR) bridges research with real-world applications to advance new energy materials and technologies that lower costs, boost the economy, strengthen security, and deliver abundant and reliable energy.;ND;ND;ND;ND;ND;ND;ND;ND;free;primary;not_applicable;ND;ND;https://www.nlr.gov/;ND;1;B;V2;200;V2: institution certifiée 3/3, URL ouverte anonymement, titre et contenu vérifiés automatiquement. V3 réservé à une validation plus forte.;038f8f9680ec9bb7298a2bb7a57444dbbe414a921e5903bfa13bf7ce6850e66e
535;DOC-7B3D227125BB9C6A493D;research;ND;How AI Is Redefining Sensing and Data Science - Savannah River National Laboratory;https://www.srnl.gov/podcast/how-ai-is-redefining-sensing-and-data-science/;ND;Learn More;ND;United States;North America;official_research_institution;PT0H0M0S;ND;2026-10-03T23:04:55.512Z;institutional_primary;en;In this episode we talk with Tom Danielson, the Applied Sensing and Data Science Lead at SRNL, who tells us about his research in AI and ML.;In this episode we talk with Tom Danielson, the Applied Sensing and Data Science Lead at SRNL, who tells us about his research in AI and ML.;ND;ND;ND;ND;ND;ND;ND;ND;free;primary;not_applicable;ND;ND;https://www.srnl.gov/podcast/how-ai-is-redefining-sensing-and-data-science/;ND;2;B;V2;200;V2: institution certifiée 3/3, URL ouverte anonymement, titre et contenu vérifiés automatiquement. V3 réservé à une validation plus forte.;59a078345a44d5e329cea8a1d6b412ee8a2ffa0e5a8f1ffa4ead390db8f4a4d6
536;DOC-72EC3EE79DB36F5FA8CE;research;ND;HPC, Simulation and Data Science | Lawrence Livermore National Laboratory;https://www.llnl.gov/science-technology/hpc-simulation-data-science;ND;Learn More;ND;United States;North America;official_research_institution;ND;ND;2026-10-03T23:04:37.112Z;institutional_primary;en;At Lawrence Livermore National Laboratory, our unique computational capabilities, specifically high-performance computing (HPC), simulation and data science, impact an array of mission challenges. Learn how our HPC work enhances scientific discovery and engineering design.;At Lawrence Livermore National Laboratory, our unique computational capabilities, specifically high-performance computing (HPC), simulation and data science, impact an array of mission challenges. Learn how our HPC work enhances scientific discovery and engineering design.;ND;ND;ND;ND;ND;ND;ND;ND;free;primary;not_applicable;ND;ND;https://www.llnl.gov/science-technology/hpc-simulation-data-science;ND;4;B;V2;200;V2: institution certifiée 3/3, URL ouverte anonymement, titre et contenu vérifiés automatiquement. V3 réservé à une validation plus forte.;a45e21ca1d0ba69f880381390be36bd4ae75ae461b56a54aed0a1174ff7e6fb0
537;DOC-3AB8BCF386C30C3A4876;research;ND;"Human Health &ndash; Lawrence Berkeley National Laboratory";https://www.lbl.gov/research/human-health/;ND;Learn More;ND;United States;North America;official_research_institution;ND;ND;2026-10-03T23:04:22.618Z;institutional_primary;en;"We&#039;re researching the fundamental inner workings of our bodies and our microbiomes to advance heath care and combat diseases.";"We&#039;re researching the fundamental inner workings of our bodies and our microbiomes to advance heath care and combat diseases.";ND;ND;ND;ND;ND;ND;ND;ND;free;primary;not_applicable;ND;ND;https://www.lbl.gov/research/human-health/;ND;2;B;V2;200;V2: institution certifiée 3/3, URL ouverte anonymement, titre et contenu vérifiés automatiquement. V3 réservé à une validation plus forte.;0c49ea3e7d77083f5b47526831700ccd66e067298768d60fd600a87099c95d8a
538;DOC-CD0B96CD57B14707A4EC;research;ND;Hydrogen Production and Storage - Savannah River National Laboratory;https://www.srnl.gov/research-areas/emerging-science-technology/hydrogen-production-and-storage/;ND;Learn More;ND;United States;North America;official_research_institution;ND;ND;2026-10-03T23:04:54.006Z;institutional_primary;en;Hydrogen Production & Storage Savannah River National Laboratory has more than 50 years of experience in developing and deploying technologies for safely and efficiently working with hydrogen. This expertise is grounded in decades of technology support for the Savannah River Site’s (SRS) work with tritium, the radioactive isotope of hydrogen that is a vital component...;Hydrogen Production & Storage Savannah River National Laboratory has more than 50 years of experience in developing and deploying technologies for safely and efficiently working with hydrogen. This expertise is grounded in decades of technology support for the Savannah River Site’s (SRS) work with tritium, the radioactive isotope of hydrogen that is a vital component...;ND;ND;ND;ND;ND;ND;ND;ND;free;primary;not_applicable;ND;ND;https://www.srnl.gov/research-areas/emerging-science-technology/hydrogen-production-and-storage/;ND;4;B;V2;200;V2: institution certifiée 3/3, URL ouverte anonymement, titre et contenu vérifiés automatiquement. V3 réservé à une validation plus forte.;5ac96230ac4b95e295a923ade230551b8f8f12816229e2441dda2d83e7e7a806
539;DOC-CA617C665A745FEA1403;research;ND;Innovative SIMES Solar-Energy Technology Funded by DOE;https://www6.slac.stanford.edu/news/2012-07-18-innovative-simes-solar-energy-technology-funded-doe;ND;Learn More;ND;United States;North America;official_research_institution;ND;ND;2026-10-03T23:04:30.074Z;institutional_primary;en;The U.S. Department of Energy has awarded a research group at the Stanford Institute for Materials and Energy Sciences (SIMES) a grant of up to $900,000 over three years to design, build and test an innovative high-temperature solar-energy conversion device that could enable more efficient utility-scale concentrating solar power systems.;The U.S. Department of Energy has awarded a research group at the Stanford Institute for Materials and Energy Sciences (SIMES) a grant of up to $900,000 over three years to design, build and test an innovative high-temperature solar-energy conversion device that could enable more efficient utility-scale concentrating solar power systems.;ND;ND;ND;ND;ND;ND;ND;ND;free;primary;not_applicable;ND;ND;https://www6.slac.stanford.edu/news/2012-07-18-innovative-simes-solar-energy-technology-funded-doe;ND;3;B;V2;200;V2: institution certifiée 3/3, URL ouverte anonymement, titre et contenu vérifiés automatiquement. V3 réservé à une validation plus forte.;46c3189c9212d9a7844b51a73ebebdb2165fa90ff95482e015a174a079014503
540;DOC-858AA39549A2D41B9E7C;research;ND;Laboratory Directed Research & Development - Savannah River National Laboratory;https://www.srnl.gov/research-areas/emerging-science-technology/laboratory-directed-research-development/;ND;Learn More;ND;United States;North America;official_research_institution;ND;ND;2026-10-03T23:04:54.054Z;institutional_primary;en;Laboratory Directed Research & Development About LDRD SRNL seeks to support the critical DOE missions of energy solutions, national security, environmental stewardship and nuclear materials management. The LDRD program aims to position the Laboratory for programmatic growth through early exploration and exploitation of creative ideas that will enhance the ability to execute current and future...;Laboratory Directed Research & Development About LDRD SRNL seeks to support the critical DOE missions of energy solutions, national security, environmental stewardship and nuclear materials management. The LDRD program aims to position the Laboratory for programmatic growth through early exploration and exploitation of creative ideas that will enhance the ability to execute current and future...;ND;ND;ND;ND;ND;ND;ND;ND;free;primary;not_applicable;ND;ND;https://www.srnl.gov/research-areas/emerging-science-technology/laboratory-directed-research-development/;ND;5;B;V2;200;V2: institution certifiée 3/3, URL ouverte anonymement, titre et contenu vérifiés automatiquement. V3 réservé à une validation plus forte.;47088d37dd598f28030fbe9f9afd03469097edeca1d3835b7c14f61a8fe5aa5e
541;DOC-BB25395281FA59D7AB4D;research;ND;Lasers and Optical Science and Technology | Lawrence Livermore National Laboratory;https://www.llnl.gov/science-technology/laser-optical-science-technology;ND;Learn More;ND;United States;North America;official_research_institution;ND;ND;2026-10-03T23:04:37.184Z;institutional_primary;en;Lawrence Livermore National Laboratory is a world leader in developing advanced high-energy, high-average-power, pulsed and ultrafast laser systems, such as the National Ignition Facility (NIF), the world’s highest energy laser system. Learn more about our work.;Lawrence Livermore National Laboratory is a world leader in developing advanced high-energy, high-average-power, pulsed and ultrafast laser systems, such as the National Ignition Facility (NIF), the world’s highest energy laser system. Learn more about our work.;ND;ND;ND;ND;ND;ND;ND;ND;free;primary;not_applicable;ND;ND;https://www.llnl.gov/science-technology/laser-optical-science-technology;ND;3;B;V2;200;V2: institution certifiée 3/3, URL ouverte anonymement, titre et contenu vérifiés automatiquement. V3 réservé à une validation plus forte.;0c6063503248fb58eccfbb5154214e5bd5142d9e935fe539e34c6098a3775b85
542;DOC-A7165C8630B0DB76706F;research;ND;LDRD Town Hall: Transformational Energy Science and Technology | ORNL;https://www.ornl.gov/event/ldrd-town-hall-transformational-energy-science-and-technology;ND;Learn More;ND;United States;North America;official_research_institution;Mon, 07/20/2020 - 11:46;ND;2026-10-03T23:04:30.770Z;institutional_primary;en;"ORNL invites research staff to submit concept papers for fiscal year 2021 Director&#039;s R&D (DRD) funding. As part of Laboratory Directed Research and Development, the DRD program provides opportunities to build new capabilities at ORNL at the forefront of science and technology and serves as a proving ground for new concepts. Join Ilias Belharouak, the Initiative Lead for Transformational Energy Science and Technology, for a presentation and discussion of the FY 21 DRD initiative.";"ORNL invites research staff to submit concept papers for fiscal year 2021 Director&#039;s R&D (DRD) funding. As part of Laboratory Directed Research and Development, the DRD program provides opportunities to build new capabilities at ORNL at the forefront of science and technology and serves as a proving ground for new concepts. Join Ilias Belharouak, the Initiative Lead for Transformational Energy Science and Technology, for a presentation and discussion of the FY 21 DRD initiative.";ND;ND;ND;ND;ND;ND;ND;ND;free;primary;not_applicable;ND;ND;https://www.ornl.gov/event/ldrd-town-hall-transformational-energy-science-and-technology;ND;4;B;V2;200;V2: institution certifiée 3/3, URL ouverte anonymement, titre et contenu vérifiés automatiquement. V3 réservé à une validation plus forte.;7fd44dcf4085ca2745b8c4ce7a5a26fc99c22e24837472a8944736a025c09f04
543;DOC-2B3456C73440EB6497D0;research;ND;Lighting Science and Technology Laboratory | PNNL;https://www.pnnl.gov/lighting-science-and-technology-laboratory;ND;Learn More;ND;United States;North America;official_research_institution;ND;ND;2026-10-03T23:04:34.461Z;institutional_primary;en;The Lighting Science and Technology Laboratory is a large warehouse filled with lights, cables, controllers, and computers where researchers can study connected lighting.;The Lighting Science and Technology Laboratory is a large warehouse filled with lights, cables, controllers, and computers where researchers can study connected lighting.;ND;ND;ND;ND;ND;ND;ND;ND;free;primary;not_applicable;ND;ND;https://www.pnnl.gov/lighting-science-and-technology-laboratory;ND;4;B;V2;200;V2: institution certifiée 3/3, URL ouverte anonymement, titre et contenu vérifiés automatiquement. V3 réservé à une validation plus forte.;218cefd1d8b88301ff55a2529623812501538d853c1f78353e894f1a6c8eacfc
544;DOC-E551DDB062B6140FD1CC;research;ND;Machine Learning Accelerated Materials Discovery Center | Ames Laboratory;https://www.ameslab.gov/machine-learning-accelerated-materials-discovery-center;ND;Learn More;ND;United States;North America;official_research_institution;ND;ND;2026-10-03T23:03:59.625Z;institutional_primary;en;This homepage provides an overview of the Machine Learning Accelerated Materials Discovery Center. For current project progress, publications, software and data resources, and project updates, please visit the MLAMD project website.Accelerating the discovery and design of advanced functional materials using AI/ML and exascale computingThrough this project, we will develop a series of exascale-capable computational codes and workflows that integrate materials theories and methods with Artificial Intelligence/Machine Learning (AI/ML) tools and materials databases, as well as the software stack developed through the Exascale Computing Program (ECP). The goal is to dramatically increase the speed of predicting new materials in new composition-structure-property spaces and identifying synthetic pathways for new functional materials. We will produce AI/ML integrated and validated open-source, ;This homepage provides an overview of the Machine Learning Accelerated Materials Discovery Center. For current project progress, publications, software and data resources, and project updates, please visit the MLAMD project website.Accelerating the discovery and design of advanced functional materials using AI/ML and exascale computingThrough this project, we will develop a series of exascale-capable computational codes and workflows that integrate materials theories and methods with Artificial Intelligence/Machine Learning (AI/ML) tools and materials databases, as well as the software stack developed through the Exascale Computing Program (ECP). The goal is to dramatically increase the speed of predicting new materials in new composition-structure-property spaces and identifying synthetic pathways for new functional materials. We will produce AI/ML integrated and validated open-source, ;ND;ND;ND;ND;ND;ND;ND;ND;free;primary;not_applicable;ND;ND;https://www.ameslab.gov/machine-learning-accelerated-materials-discovery-center;ND;1;B;V2;200;V2: institution certifiée 3/3, URL ouverte anonymement, titre et contenu vérifiés automatiquement. V3 réservé à une validation plus forte.;1c58deafa68232fe10fe689a0f1e055aa0403f18356d1e9fe339d8ee72164119
545;DOC-E9152A5DE2663E29672A;research;ND;"Manufacturing Innovation &ndash; Lawrence Berkeley National Laboratory";https://www.lbl.gov/research/manufacturing-innovation/;ND;Learn More;ND;United States;North America;official_research_institution;ND;ND;2026-10-03T23:04:22.882Z;institutional_primary;en;Speeding the process from concept to commercialization for the realization of low-carbon manufacturing processes and supply chains.;Speeding the process from concept to commercialization for the realization of low-carbon manufacturing processes and supply chains.;ND;ND;ND;ND;ND;ND;ND;ND;free;primary;not_applicable;ND;ND;https://www.lbl.gov/research/manufacturing-innovation/;ND;2;B;V2;200;V2: institution certifiée 3/3, URL ouverte anonymement, titre et contenu vérifiés automatiquement. V3 réservé à une validation plus forte.;559681389818f6cff116bf71b2913a735652842e6b385691c9ea7c0c1a79839c
546;DOC-F1221B83D3265155A047;research;ND;Mastering Materials Durability for Next-Generation Energy Technologies | SLAC National Accelerator Laboratory;https://www6.slac.stanford.edu/events/2025-06-25-mastering-materials-durability-next-generation-energy-technologies;ND;Learn More;ND;United States;North America;official_research_institution;ND;ND;2026-10-03T23:04:30.072Z;institutional_primary;en;About About Learn about our science, people, facilities and partners. Discover our history and vision for the future.;About About Learn about our science, people, facilities and partners. Discover our history and vision for the future.;ND;ND;ND;ND;ND;ND;ND;ND;free;primary;not_applicable;ND;ND;https://www6.slac.stanford.edu/events/2025-06-25-mastering-materials-durability-next-generation-energy-technologies;ND;3;B;V2;200;V2: institution certifiée 3/3, URL ouverte anonymement, titre et contenu vérifiés automatiquement. V3 réservé à une validation plus forte.;3dfdb5dd299630bf9f9e13156ae44a562323205bcd0a281af33a62b582ac528b
547;DOC-C11A2AC53D6A6419D102;research;ND;Materials and Advanced Manufacturing | PNNL;https://www.pnnl.gov/projects/space-science-technology-and-policy/materials-and-advanced-manufacturing;ND;Learn More;ND;United States;North America;official_research_institution;ND;ND;2026-10-03T23:04:31.985Z;institutional_primary;en;Success in space relies on our ability to harness the power of chemistry to innovate and develop high-performing materials for new situations and environments.;Success in space relies on our ability to harness the power of chemistry to innovate and develop high-performing materials for new situations and environments.;ND;ND;ND;ND;ND;ND;ND;ND;free;primary;not_applicable;ND;ND;https://www.pnnl.gov/projects/space-science-technology-and-policy/materials-and-advanced-manufacturing;ND;5;B;V2;200;V2: institution certifiée 3/3, URL ouverte anonymement, titre et contenu vérifiés automatiquement. V3 réservé à une validation plus forte.;be83bda921a74ee47d20d0be5d197eed5c87f595a670e5b629315344e4a8c0af
548;DOC-31ECED2DF1FFBDEED61A;research;ND;"Materials and Chemical Sciences &ndash; Lawrence Berkeley National Laboratory";https://www.lbl.gov/research/materials-and-chemical-sciences/;ND;Learn More;ND;United States;North America;official_research_institution;ND;ND;2026-10-03T23:04:22.331Z;institutional_primary;en;Next-gen materials and chemistry promise to provide new technologies for a clean energy and a sustainable future.;Next-gen materials and chemistry promise to provide new technologies for a clean energy and a sustainable future.;ND;ND;ND;ND;ND;ND;ND;ND;free;primary;not_applicable;ND;ND;https://www.lbl.gov/research/materials-and-chemical-sciences/;ND;3;B;V2;200;V2: institution certifiée 3/3, URL ouverte anonymement, titre et contenu vérifiés automatiquement. V3 réservé à une validation plus forte.;83a06d857f3982db29978c5036cbdc35a70ee324a59018cbd79206f635920fc7
549;DOC-0C6558C03D67452CF021;research;ND;Materials Science and Technology Building | PNNL;https://www.pnnl.gov/materials-science-and-technology-building;ND;Learn More;ND;United States;North America;official_research_institution;ND;ND;2026-10-03T23:04:34.532Z;institutional_primary;en;At PNNL’s Materials Science and Technology Building, researchers identify and predict degradation of materials in extreme environments, such as components within nuclear power plants, before damage leads to failure.;At PNNL’s Materials Science and Technology Building, researchers identify and predict degradation of materials in extreme environments, such as components within nuclear power plants, before damage leads to failure.;ND;ND;ND;ND;ND;ND;ND;ND;free;primary;not_applicable;ND;ND;https://www.pnnl.gov/materials-science-and-technology-building;ND;4;B;V2;200;V2: institution certifiée 3/3, URL ouverte anonymement, titre et contenu vérifiés automatiquement. V3 réservé à une validation plus forte.;091576e25467b887511f393c38012ab7894b98a452f7babd64fa1ea0f519ea28
550;DOC-B503C1DBE74769ABBF85;research;ND;Materials Sciences and Engineering | Ames Laboratory;https://www.ameslab.gov/dmse;ND;Learn More;ND;United States;North America;official_research_institution;ND;ND;2026-10-03T23:03:59.468Z;institutional_primary;en;DMSE conducts research in the accelerated discovery, design, and synthesis of innovative materials through integration of state-of-the-art experimental, computational and theoretical methods;DMSE conducts research in the accelerated discovery, design, and synthesis of innovative materials through integration of state-of-the-art experimental, computational and theoretical methods;ND;ND;ND;ND;ND;ND;ND;ND;free;primary;not_applicable;ND;ND;https://www.ameslab.gov/dmse;ND;3;B;V2;200;V2: institution certifiée 3/3, URL ouverte anonymement, titre et contenu vérifiés automatiquement. V3 réservé à une validation plus forte.;b6878354774efe85c5c39bbc76e463636585914c67241d68a57eaed3ff21db17
551;DOC-9A2DF818CBC85D5DFA03;research;ND;MEDIA ADVISORY: U.S. Department of Energy to announce Mine of the Future Project Selections at Ames National Laboratory | Ames Laboratory;https://www.ameslab.gov/news/media-advisory-u-s-department-of-energy-to-announce-mine-of-the-future-project-selections-at;ND;Learn More;ND;United States;North America;official_research_institution;2026-09-24T12:00:00Z;ND;2026-10-03T23:03:59.485Z;institutional_primary;en;U.S. Department of Energy to Announce Mine of the Future Project Selections at Ames National Laboratory;U.S. Department of Energy to Announce Mine of the Future Project Selections at Ames National Laboratory;ND;ND;ND;ND;ND;ND;ND;ND;free;primary;not_applicable;ND;ND;https://www.ameslab.gov/news/media-advisory-u-s-department-of-energy-to-announce-mine-of-the-future-project-selections-at;ND;3;B;V2;200;V2: institution certifiée 3/3, URL ouverte anonymement, titre et contenu vérifiés automatiquement. V3 réservé à une validation plus forte.;bf1a6778b4c766d8be71cc5bd389b9c6b00d93fde80affcc10858a4a2d224dee
552;DOC-018EC0754E4FFAF6A51B;research;ND;"Missions &#8211; Sandia National Laboratories";https://www.sandia.gov/missions/;ND;Learn More;ND;United States;North America;official_research_institution;ND;ND;2026-10-03T23:04:48.432Z;institutional_primary;en;"We strive to become the laboratory that the U.S. turns to first for technology solutions to the most challenging problems that threaten peace and freedom for our nation and the globe. At Sandia, national security is our business. We apply advanced science and engineering to help our nation and allies detect, repel, defeat, or mitigate [&hellip;]";"We strive to become the laboratory that the U.S. turns to first for technology solutions to the most challenging problems that threaten peace and freedom for our nation and the globe. At Sandia, national security is our business. We apply advanced science and engineering to help our nation and allies detect, repel, defeat, or mitigate [&hellip;]";ND;ND;ND;ND;ND;ND;ND;ND;free;primary;not_applicable;ND;ND;https://www.sandia.gov/missions/;ND;1;B;V2;200;V2: institution certifiée 3/3, URL ouverte anonymement, titre et contenu vérifiés automatiquement. V3 réservé à une validation plus forte.;07c02d671e1f3ab22447596142cf0a5441b65d723b5476ea9335ebfb6d741457
553;DOC-ECF8BCC5FECE8C27F497;research;ND;New Programs Enhance SIMES Role in Studying Exotic New Materials;https://www6.slac.stanford.edu/news/2015-02-20-new-programs-enhance-simes-role-studying-exotic-new-materials;ND;Learn More;ND;United States;North America;official_research_institution;ND;ND;2026-10-03T23:04:30.356Z;institutional_primary;en;Two new research projects support the Stanford Institute for Materials and Energy Sciences in the study of exotic new materials that could enable future innovative electronic and photonic applications.;Two new research projects support the Stanford Institute for Materials and Energy Sciences in the study of exotic new materials that could enable future innovative electronic and photonic applications.;ND;ND;ND;ND;ND;ND;ND;ND;free;primary;not_applicable;ND;ND;https://www6.slac.stanford.edu/news/2015-02-20-new-programs-enhance-simes-role-studying-exotic-new-materials;ND;3;B;V2;200;V2: institution certifiée 3/3, URL ouverte anonymement, titre et contenu vérifiés automatiquement. V3 réservé à une validation plus forte.;ddfaa640ecdecb29e6683b6ca76d377934e0df0ae13d7ea41d254949de0a09bf
554;DOC-D4B1F0A171F54C288D6F;research;ND;New protocol could help advance plastic upcycling technologies | Ames Laboratory;https://www.ameslab.gov/news/new-protocol-could-help-advance-plastic-upcycling-technologies;ND;Learn More;ND;United States;North America;official_research_institution;2026-09-24T12:00:00Z;ND;2026-10-03T23:03:59.700Z;institutional_primary;en;How do scientists and engineers know how well a plastic upcycling technology works?;How do scientists and engineers know how well a plastic upcycling technology works?;ND;ND;ND;ND;ND;ND;ND;ND;free;primary;not_applicable;ND;ND;https://www.ameslab.gov/news/new-protocol-could-help-advance-plastic-upcycling-technologies;ND;1;B;V2;200;V2: institution certifiée 3/3, URL ouverte anonymement, titre et contenu vérifiés automatiquement. V3 réservé à une validation plus forte.;7f06a44a36e3b260640ebc636a0d4a25a3f49430cc28105692181b2c11f2fd5a
555;DOC-426C257C4F55E0EC1AA1;research;ND;News and Publications | PNNL;https://www.pnnl.gov/projects/space-science-technology-and-policy/news-and-publications;ND;Learn More;ND;United States;North America;official_research_institution;ND;ND;2026-10-03T23:04:33.126Z;institutional_primary;en;The Space Cyber Test Range, being built at the Pacific Northwest National Lab, a Department of Energy research contractor in Richland, Wash., will be a digital testbed ... Read the article.;The Space Cyber Test Range, being built at the Pacific Northwest National Lab, a Department of Energy research contractor in Richland, Wash., will be a digital testbed ... Read the article.;ND;ND;ND;ND;ND;ND;ND;ND;free;primary;not_applicable;ND;ND;https://www.pnnl.gov/projects/space-science-technology-and-policy/news-and-publications;ND;5;B;V2;200;V2: institution certifiée 3/3, URL ouverte anonymement, titre et contenu vérifiés automatiquement. V3 réservé à une validation plus forte.;4d90c05a6d7b65558e766073d0a9a7cc9e6d929be35ef2e16785f2f6a2894999
556;DOC-9EE95F68099DA9537BA5;research;ND;NNLEMS - Savannah River National Laboratory;https://www.srnl.gov/research-areas/environmental-stewardship/nnlems/;ND;Learn More;ND;United States;North America;official_research_institution;ND;ND;2026-10-03T23:04:54.013Z;institutional_primary;en;NNLEMS Network of National Laboratories for Environmental Management and Stewardship (NNLEMS) The Department of Energy (DOE) Offices of Environmental Management (EM) and Legacy Management (LM) jointly sponsor the Network of National Laboratories for Environmental Management and Stewardship (NNLEMS). The NNLEMS establishes a partnership of Federally Funded Research and Development Centers (FFRDC) managed by DOE. This...;NNLEMS Network of National Laboratories for Environmental Management and Stewardship (NNLEMS) The Department of Energy (DOE) Offices of Environmental Management (EM) and Legacy Management (LM) jointly sponsor the Network of National Laboratories for Environmental Management and Stewardship (NNLEMS). The NNLEMS establishes a partnership of Federally Funded Research and Development Centers (FFRDC) managed by DOE. This...;ND;ND;ND;ND;ND;ND;ND;ND;free;primary;not_applicable;ND;ND;https://www.srnl.gov/research-areas/environmental-stewardship/nnlems/;ND;3;B;V2;200;V2: institution certifiée 3/3, URL ouverte anonymement, titre et contenu vérifiés automatiquement. V3 réservé à une validation plus forte.;ecb685374acabbd98b2b478b9361a0af1ecb5fb1012bd5777637ff59e69fa0c3
557;DOC-963FEA2987AED76968A4;research;ND;nt0005664-asp-technology.pdf | netl.doe.gov;https://www.netl.doe.gov/files/oil-gas/nt0005664-asp-technology.pdf;https://www.netl.doe.gov/files/oil-gas/nt0005664-asp-technology.pdf;Learn More;ND;United States;North America;official_research_institution;ND;ND;2026-10-03T23:04:39.284Z;institutional_primary;en;ASP Technology Increases Production from Depleted U.S. Oil Field Successful Pilot Project Improves Recovery by more than 300 Percent in Mature Illinois Oilfield The Lawrence field in Lawrence County, Illinois, has yielded more that 410 million barrels of oil under different operators since it began production in 1906. Yet, like many mature oil fields, despite the significant amount of oil remaining in its formations, Lawrence is approaching the limit of economically feasible oil recovery through traditional recovery techniques.;ASP Technology Increases Production from Depleted U.S. Oil Field Successful Pilot Project Improves Recovery by more than 300 Percent in Mature Illinois Oilfield The Lawrence field in Lawrence County, Illinois, has yielded more that 410 million barrels of oil under different operators since it began production in 1906. Yet, like many mature oil fields, despite the significant amount of oil remaining in its formations, Lawrence is approaching the limit of economically feasible oil recovery through traditional recovery techniques.;ND;ND;ND;ND;ND;ND;ND;ND;free;primary;not_applicable;ND;ND;https://www.netl.doe.gov/files/oil-gas/nt0005664-asp-technology.pdf;ND;4;B;V2;200;V2: institution certifiée 3/3, URL ouverte anonymement, titre et contenu vérifiés automatiquement. V3 réservé à une validation plus forte.;dff63feaf47cce0307f7aa9963f69beacafbaef024ee232b4d0786cf785442bb
558;DOC-06B1ECB10B9288EC7659;research;ND;Nuclear Material Processing and Disposition - Savannah River National Laboratory;https://www.srnl.gov/research-areas/environmental-stewardship/nuclear-material-processing-and-disposition/;ND;Learn More;ND;United States;North America;official_research_institution;ND;ND;2026-10-03T23:04:54.681Z;institutional_primary;en;Nuclear Material Processing and Disposition SRNL designs, develops and tests processes, flow sheets and equipment to support excess nuclear material storage, processing and transportation. This core competency includes qualification and validation of ongoing operational processes, development and demonstration of next-generation technology options, program analysis, and troubleshooting of process operations. Associated SRNL competencies and capabilities include:...;Nuclear Material Processing and Disposition SRNL designs, develops and tests processes, flow sheets and equipment to support excess nuclear material storage, processing and transportation. This core competency includes qualification and validation of ongoing operational processes, development and demonstration of next-generation technology options, program analysis, and troubleshooting of process operations. Associated SRNL competencies and capabilities include:...;ND;ND;ND;ND;ND;ND;ND;ND;free;primary;not_applicable;ND;ND;https://www.srnl.gov/research-areas/environmental-stewardship/nuclear-material-processing-and-disposition/;ND;3;B;V2;200;V2: institution certifiée 3/3, URL ouverte anonymement, titre et contenu vérifiés automatiquement. V3 réservé à une validation plus forte.;b65cbcd8201f227d4dc87d1a0f6aab73b37e7b970970a1da1303742a1dcff8fe
559;DOC-472E023CF1F100202AAE;research;ND;Nuclear Security Science and Technology Publications | ORNL;https://www.ornl.gov/project/nuclear-security-science-and-technology-publications;ND;Learn More;ND;United States;North America;official_research_institution;Tue, 09/27/2016 - 15:49;ND;2026-10-03T23:04:30.659Z;institutional_primary;en;facebook Facebook linkedin LinkedIn youtube YouTube flickr flickr Partner with ORNL Visit Contact Menu Strategic Priorities Future of Computing AI Autonomous Science Quantum Nuclear Solutions Isotopes Nuclear Fusion Atoms to Applications Materials Neutron Sciences Biotechnology Resilient Energy Systems Grid National Security Science Areas Biology & Environment Energy Science Fusion & Fission Isotopes Physical Sciences National Security Neutron Science Supercomputing Work With Us User Facilities Educational Programs Procurement Small Business Programs About Us Overview Leadership Team Visiting ORNL Our Values History Careers News Partner with ORNL Visit Contact Hit enter to search or ESC to close Hit enter to search or ESC to close --> Nuclear Security Science and Technology Publications Oak Ridge National Laboratory 1 Bethel Valley Road Oak Ridge, TN 37830;facebook Facebook linkedin LinkedIn youtube YouTube flickr flickr Partner with ORNL Visit Contact Menu Strategic Priorities Future of Computing AI Autonomous Science Quantum Nuclear Solutions Isotopes Nuclear Fusion Atoms to Applications Materials Neutron Sciences Biotechnology Resilient Energy Systems Grid National Security Science Areas Biology & Environment Energy Science Fusion & Fission Isotopes Physical Sciences National Security Neutron Science Supercomputing Work With Us User Facilities Educational Programs Procurement Small Business Programs About Us Overview Leadership Team Visiting ORNL Our Values History Careers News Partner with ORNL Visit Contact Hit enter to search or ESC to close Hit enter to search or ESC to close --> Nuclear Security Science and Technology Publications Oak Ridge National Laboratory 1 Bethel Valley Road Oak Ridge, TN 37830;ND;ND;ND;ND;ND;ND;ND;ND;free;primary;not_applicable;ND;ND;https://www.ornl.gov/project/nuclear-security-science-and-technology-publications;ND;5;B;V2;200;V2: institution certifiée 3/3, URL ouverte anonymement, titre et contenu vérifiés automatiquement. V3 réservé à une validation plus forte.;34d1a4ad725a60d02993488bfe46e510ad365062da8fe55ea51b9b42a9894550
560;DOC-179B94673ABD16459C4A;research;ND;Nuclear Security Science and Technology Research Highlights | ORNL;https://www.ornl.gov/project/nuclear-security-science-and-technology-research-highlights;ND;Learn More;ND;United States;North America;official_research_institution;Mon, 07/31/2017 - 12:37;ND;2026-10-03T23:04:30.644Z;institutional_primary;en;facebook Facebook linkedin LinkedIn youtube YouTube flickr flickr Partner with ORNL Visit Contact Menu Strategic Priorities Future of Computing AI Autonomous Science Quantum Nuclear Solutions Isotopes Nuclear Fusion Atoms to Applications Materials Neutron Sciences Biotechnology Resilient Energy Systems Grid National Security Science Areas Biology & Environment Energy Science Fusion & Fission Isotopes Physical Sciences National Security Neutron Science Supercomputing Work With Us User Facilities Educational Programs Procurement Small Business Programs About Us Overview Leadership Team Visiting ORNL Our Values History Careers News Partner with ORNL Visit Contact Hit enter to search or ESC to close Hit enter to search or ESC to close --> Nuclear Security Science and Technology Research Highlights Oak Ridge National Laboratory 1 Bethel Valley Road Oak Ridge, TN 37830;facebook Facebook linkedin LinkedIn youtube YouTube flickr flickr Partner with ORNL Visit Contact Menu Strategic Priorities Future of Computing AI Autonomous Science Quantum Nuclear Solutions Isotopes Nuclear Fusion Atoms to Applications Materials Neutron Sciences Biotechnology Resilient Energy Systems Grid National Security Science Areas Biology & Environment Energy Science Fusion & Fission Isotopes Physical Sciences National Security Neutron Science Supercomputing Work With Us User Facilities Educational Programs Procurement Small Business Programs About Us Overview Leadership Team Visiting ORNL Our Values History Careers News Partner with ORNL Visit Contact Hit enter to search or ESC to close Hit enter to search or ESC to close --> Nuclear Security Science and Technology Research Highlights Oak Ridge National Laboratory 1 Bethel Valley Road Oak Ridge, TN 37830;ND;ND;ND;ND;ND;ND;ND;ND;free;primary;not_applicable;ND;ND;https://www.ornl.gov/project/nuclear-security-science-and-technology-research-highlights;ND;5;B;V2;200;V2: institution certifiée 3/3, URL ouverte anonymement, titre et contenu vérifiés automatiquement. V3 réservé à une validation plus forte.;e43b7f25e347b242fd681506085a8d1d55552770ff30c6af7a862039235be3a5
561;DOC-75D75F549A1B75501525;research;ND;Nuclear, Chemical and Isotopic Science and Technology | Lawrence Livermore National Laboratory;https://www.llnl.gov/science-technology/nuclear-chemical-isotopic-science-technology;ND;Learn More;ND;United States;North America;official_research_institution;ND;ND;2026-10-03T23:04:37.192Z;institutional_primary;en;At Lawrence Livermore National Laboratory, our research addresses scientific understanding, capabilities and technologies in nuclear and particle physics, radiochemistry, cosmochemistry, forensic science and isotope systems to support our national security mission. Learn about our nuclear, chemical and isotopic science and technology.;At Lawrence Livermore National Laboratory, our research addresses scientific understanding, capabilities and technologies in nuclear and particle physics, radiochemistry, cosmochemistry, forensic science and isotope systems to support our national security mission. Learn about our nuclear, chemical and isotopic science and technology.;ND;ND;ND;ND;ND;ND;ND;ND;free;primary;not_applicable;ND;ND;https://www.llnl.gov/science-technology/nuclear-chemical-isotopic-science-technology;ND;3;B;V2;200;V2: institution certifiée 3/3, URL ouverte anonymement, titre et contenu vérifiés automatiquement. V3 réservé à une validation plus forte.;bb25a20d6bc06306353e15178860204328943d016c350ef5325cc071463d370d
562;DOC-208533775DBF501EDCB7;research;ND;ORNL researcher named editor-designate of Fusion Technology publication;https://www.ornl.gov/news/ornl-researcher-named-editor-designate-fusion-technology-publication;ND;Learn More;ND;United States;North America;official_research_institution;Thu, 09/21/2000 - 12:00;ND;2026-10-03T23:04:30.903Z;institutional_primary;en;facebook Facebook linkedin LinkedIn youtube YouTube flickr flickr Partner with ORNL Visit Contact Menu Strategic Priorities Future of Computing AI Autonomous Science Quantum Nuclear Solutions Isotopes Nuclear Fusion Atoms to Applications Materials Neutron Sciences Biotechnology Resilient Energy Systems Grid National Security Science Areas Biology & Environment Energy Science Fusion & Fission Isotopes Physical Sciences National Security Neutron Science Supercomputing Work With Us User Facilities Educational Programs Procurement Small Business Programs About Us Overview Leadership Team Visiting ORNL Our Values History Careers News Partner with ORNL Visit Contact Hit enter to search or ESC to close Hit enter to search or ESC to close --> News ORNL researcher named editor-designate of Fusion Technology publication Published: September 21, 2000 Nermin A. Uckan of the Department of Energy's (D;facebook Facebook linkedin LinkedIn youtube YouTube flickr flickr Partner with ORNL Visit Contact Menu Strategic Priorities Future of Computing AI Autonomous Science Quantum Nuclear Solutions Isotopes Nuclear Fusion Atoms to Applications Materials Neutron Sciences Biotechnology Resilient Energy Systems Grid National Security Science Areas Biology & Environment Energy Science Fusion & Fission Isotopes Physical Sciences National Security Neutron Science Supercomputing Work With Us User Facilities Educational Programs Procurement Small Business Programs About Us Overview Leadership Team Visiting ORNL Our Values History Careers News Partner with ORNL Visit Contact Hit enter to search or ESC to close Hit enter to search or ESC to close --> News ORNL researcher named editor-designate of Fusion Technology publication Published: September 21, 2000 Nermin A. Uckan of the Department of Energy's (D;ND;ND;ND;ND;ND;ND;ND;ND;free;primary;not_applicable;ND;ND;https://www.ornl.gov/news/ornl-researcher-named-editor-designate-fusion-technology-publication;ND;4;B;V2;200;V2: institution certifiée 3/3, URL ouverte anonymement, titre et contenu vérifiés automatiquement. V3 réservé à une validation plus forte.;2bf2a87420b1b7492f5bcaa02f8d572af328a7ee80bff614b875f8ac83d40e29
563;DOC-634303666BC9A993B589;research;ND;ORNL-developed technology streamlines computational science projects;https://www.ornl.gov/news/ornl-developed-technology-streamlines-computational-science-projects;ND;Learn More;ND;United States;North America;official_research_institution;Fri, 09/14/2018 - 12:00;ND;2026-10-03T23:04:30.905Z;institutional_primary;en;facebook Facebook linkedin LinkedIn youtube YouTube flickr flickr Partner with ORNL Visit Contact Menu Strategic Priorities Future of Computing AI Autonomous Science Quantum Nuclear Solutions Isotopes Nuclear Fusion Atoms to Applications Materials Neutron Sciences Biotechnology Resilient Energy Systems Grid National Security Science Areas Biology & Environment Energy Science Fusion & Fission Isotopes Physical Sciences National Security Neutron Science Supercomputing Work With Us User Facilities Educational Programs Procurement Small Business Programs About Us Overview Leadership Team Visiting ORNL Our Values History Careers News Partner with ORNL Visit Contact Hit enter to search or ESC to close Hit enter to search or ESC to close --> News ORNL-developed technology streamlines computational science projects Published: September 14, 2018 View a hi-res version of this image Jay Jay Billing;facebook Facebook linkedin LinkedIn youtube YouTube flickr flickr Partner with ORNL Visit Contact Menu Strategic Priorities Future of Computing AI Autonomous Science Quantum Nuclear Solutions Isotopes Nuclear Fusion Atoms to Applications Materials Neutron Sciences Biotechnology Resilient Energy Systems Grid National Security Science Areas Biology & Environment Energy Science Fusion & Fission Isotopes Physical Sciences National Security Neutron Science Supercomputing Work With Us User Facilities Educational Programs Procurement Small Business Programs About Us Overview Leadership Team Visiting ORNL Our Values History Careers News Partner with ORNL Visit Contact Hit enter to search or ESC to close Hit enter to search or ESC to close --> News ORNL-developed technology streamlines computational science projects Published: September 14, 2018 View a hi-res version of this image Jay Jay Billing;ND;ND;ND;ND;ND;ND;ND;ND;free;primary;not_applicable;ND;ND;https://www.ornl.gov/news/ornl-developed-technology-streamlines-computational-science-projects;ND;4;B;V2;200;V2: institution certifiée 3/3, URL ouverte anonymement, titre et contenu vérifiés automatiquement. V3 réservé à une validation plus forte.;e83207676ce1dacb15207d70d88498007d6b857be6931201e74f34d47b978f6c
564;DOC-5A4EE7BEB802DFECF632;research;ND;Our Science and Technology | Lawrence Livermore National Laboratory;https://www.llnl.gov/science-technology;ND;Learn More;ND;United States;North America;official_research_institution;ND;ND;2026-10-03T23:04:37.188Z;institutional_primary;en;Lawrence Livermore National Laboratory addresses national and global issues by leveraging leading-edge science and technology (S&T). Learn more about our core areas of expertise.;Lawrence Livermore National Laboratory addresses national and global issues by leveraging leading-edge science and technology (S&T). Learn more about our core areas of expertise.;ND;ND;ND;ND;ND;ND;ND;ND;free;primary;not_applicable;ND;ND;https://www.llnl.gov/science-technology;ND;3;B;V2;200;V2: institution certifiée 3/3, URL ouverte anonymement, titre et contenu vérifiés automatiquement. V3 réservé à une validation plus forte.;3a3058f4e15c85c253c5da525d6a9023541b40580c0d00cccc5851aaf9220b80
565;DOC-3AF12CC6FD8547C4EDE3;research;ND;"Partner Projects &ndash; Lawrence Berkeley National Laboratory";https://www.lbl.gov/genesis-mission/partner-projects/;ND;Learn More;ND;United States;North America;official_research_institution;ND;ND;2026-10-03T23:04:23.074Z;institutional_primary;en;Our research focuses on discovery science and solutions for abundant and reliable energy supplies.;Our research focuses on discovery science and solutions for abundant and reliable energy supplies.;ND;ND;ND;ND;ND;ND;ND;ND;free;primary;not_applicable;ND;ND;https://www.lbl.gov/genesis-mission/partner-projects/;ND;1;B;V2;200;V2: institution certifiée 3/3, URL ouverte anonymement, titre et contenu vérifiés automatiquement. V3 réservé à une validation plus forte.;0be596525481e9ebc2a691df6b9b6069ad120fc90fad28421d5759dbf059dfcd
566;DOC-9AE3F51D8628D3ECAD82;research;ND;Power and Energy | PNNL;https://www.pnnl.gov/projects/space-science-technology-and-policy/power-and-energy;ND;Learn More;ND;United States;North America;official_research_institution;ND;ND;2026-10-03T23:04:33.163Z;institutional_primary;en;Everything we do in space will require the generation, storage, and management of energy . Energy in space will be like air on Earth—we cannot survive without it.;Everything we do in space will require the generation, storage, and management of energy . Energy in space will be like air on Earth—we cannot survive without it.;ND;ND;ND;ND;ND;ND;ND;ND;free;primary;not_applicable;ND;ND;https://www.pnnl.gov/projects/space-science-technology-and-policy/power-and-energy;ND;5;B;V2;200;V2: institution certifiée 3/3, URL ouverte anonymement, titre et contenu vérifiés automatiquement. V3 réservé à une validation plus forte.;9715530da29640356ce9b7befcc0f318d2359d2ae7c1435c10d976eb22dcc968
567;DOC-0929AADF2066B617F379;research;ND;psr41879-Technology-Assessment.pdf | netl.doe.gov;https://www.netl.doe.gov/files/oil-gas/psr41879-Technology-Assessment.pdf;https://www.netl.doe.gov/files/oil-gas/psr41879-Technology-Assessment.pdf;Learn More;ND;United States;North America;official_research_institution;ND;ND;2026-10-03T23:04:39.838Z;institutional_primary;en;Report Title: Development of a Remote External Repair Tool for Damaged or Defective Polyethylene Pipe Type of Report: Technology Status Assessment Period of Report: November 12, 2003 Principal Author: Kenneth H. Green Report Issue Date: November 2003 DOE Award Number: DE-FC26-03NT41879 Submitting Organization: Timberwolf Corporation, dba Timberline Tool 4861 US Highway 2 West Columbia Falls, MT 59912;Report Title: Development of a Remote External Repair Tool for Damaged or Defective Polyethylene Pipe Type of Report: Technology Status Assessment Period of Report: November 12, 2003 Principal Author: Kenneth H. Green Report Issue Date: November 2003 DOE Award Number: DE-FC26-03NT41879 Submitting Organization: Timberwolf Corporation, dba Timberline Tool 4861 US Highway 2 West Columbia Falls, MT 59912;ND;ND;ND;ND;ND;ND;ND;ND;free;primary;not_applicable;ND;ND;https://www.netl.doe.gov/files/oil-gas/psr41879-Technology-Assessment.pdf;ND;4;B;V2;200;V2: institution certifiée 3/3, URL ouverte anonymement, titre et contenu vérifiés automatiquement. V3 réservé à une validation plus forte.;887fc61fb294b67c844b9564a7ea99494abc8b22a32d9825584161602963351a
568;DOC-C67114DC71BE42F606AE;research;ND;"Public Health Service Financial Conflict of Interest Policy &#8211; Sandia National Laboratories";https://www.sandia.gov/public-health-service-financial-conflict-of-interest-policy/;ND;Learn More;ND;United States;North America;official_research_institution;ND;ND;2026-10-03T23:04:48.243Z;institutional_primary;en;"1.0 Policy 1.1 This policy intends to promote objectivity in research funded by Public Health Service (PHS) Agencies by establishing standards that provide a reasonable expectation that the design, conduct, and reporting of research performed under PHS contracts will be free from bias resulting from Sandia National Laboratories (Sandia) Investigators’ financial conflicts of interest. 1.2 [&hellip;]";"1.0 Policy 1.1 This policy intends to promote objectivity in research funded by Public Health Service (PHS) Agencies by establishing standards that provide a reasonable expectation that the design, conduct, and reporting of research performed under PHS contracts will be free from bias resulting from Sandia National Laboratories (Sandia) Investigators’ financial conflicts of interest. 1.2 [&hellip;]";ND;ND;ND;ND;ND;ND;ND;ND;free;primary;not_applicable;ND;ND;https://www.sandia.gov/public-health-service-financial-conflict-of-interest-policy/;ND;1;B;V2;200;V2: institution certifiée 3/3, URL ouverte anonymement, titre et contenu vérifiés automatiquement. V3 réservé à une validation plus forte.;d1a573b357557c213da9c3e543166566ffa07af3f0579527bb4da296fbe82a17
569;DOC-9FB39AD688BBFA9FBF22;research;ND;"Publications &#8211; News";https://www.sandia.gov/news/publications/;ND;Learn More;ND;United States;North America;official_research_institution;ND;ND;2026-10-03T23:04:48.501Z;institutional_primary;en;"Reports authored by Sandia National Laboratories can be obtained through the following sources: Featured Publications Lab News The Lab News is distributed to employees and retirees, as well as individuals in industry, government, academia, nonprofit organizations, media, and private life who request it. Labs Accomplishments This year&#8217;s Labs Accomplishments publication recognizes some of Sandia’s best work during 2024, as [&hellip;]";"Reports authored by Sandia National Laboratories can be obtained through the following sources: Featured Publications Lab News The Lab News is distributed to employees and retirees, as well as individuals in industry, government, academia, nonprofit organizations, media, and private life who request it. Labs Accomplishments This year&#8217;s Labs Accomplishments publication recognizes some of Sandia’s best work during 2024, as [&hellip;]";ND;ND;ND;ND;ND;ND;ND;ND;free;primary;not_applicable;ND;ND;https://www.sandia.gov/news/publications/;ND;1;B;V2;200;V2: institution certifiée 3/3, URL ouverte anonymement, titre et contenu vérifiés automatiquement. V3 réservé à une validation plus forte.;e62f3c797b6dd7d112de5c98afc0ab890d3771fa20e73b2acef1638c6b39a811
570;DOC-AEAB4D21C8BA088D4815;research;ND;Publications | Bioresource Science and Engineering | ORNL;https://www.ornl.gov/group/bioresource-science-and-engineering/publications;ND;Learn More;ND;United States;North America;official_research_institution;Wed, 09/30/2020 - 15:41;ND;2026-10-03T23:04:30.748Z;institutional_primary;en;facebook Facebook linkedin LinkedIn youtube YouTube flickr flickr Partner with ORNL Visit Contact Menu Strategic Priorities Future of Computing AI Autonomous Science Quantum Nuclear Solutions Isotopes Nuclear Fusion Atoms to Applications Materials Neutron Sciences Biotechnology Resilient Energy Systems Grid National Security Science Areas Biology & Environment Energy Science Fusion & Fission Isotopes Physical Sciences National Security Neutron Science Supercomputing Work With Us User Facilities Educational Programs Procurement Small Business Programs About Us Overview Leadership Team Visiting ORNL Our Values History Careers News Partner with ORNL Visit Contact Hit enter to search or ESC to close Hit enter to search or ESC to close --> Biodiversity and Sustainable Systems Section Bioresource Science and Engineering Group About Publications Staff Publications Filter Publications Science Ar;facebook Facebook linkedin LinkedIn youtube YouTube flickr flickr Partner with ORNL Visit Contact Menu Strategic Priorities Future of Computing AI Autonomous Science Quantum Nuclear Solutions Isotopes Nuclear Fusion Atoms to Applications Materials Neutron Sciences Biotechnology Resilient Energy Systems Grid National Security Science Areas Biology & Environment Energy Science Fusion & Fission Isotopes Physical Sciences National Security Neutron Science Supercomputing Work With Us User Facilities Educational Programs Procurement Small Business Programs About Us Overview Leadership Team Visiting ORNL Our Values History Careers News Partner with ORNL Visit Contact Hit enter to search or ESC to close Hit enter to search or ESC to close --> Biodiversity and Sustainable Systems Section Bioresource Science and Engineering Group About Publications Staff Publications Filter Publications Science Ar;ND;ND;ND;ND;ND;ND;ND;ND;free;primary;not_applicable;ND;ND;https://www.ornl.gov/group/bioresource-science-and-engineering/publications;ND;4;B;V2;200;V2: institution certifiée 3/3, URL ouverte anonymement, titre et contenu vérifiés automatiquement. V3 réservé à une validation plus forte.;21325c40864c9f566b63a581390fe12042c99acc718e5cb09654f3960db4243b
571;DOC-146314C7508CFE5645C5;research;ND;Publications | NLR;https://www.nlr.gov/research/publications;ND;Learn More;ND;United States;North America;official_research_institution;ND;ND;2026-10-03T23:04:51.642Z;institutional_primary;en;NLR researchers actively publish their latest scientific findings and breakthroughs in technical reports, journal articles, conference papers, patents, presentations, and more.;NLR researchers actively publish their latest scientific findings and breakthroughs in technical reports, journal articles, conference papers, patents, presentations, and more.;ND;ND;ND;ND;ND;ND;ND;ND;free;primary;not_applicable;ND;ND;https://www.nlr.gov/research/publications;ND;2;B;V2;200;V2: institution certifiée 3/3, URL ouverte anonymement, titre et contenu vérifiés automatiquement. V3 réservé à une validation plus forte.;86119ac1a186c0259c8713d04c7f4d91ed9104e477a4d9ced99fcddf7bf4e334
572;DOC-5ECA68C7BF29DEFC21F5;research;ND;Publications | PNNL;https://www.pnnl.gov/projects/predictive-phenomics-science-technology-initiative/publications;ND;Learn More;ND;United States;North America;official_research_institution;ND;ND;2026-10-03T23:04:32.002Z;institutional_primary;en;Publications | PNNL Skip to main content PNNL About News & Media Careers Events Search Search Research Scientific Discovery Autonomous Science Biology Chemical Biology Computational Biology Ecosystem Science Human Health Cancer Biology Exposure Science & Pathogen Biology Integrative Omics Advanced Metabolomics Chemical Biology Mass Spectrometry-Based Measurement Technologies Spatial and Single-Cell Proteomics Structural Biology Microbiome Science Biofuels & Bioproducts Human Microbiome Soil Microbiome Synthetic Biology Predictive Phenomics Earth & Coastal Sciences Global Change Atmospheric Science Atmospheric Aerosols Human-Earth System Interactions Modeling Earth Systems Coastal Science Ecosystem Science Subsurface Science Terrestrial Aquatics Materials Sciences Materials in Extreme Environments Nondestructive Examination Precision Materials by Design Science of Interfaces Smart Advance;Publications | PNNL Skip to main content PNNL About News & Media Careers Events Search Search Research Scientific Discovery Autonomous Science Biology Chemical Biology Computational Biology Ecosystem Science Human Health Cancer Biology Exposure Science & Pathogen Biology Integrative Omics Advanced Metabolomics Chemical Biology Mass Spectrometry-Based Measurement Technologies Spatial and Single-Cell Proteomics Structural Biology Microbiome Science Biofuels & Bioproducts Human Microbiome Soil Microbiome Synthetic Biology Predictive Phenomics Earth & Coastal Sciences Global Change Atmospheric Science Atmospheric Aerosols Human-Earth System Interactions Modeling Earth Systems Coastal Science Ecosystem Science Subsurface Science Terrestrial Aquatics Materials Sciences Materials in Extreme Environments Nondestructive Examination Precision Materials by Design Science of Interfaces Smart Advance;ND;ND;ND;ND;ND;10.1016/j.redox.2026.104317;10.1016/j.redox.2026.104317;ND;free;primary;not_applicable;ND;ND;https://www.pnnl.gov/projects/predictive-phenomics-science-technology-initiative/publications;ND;5;B;V2;200;V2: institution certifiée 3/3, URL ouverte anonymement, titre et contenu vérifiés automatiquement. V3 réservé à une validation plus forte.;71a09805629079b9e5442ee5fdb5ed70094b8af80e9c30826dc8c3df8db1add5
573;DOC-A1573A94A461F05001C8;research;ND;Publications | Water Resource Science and Engineering | ORNL;https://www.ornl.gov/group/water-resource-science-and-engineering/publications;ND;Learn More;ND;United States;North America;official_research_institution;Wed, 09/30/2020 - 16:07;ND;2026-10-03T23:04:30.760Z;institutional_primary;en;facebook Facebook linkedin LinkedIn youtube YouTube flickr flickr Partner with ORNL Visit Contact Menu Strategic Priorities Future of Computing AI Autonomous Science Quantum Nuclear Solutions Isotopes Nuclear Fusion Atoms to Applications Materials Neutron Sciences Biotechnology Resilient Energy Systems Grid National Security Science Areas Biology & Environment Energy Science Fusion & Fission Isotopes Physical Sciences National Security Neutron Science Supercomputing Work With Us User Facilities Educational Programs Procurement Small Business Programs About Us Overview Leadership Team Visiting ORNL Our Values History Careers News Partner with ORNL Visit Contact Hit enter to search or ESC to close Hit enter to search or ESC to close --> Biodiversity and Sustainable Systems Section Water Resource Science and Engineering Group About Publications Staff Publications Filter Publications Publica;facebook Facebook linkedin LinkedIn youtube YouTube flickr flickr Partner with ORNL Visit Contact Menu Strategic Priorities Future of Computing AI Autonomous Science Quantum Nuclear Solutions Isotopes Nuclear Fusion Atoms to Applications Materials Neutron Sciences Biotechnology Resilient Energy Systems Grid National Security Science Areas Biology & Environment Energy Science Fusion & Fission Isotopes Physical Sciences National Security Neutron Science Supercomputing Work With Us User Facilities Educational Programs Procurement Small Business Programs About Us Overview Leadership Team Visiting ORNL Our Values History Careers News Partner with ORNL Visit Contact Hit enter to search or ESC to close Hit enter to search or ESC to close --> Biodiversity and Sustainable Systems Section Water Resource Science and Engineering Group About Publications Staff Publications Filter Publications Publica;ND;ND;ND;ND;ND;ND;ND;ND;free;primary;not_applicable;ND;ND;https://www.ornl.gov/group/water-resource-science-and-engineering/publications;ND;4;B;V2;200;V2: institution certifiée 3/3, URL ouverte anonymement, titre et contenu vérifiés automatiquement. V3 réservé à une validation plus forte.;10082c622f1ec1152cde7a68372e2cd3d8e08eb199199f982cc5291de601f1a6
574;DOC-A02AB0331A78BF49B426;research;ND;"Publications Search &#8211; Research";https://www.sandia.gov/research/publications/search/;ND;Learn More;ND;United States;North America;official_research_institution;ND;ND;2026-10-03T23:04:42.804Z;institutional_primary;en;We consider estimating the discretization error in a nonlinear functional J(u) in the setting of an abstract variational problem: find u∈V such that B(u,φ)=L(φ)∀φ∈V, as approximated by a Galerkin finite element method. Here, V is a Hilbert space, B(⋅,⋅) is a bilinear form, and L(⋅) is a linear functional. We consider well-known error estimates η of the form J(u)−J(uh)≈η=L(z)−B(uh,z), where uh denotes a finite element approximation to u, and z denotes the solution to an auxiliary adjoint variational problem. We show that there exist nonlinear functionals for which error estimates of this form are not reliable, even in the presence of an exact adjoint solution z. An estimate η is said to be reliable if there exists a constant C∈R>0 independent of uh such that |J(u)−J(uh)|≤C|η|. We present several example pairs of bilinear forms and nonlinear functionals where reliability of η is not achiev;We consider estimating the discretization error in a nonlinear functional J(u) in the setting of an abstract variational problem: find u∈V such that B(u,φ)=L(φ)∀φ∈V, as approximated by a Galerkin finite element method. Here, V is a Hilbert space, B(⋅,⋅) is a bilinear form, and L(⋅) is a linear functional. We consider well-known error estimates η of the form J(u)−J(uh)≈η=L(z)−B(uh,z), where uh denotes a finite element approximation to u, and z denotes the solution to an auxiliary adjoint variational problem. We show that there exist nonlinear functionals for which error estimates of this form are not reliable, even in the presence of an exact adjoint solution z. An estimate η is said to be reliable if there exists a constant C∈R>0 independent of uh such that |J(u)−J(uh)|≤C|η|. We present several example pairs of bilinear forms and nonlinear functionals where reliability of η is not achiev;ND;ND;ND;ND;ND;ND;ND;ND;free;primary;not_applicable;ND;ND;https://www.sandia.gov/research/publications/search/;ND;2;B;V2;200;V2: institution certifiée 3/3, URL ouverte anonymement, titre et contenu vérifiés automatiquement. V3 réservé à une validation plus forte.;e9e8db84db17b1f7f8e33070371b645b3d0730956d02572c0b1669092b6c2689
575;DOC-43578E27E5032368B0F6;research;ND;"Q&A: How SLAC&#039;s Technology Innovation Directorate serves as the backbone of discovery at the lab";https://www6.slac.stanford.edu/news/2022-04-05-qa-how-slacs-technology-innovation-directorate-serves-backbone-discovery-lab;ND;Learn More;ND;United States;North America;official_research_institution;ND;ND;2026-10-03T23:04:30.362Z;institutional_primary;en;"The leaders of SLAC&#039;s Technology Innovation Directorate discuss how their group supports the lab&#039;s most innovative projects.";"The leaders of SLAC&#039;s Technology Innovation Directorate discuss how their group supports the lab&#039;s most innovative projects.";ND;ND;ND;ND;ND;ND;ND;ND;free;primary;not_applicable;ND;ND;https://www6.slac.stanford.edu/news/2022-04-05-qa-how-slacs-technology-innovation-directorate-serves-backbone-discovery-lab;ND;3;B;V2;200;V2: institution certifiée 3/3, URL ouverte anonymement, titre et contenu vérifiés automatiquement. V3 réservé à une validation plus forte.;e04b9949f01f035db03d197a1acfb67879279249adf985f4e1b47a4fd1df97d8
576;DOC-450307AC378FD7D7F284;research;ND;"Quantum &ndash; Lawrence Berkeley National Laboratory";https://www.lbl.gov/research/quantum/;ND;Learn More;ND;United States;North America;official_research_institution;ND;ND;2026-10-03T23:04:22.859Z;institutional_primary;en;Quantum information systems are poised to solve global challenges that are far beyond the reach of today’s technologies.;Quantum information systems are poised to solve global challenges that are far beyond the reach of today’s technologies.;ND;ND;ND;ND;ND;ND;ND;ND;free;primary;not_applicable;ND;ND;https://www.lbl.gov/research/quantum/;ND;2;B;V2;200;V2: institution certifiée 3/3, URL ouverte anonymement, titre et contenu vérifiés automatiquement. V3 réservé à une validation plus forte.;170a84bd559d4fa0ed45921eb04ea0f3be07e13aedcf8c6dd60555b885ad2d17
577;DOC-693F60426A9C1519501B;research;ND;"Refurbished lab offers researchers a window into combustion &#8211; LabNews";https://www.sandia.gov/labnews/2026/09/10/refurbished-lab-offers-researchers-a-window-into-combustion/;ND;Learn More;ND;United States;North America;official_research_institution;ND;ND;2026-10-03T23:04:41.826Z;institutional_primary;en;"For decades, Sandia has been at the forefront of understanding in-cylinder combustion by using world-class engine research labs — notably, the optical engine laboratory at the Combustion Research Facility on the Livermore campus. The ability to directly observe in-cylinder mixing and the ensuing combustion process has been essential to understanding engine operation and identifying ways [&hellip;]";"For decades, Sandia has been at the forefront of understanding in-cylinder combustion by using world-class engine research labs — notably, the optical engine laboratory at the Combustion Research Facility on the Livermore campus. The ability to directly observe in-cylinder mixing and the ensuing combustion process has been essential to understanding engine operation and identifying ways [&hellip;]";ND;ND;ND;ND;ND;ND;ND;ND;free;primary;not_applicable;ND;ND;https://www.sandia.gov/labnews/2026/09/10/refurbished-lab-offers-researchers-a-window-into-combustion/;ND;2;B;V2;200;V2: institution certifiée 3/3, URL ouverte anonymement, titre et contenu vérifiés automatiquement. V3 réservé à une validation plus forte.;79119ed9c43bf5d0b55978638103e11e2531092b5470343e19a7bece15a71ce6
578;DOC-0A34DF7D391C77CD5325;research;ND;"Research &ndash; Lawrence Berkeley National Laboratory";https://www.lbl.gov/research/;ND;Learn More;ND;United States;North America;official_research_institution;ND;ND;2026-10-03T23:04:23.031Z;institutional_primary;en;Our research focuses on discovery science and solutions for abundant and reliable energy supplies.;Our research focuses on discovery science and solutions for abundant and reliable energy supplies.;ND;ND;ND;ND;ND;ND;ND;ND;free;primary;not_applicable;ND;ND;https://www.lbl.gov/research/;ND;1;B;V2;200;V2: institution certifiée 3/3, URL ouverte anonymement, titre et contenu vérifiés automatiquement. V3 réservé à une validation plus forte.;dd50990158ecdd6cbfe751f7942de549d690a7abef28d19ecc4d8551f9d11840
579;DOC-7B38235B2FC247B353EF;research;ND;Research | NLR;https://www.nlr.gov/research;ND;Learn More;ND;United States;North America;official_research_institution;ND;ND;2026-10-03T23:04:52.127Z;institutional_primary;en;Our research explores energy systems and technologies—and the science behind them—for a future powered by affordable, abundant, and reliable energy.;Our research explores energy systems and technologies—and the science behind them—for a future powered by affordable, abundant, and reliable energy.;ND;ND;ND;ND;ND;ND;ND;ND;free;primary;not_applicable;ND;ND;https://www.nlr.gov/research;ND;1;B;V2;200;V2: institution certifiée 3/3, URL ouverte anonymement, titre et contenu vérifiés automatiquement. V3 réservé à une validation plus forte.;52f87ddd011d870d97fd46286893d4bf45e33bf01109b464fb64fd68454aff8a
580;DOC-6B2C0A3A0853A78AE561;research;ND;Research | PNNL;https://www.pnnl.gov/projects/predictive-phenomics-science-technology-initiative/research;ND;Learn More;ND;United States;North America;official_research_institution;ND;ND;2026-10-03T23:04:32.125Z;institutional_primary;en;The Predictive Phenomics Initiative (PPI) is comprised of 11 projects covering three main areas: microbial phenotyping, the science of scale-up, and artificial intelligence and automation. Now in its fifth year of operation, some PPI projects are complete, others are publishing results, and some are just beginning.;The Predictive Phenomics Initiative (PPI) is comprised of 11 projects covering three main areas: microbial phenotyping, the science of scale-up, and artificial intelligence and automation. Now in its fifth year of operation, some PPI projects are complete, others are publishing results, and some are just beginning.;ND;ND;ND;ND;ND;ND;ND;ND;free;primary;not_applicable;ND;ND;https://www.pnnl.gov/projects/predictive-phenomics-science-technology-initiative/research;ND;5;B;V2;200;V2: institution certifiée 3/3, URL ouverte anonymement, titre et contenu vérifiés automatiquement. V3 réservé à une validation plus forte.;48e963385206cf55a9a574862b7e1975da5671706df124124cca0c878ffa6013
581;DOC-744DF95129D7F8B2AB5D;research;ND;Research Areas | NLR;https://www.nlr.gov/research/areas;ND;Learn More;ND;United States;North America;official_research_institution;ND;ND;2026-10-03T23:04:51.986Z;institutional_primary;en;NLR is advancing energy through science by leading research and development in these areas.;NLR is advancing energy through science by leading research and development in these areas.;ND;ND;ND;ND;ND;ND;ND;ND;free;primary;not_applicable;ND;ND;https://www.nlr.gov/research/areas;ND;1;B;V2;200;V2: institution certifiée 3/3, URL ouverte anonymement, titre et contenu vérifiés automatiquement. V3 réservé à une validation plus forte.;5f3f5559ceca0f55b0386a419503389eca9d4c3df49406822cb4e7fbef14f5eb
582;DOC-281EC22A6E4D4BC4AE74;research;ND;Research Capabilities | PNNL;https://www.pnnl.gov/projects/space-science-technology-and-policy/research-capabilities;ND;Learn More;ND;United States;North America;official_research_institution;ND;ND;2026-10-03T23:04:33.054Z;institutional_primary;en;Drawing on diverse technical expertise and capabilities from across PNNL, we are poised to lead creative and multidisciplinary solutions for the complex, rapidly evolving space challenge.;Drawing on diverse technical expertise and capabilities from across PNNL, we are poised to lead creative and multidisciplinary solutions for the complex, rapidly evolving space challenge.;ND;ND;ND;ND;ND;ND;ND;ND;free;primary;not_applicable;ND;ND;https://www.pnnl.gov/projects/space-science-technology-and-policy/research-capabilities;ND;5;B;V2;200;V2: institution certifiée 3/3, URL ouverte anonymement, titre et contenu vérifiés automatiquement. V3 réservé à une validation plus forte.;3c320c64cf4b66eb8b41202b75c07e15b7f63c2f8e18e2b3e95895f22bce522e
583;DOC-3E39BB1025F0C187844A;research;ND;Research Collaborations | NLR;https://www.nlr.gov/research/collaborations;ND;Learn More;ND;United States;North America;official_research_institution;ND;ND;2026-10-03T23:04:52.182Z;institutional_primary;en;NLR leads and participates in national and international science and technology collaborations, including joint institutes , Energy Frontier Research Centers , Energy Materials Network consortia , and other research interactions .;NLR leads and participates in national and international science and technology collaborations, including joint institutes , Energy Frontier Research Centers , Energy Materials Network consortia , and other research interactions .;ND;ND;ND;ND;ND;ND;ND;ND;free;primary;not_applicable;ND;ND;https://www.nlr.gov/research/collaborations;ND;1;B;V2;200;V2: institution certifiée 3/3, URL ouverte anonymement, titre et contenu vérifiés automatiquement. V3 réservé à une validation plus forte.;8bb675ada854f423185da4fbb881b776f46ce875c876471b6a0215eb867b683c
584;DOC-4E66A0478E499445EE89;research;ND;Research Facilities | NLR;https://www.nlr.gov/research/partnering-facilities;ND;Learn More;ND;United States;North America;official_research_institution;ND;ND;2026-10-03T23:04:51.915Z;institutional_primary;en;Our state-of-the-art facilities are available to industry entrepreneurs, engineers, scientists, and universities for researching and developing their energy technologies.;Our state-of-the-art facilities are available to industry entrepreneurs, engineers, scientists, and universities for researching and developing their energy technologies.;ND;ND;ND;ND;ND;ND;ND;ND;free;primary;not_applicable;ND;ND;https://www.nlr.gov/research/partnering-facilities;ND;2;B;V2;200;V2: institution certifiée 3/3, URL ouverte anonymement, titre et contenu vérifiés automatiquement. V3 réservé à une validation plus forte.;a0e730418ffb6bfa3c8e3a4856738db637e999501e6a47100c8a5898dafeb288
585;DOC-A7C56B4227D4AFE7CFF4;research;ND;Research Highlights | Ames Laboratory;https://www.ameslab.gov/research-highlights;ND;Learn More;ND;United States;North America;official_research_institution;ND;ND;2026-10-03T23:03:59.703Z;institutional_primary;en;CMI researchers at Ames National Laboratory conducted the research for this highlight;CMI researchers at Ames National Laboratory conducted the research for this highlight;ND;ND;ND;ND;ND;ND;ND;ND;free;primary;not_applicable;ND;ND;https://www.ameslab.gov/research-highlights;ND;1;B;V2;200;V2: institution certifiée 3/3, URL ouverte anonymement, titre et contenu vérifiés automatiquement. V3 réservé à une validation plus forte.;1e5a746246bd9642b8960a97f199af40690ab17f2786931b6308017d2714dd9c
586;DOC-DACDC2FA0299F3E28B11;research;ND;Research Highlights | PNNL;https://www.pnnl.gov/projects/predictive-phenomics-science-technology-initiative/research-highlights;ND;Learn More;ND;United States;North America;official_research_institution;ND;ND;2026-10-03T23:04:32.022Z;institutional_primary;en;Read more highlights featuring innovative research in this growing area of science.;Read more highlights featuring innovative research in this growing area of science.;ND;ND;ND;ND;ND;ND;ND;ND;free;primary;not_applicable;ND;ND;https://www.pnnl.gov/projects/predictive-phenomics-science-technology-initiative/research-highlights;ND;5;B;V2;200;V2: institution certifiée 3/3, URL ouverte anonymement, titre et contenu vérifiés automatiquement. V3 réservé à une validation plus forte.;e58df27abfb9ba7952e4dd58a231507813348f7ee2ddee7604288cecbac288e7
587;DOC-83398A0F31C02D50A299;research;ND;Researchers release solar power data software to increase clean energy generation;https://www6.slac.stanford.edu/news/2024-01-17-researchers-release-solar-power-data-software-increase-clean-energy-generation;ND;Learn More;ND;United States;North America;official_research_institution;ND;ND;2026-10-03T23:04:30.553Z;institutional_primary;en;The software tool sorts through messy data to reveal what’s really going on with solar panels on cloudy and sunny days.;The software tool sorts through messy data to reveal what’s really going on with solar panels on cloudy and sunny days.;ND;ND;ND;ND;ND;ND;ND;ND;free;primary;not_applicable;ND;ND;https://www6.slac.stanford.edu/news/2024-01-17-researchers-release-solar-power-data-software-increase-clean-energy-generation;ND;3;B;V2;200;V2: institution certifiée 3/3, URL ouverte anonymement, titre et contenu vérifiés automatiquement. V3 réservé à une validation plus forte.;f3d9e00168d0a5e17a27c1e92bfb1175699822b16d0134a8856b3325a77cda6d
588;DOC-8B46DC6B419779972AA1;research;ND;Researchers search uncharted waters to find a better data-storage material;https://www6.slac.stanford.edu/news/2020-11-24-researchers-search-uncharted-waters-find-better-data-storage-material;ND;Learn More;ND;United States;North America;official_research_institution;ND;ND;2026-10-03T23:04:30.353Z;institutional_primary;en;Most new materials are discovered near the proverbial shore. Now, scientists deploy artificial intelligence and high-throughput experimental techniques to search previously uncharted waters to find revolutionary new materials.;Most new materials are discovered near the proverbial shore. Now, scientists deploy artificial intelligence and high-throughput experimental techniques to search previously uncharted waters to find revolutionary new materials.;ND;ND;ND;ND;ND;10.1038/s41467-020-19597-w;10.1038/s41467-020-19597-w;ND;free;primary;not_applicable;ND;ND;https://www6.slac.stanford.edu/news/2020-11-24-researchers-search-uncharted-waters-find-better-data-storage-material;ND;3;B;V2;200;V2: institution certifiée 3/3, URL ouverte anonymement, titre et contenu vérifiés automatiquement. V3 réservé à une validation plus forte.;6320b7bf16ae344625037e31558388fabbd9b05dff8ed5690884bc4fd43ad02e
589;DOC-488BB844E2E92FE91C0D;research;ND;"Sandia assessing Kauai Test Facility after Hurricane Lowell &#8211; Sandia National Laboratories";https://www.sandia.gov/alerts/sandia-assessing-kauai-test-facility-after-hurricane-lowell/;ND;Learn More;ND;United States;North America;official_research_institution;ND;ND;2026-10-03T23:04:47.137Z;institutional_primary;en;"ALBUQUERQUE, N.M. — Sandia National Laboratories has declared an operational emergency after Hurricane Lowell passed over its Kauai Test Facility in Hawaii. All Kauai Test Facility personnel have been accounted for. Personnel are traveling to the facility to assess site conditions. Early images indicate significant damage. Sandia has activated its Emergency Operations Center to monitor [&hellip;]";"ALBUQUERQUE, N.M. — Sandia National Laboratories has declared an operational emergency after Hurricane Lowell passed over its Kauai Test Facility in Hawaii. All Kauai Test Facility personnel have been accounted for. Personnel are traveling to the facility to assess site conditions. Early images indicate significant damage. Sandia has activated its Emergency Operations Center to monitor [&hellip;]";ND;ND;ND;ND;ND;ND;ND;ND;free;primary;not_applicable;ND;ND;https://www.sandia.gov/alerts/sandia-assessing-kauai-test-facility-after-hurricane-lowell/;ND;1;B;V2;200;V2: institution certifiée 3/3, URL ouverte anonymement, titre et contenu vérifiés automatiquement. V3 réservé à une validation plus forte.;35ddf350d705e3003a1adbc47e6109e045811247b10c10abac4ce3dc93f4c49b
590;DOC-D1F50CA0AF97DED8BFC1;research;ND;scanner_technology_0104.pdf | netl.doe.gov;https://www.netl.doe.gov/files/oil-gas/scanner_technology_0104.pdf;https://www.netl.doe.gov/files/oil-gas/scanner_technology_0104.pdf;Learn More;ND;United States;North America;official_research_institution;ND;ND;2026-10-03T23:04:39.409Z;institutional_primary;en;Technology Status Report on Natural Gas Leak Detection in Pipelines Prepared for U.S. Department of Energy National Energy Technology Laboratory 3610 Collins Ferry Road, P. O. Box 880 Morgantown, WV 26507-0880 by Yudaya Sivathanu En’Urga Inc. 1291-A, Cumberland Avenue West Lafayette, IN 47906 Contract Number: DE-FC26-03NT41857 Distribution: Attn: Daniel Driscoll, NETL Jongmook Lim, En’Urga Inc. Vinoo Narayanan, En’Urga Inc.;Technology Status Report on Natural Gas Leak Detection in Pipelines Prepared for U.S. Department of Energy National Energy Technology Laboratory 3610 Collins Ferry Road, P. O. Box 880 Morgantown, WV 26507-0880 by Yudaya Sivathanu En’Urga Inc. 1291-A, Cumberland Avenue West Lafayette, IN 47906 Contract Number: DE-FC26-03NT41857 Distribution: Attn: Daniel Driscoll, NETL Jongmook Lim, En’Urga Inc. Vinoo Narayanan, En’Urga Inc.;ND;ND;ND;ND;ND;ND;ND;ND;free;primary;not_applicable;ND;ND;https://www.netl.doe.gov/files/oil-gas/scanner_technology_0104.pdf;ND;4;B;V2;200;V2: institution certifiée 3/3, URL ouverte anonymement, titre et contenu vérifiés automatiquement. V3 réservé à une validation plus forte.;f737d8732366ebc650e83d79faae4142b2c68ca51a0ba46fa955066f52b282cb
591;DOC-491A4045D70C7E3DEF9A;research;ND;"Science &#038; Technology Facilities &#8211; Research";https://www.sandia.gov/research/facilities/;ND;Learn More;ND;United States;North America;official_research_institution;ND;ND;2026-10-03T23:04:42.357Z;institutional_primary;en;"Sandia National Laboratories, one of the largest Department of Energy (DOE) research facilities, utilizes specialized buildings and equipment to conduct world-class research and effectively meet unique program requirements. The facilities tagged as a Technology Deployment Center (TDC) can be used by outside researchers; see this Work With Sandia page for more information on collaboration opportunities.";"Sandia National Laboratories, one of the largest Department of Energy (DOE) research facilities, utilizes specialized buildings and equipment to conduct world-class research and effectively meet unique program requirements. The facilities tagged as a Technology Deployment Center (TDC) can be used by outside researchers; see this Work With Sandia page for more information on collaboration opportunities.";ND;ND;ND;ND;ND;ND;ND;ND;free;primary;not_applicable;ND;ND;https://www.sandia.gov/research/facilities/;ND;2;B;V2;200;V2: institution certifiée 3/3, URL ouverte anonymement, titre et contenu vérifiés automatiquement. V3 réservé à une validation plus forte.;f99ae4adbcaa75aa799e6214bdc862675f5d4a5b85441b99bf733f79c0978702
592;DOC-5C2DFED43181754E173F;research;ND;Severance Program | Lawrence Livermore National Laboratory;https://www.llnl.gov/join-our-team/benefits/resources/severance-program;ND;Learn More;ND;United States;North America;official_research_institution;ND;ND;2026-10-03T23:04:37.831Z;institutional_primary;en;The LLNS Severance Program provides information to departing employees eligible for severance.;The LLNS Severance Program provides information to departing employees eligible for severance.;ND;ND;ND;ND;ND;ND;ND;ND;free;primary;not_applicable;ND;ND;https://www.llnl.gov/join-our-team/benefits/resources/severance-program;ND;2;B;V2;200;V2: institution certifiée 3/3, URL ouverte anonymement, titre et contenu vérifiés automatiquement. V3 réservé à une validation plus forte.;2c71ed31a40ae30e012b97b0f95c9cd5712c79169b9f47c2b24e71664197ac45
593;DOC-A68BF246665320E004E4;research;ND;Simulation, Modeling and Decision Science | Ames Laboratory;https://www.ameslab.gov/smds;ND;Learn More;ND;United States;North America;official_research_institution;ND;ND;2026-10-03T23:03:59.744Z;institutional_primary;en;"Changes to the U.S. electricity industry are forcing a paradigm shift in how the nation’s generating assets are operated. Power plants, originally optimized as baseload resources, are being increasingly relied upon as load-following resources to support electricity generated from intermittent renewable capacity. This fundamental change to the operating and economic environment in which large-scale power plants function will persist beyond the next decade, and will require significant changes in operations, controls, and maintenance practices.Our research on power plant monitoring and controls is focused on the near-term challenge of developing low-cost, easily implemented tools that aid in optimizing cycling operations by maintaining plant performance and system durability for industrial power systems. Ames National Laboratory&#039;s Division of Simulation, Modeling and Decision Science ";"Changes to the U.S. electricity industry are forcing a paradigm shift in how the nation’s generating assets are operated. Power plants, originally optimized as baseload resources, are being increasingly relied upon as load-following resources to support electricity generated from intermittent renewable capacity. This fundamental change to the operating and economic environment in which large-scale power plants function will persist beyond the next decade, and will require significant changes in operations, controls, and maintenance practices.Our research on power plant monitoring and controls is focused on the near-term challenge of developing low-cost, easily implemented tools that aid in optimizing cycling operations by maintaining plant performance and system durability for industrial power systems. Ames National Laboratory&#039;s Division of Simulation, Modeling and Decision Science ";ND;ND;ND;ND;ND;ND;ND;ND;free;primary;not_applicable;ND;ND;https://www.ameslab.gov/smds;ND;1;B;V2;200;V2: institution certifiée 3/3, URL ouverte anonymement, titre et contenu vérifiés automatiquement. V3 réservé à une validation plus forte.;dc5820c4e67ce87097c8c2031f1f9c13e8c9597f31be22d8f8060add0a2a745f
594;DOC-9C7E4D028D8968AAC56A;research;ND;SLAC Secures Role in Energy Frontier Research Center Focused on Next-generation Materials;https://www6.slac.stanford.edu/news/2014-08-14-slac-secures-role-energy-frontier-research-center-focused-next-generation-materials;ND;Learn More;ND;United States;North America;official_research_institution;ND;ND;2026-10-03T23:04:30.076Z;institutional_primary;en;X-ray Studies will Explore Hybrid Materials for Solar Energy, Efficient Lighting and Other Uses;X-ray Studies will Explore Hybrid Materials for Solar Energy, Efficient Lighting and Other Uses;ND;ND;ND;ND;ND;ND;ND;ND;free;primary;not_applicable;ND;ND;https://www6.slac.stanford.edu/news/2014-08-14-slac-secures-role-energy-frontier-research-center-focused-next-generation-materials;ND;3;B;V2;200;V2: institution certifiée 3/3, URL ouverte anonymement, titre et contenu vérifiés automatiquement. V3 réservé à une validation plus forte.;41531c8dbb826593f4721d1d06decc0f2c4b2b2d803f9160ab22618db7dd088e
595;DOC-9B5298864179262D7F19;research;ND;SLAC to develop fusion energy target technology as part of DOE Fusion Innovation Research Engine Collaboratives;https://www6.slac.stanford.edu/news/2025-02-19-slac-develop-fusion-energy-target-technology-part-doe-fusion-innovation-research;ND;Learn More;ND;United States;North America;official_research_institution;ND;ND;2026-10-03T23:04:30.069Z;institutional_primary;en;As a member of a collaborative team led by General Atomics, SLAC will help bridge basic research programs with the growing fusion industry.;As a member of a collaborative team led by General Atomics, SLAC will help bridge basic research programs with the growing fusion industry.;ND;ND;ND;ND;ND;ND;ND;ND;free;primary;not_applicable;ND;ND;https://www6.slac.stanford.edu/news/2025-02-19-slac-develop-fusion-energy-target-technology-part-doe-fusion-innovation-research;ND;5;B;V2;200;V2: institution certifiée 3/3, URL ouverte anonymement, titre et contenu vérifiés automatiquement. V3 réservé à une validation plus forte.;3704ef181330684b83cbf5521e46f1e0dbca9c59cd7da65a60fff7157abaf5ec
596;DOC-9AFBD4EB5B529BC219A7;research;ND;SLAC’s premier facilities and record-setting datasets fuel DOE Genesis Mission;https://www6.slac.stanford.edu/news/2026-06-16-slacs-premier-facilities-and-record-setting-datasets-fuel-doe-genesis-mission;ND;Learn More;ND;United States;North America;official_research_institution;ND;ND;2026-10-03T23:04:30.671Z;institutional_primary;en;The lab’s contributions to the national AI initiative are bolstered by its breakthrough scientific tools, unprecedented data and unique partnerships that help illuminate nature from the expansion of the universe to the motions of electrons.;The lab’s contributions to the national AI initiative are bolstered by its breakthrough scientific tools, unprecedented data and unique partnerships that help illuminate nature from the expansion of the universe to the motions of electrons.;ND;ND;ND;ND;ND;ND;ND;ND;free;primary;not_applicable;ND;ND;https://www6.slac.stanford.edu/news/2026-06-16-slacs-premier-facilities-and-record-setting-datasets-fuel-doe-genesis-mission;ND;3;B;V2;200;V2: institution certifiée 3/3, URL ouverte anonymement, titre et contenu vérifiés automatiquement. V3 réservé à une validation plus forte.;ca84264eeaed9f4140a3002b62cb505dba63fbdb1a35b168bbe5b489427e9799
597;DOC-AC543BC2C6C7C638351A;research;ND;"Sounding rocket test helps design components for new weapon system &#8211; LabNews";https://www.sandia.gov/labnews/2026/08/27/sounding-rocket-test-helps-design-components-for-new-weapon-system/;ND;Learn More;ND;United States;North America;official_research_institution;ND;ND;2026-10-03T23:04:47.383Z;institutional_primary;en;"A sounding rocket flight test is giving Sandia engineers real-world reentry vibration data they can use to improve modeling and help drive nonnuclear component designs for the United States’ first new nuclear weapon under development in nearly 30 years. “The Atrax sounding rocket flight test is helping us improve credibility and confidence in our modeling [&hellip;]";"A sounding rocket flight test is giving Sandia engineers real-world reentry vibration data they can use to improve modeling and help drive nonnuclear component designs for the United States’ first new nuclear weapon under development in nearly 30 years. “The Atrax sounding rocket flight test is helping us improve credibility and confidence in our modeling [&hellip;]";ND;ND;ND;ND;ND;ND;ND;ND;free;primary;not_applicable;ND;ND;https://www.sandia.gov/labnews/2026/08/27/sounding-rocket-test-helps-design-components-for-new-weapon-system/;ND;1;B;V2;200;V2: institution certifiée 3/3, URL ouverte anonymement, titre et contenu vérifiés automatiquement. V3 réservé à une validation plus forte.;9136e050ce76599d8cbaa5d27202e45a826527751a5a379fc993751986411329
598;DOC-037080E452D797AA75F2;research;ND;SQMS Center uncovers material origins of variations in qubit performance through landmark study | Ames Laboratory;https://www.ameslab.gov/news/sqms-center-uncovers-material-origins-of-variations-in-qubit-performance-through-landmark;ND;Learn More;ND;United States;North America;official_research_institution;2026-10-01T12:00:00Z;ND;2026-10-03T23:03:59.559Z;institutional_primary;en;A first-of-its-kind blinded materials characterization study spanning 22 superconducting quantum devices, seven characterization techniques and six leading institutions, including Ames National Laboratory, helps build the scientific foundations of scalable quantum computing.;A first-of-its-kind blinded materials characterization study spanning 22 superconducting quantum devices, seven characterization techniques and six leading institutions, including Ames National Laboratory, helps build the scientific foundations of scalable quantum computing.;ND;ND;ND;ND;ND;ND;ND;ND;free;primary;not_applicable;ND;ND;https://www.ameslab.gov/news/sqms-center-uncovers-material-origins-of-variations-in-qubit-performance-through-landmark;ND;2;B;V2;200;V2: institution certifiée 3/3, URL ouverte anonymement, titre et contenu vérifiés automatiquement. V3 réservé à une validation plus forte.;574b3eaf53d947106a36447070044a9faecd92b832ad0e58966f7e2720fdb7aa
599;DOC-04EC712B1A6C2F0F63FF;research;ND;Synchrotron Catalysis Consortium at Brookhaven National Laboratory: Multimodal, Operando Experiments, Data Analysis and Modeling (SCC 2026);https://www.bnl.gov/scc-course/;ND;Learn More;ND;United States;North America;official_research_institution;ND;ND;2026-10-03T23:04:23.120Z;institutional_primary;en;Because you are not running JavaScript or allowing active scripting, some features on this page may not work. | Enable JavaScript;Because you are not running JavaScript or allowing active scripting, some features on this page may not work. | Enable JavaScript;ND;ND;ND;ND;ND;ND;ND;ND;free;primary;not_applicable;ND;ND;https://www.bnl.gov/scc-course/;ND;2;B;V2;200;V2: institution certifiée 3/3, URL ouverte anonymement, titre et contenu vérifiés automatiquement. V3 réservé à une validation plus forte.;f83009909a6c420f8e6829ec1043cd5ee047d6675cb638b8269445c351d7aa36
600;DOC-C045A4360E68B35A6306;research;ND;Taming big data and particle beams: how SLAC researchers are pushing AI to the edge;https://www6.slac.stanford.edu/news/2024-11-19-taming-big-data-and-particle-beams-how-slac-researchers-are-pushing-ai-edge;ND;Learn More;ND;United States;North America;official_research_institution;ND;ND;2026-10-03T23:04:30.683Z;institutional_primary;en;Researchers across the lab are developing AI tools to harness data and particle beams in real time and make molecular movies, speeding up the discovery process in the era of big data.;Researchers across the lab are developing AI tools to harness data and particle beams in real time and make molecular movies, speeding up the discovery process in the era of big data.;ND;ND;ND;ND;ND;ND;ND;ND;free;primary;not_applicable;ND;ND;https://www6.slac.stanford.edu/news/2024-11-19-taming-big-data-and-particle-beams-how-slac-researchers-are-pushing-ai-edge;ND;3;B;V2;200;V2: institution certifiée 3/3, URL ouverte anonymement, titre et contenu vérifiés automatiquement. V3 réservé à une validation plus forte.;7fdc6c0637261fbb66b192d45961947189c90454e2ffde79a3b8983aa5d72264
601;DOC-F11FAB6C7487B5E3C834;research;ND;"Teaching drones to play tag &#8211; LabNews";https://www.sandia.gov/labnews/2026/08/13/teaching-drones-to-play-tag/;ND;Learn More;ND;United States;North America;official_research_institution;ND;ND;2026-10-03T23:04:47.408Z;institutional_primary;en;"The rules of tag are simple enough for a playground: catch or be caught. But when the players are autonomous drones, the game becomes a test of machine learning, split-second decision-making and cooperative strategy. Researchers at Sandia recently used reinforcement learning, a kind of machine learning, to teach drones how to play a strategic version [&hellip;]";"The rules of tag are simple enough for a playground: catch or be caught. But when the players are autonomous drones, the game becomes a test of machine learning, split-second decision-making and cooperative strategy. Researchers at Sandia recently used reinforcement learning, a kind of machine learning, to teach drones how to play a strategic version [&hellip;]";ND;ND;ND;ND;ND;ND;ND;ND;free;primary;not_applicable;ND;ND;https://www.sandia.gov/labnews/2026/08/13/teaching-drones-to-play-tag/;ND;1;B;V2;200;V2: institution certifiée 3/3, URL ouverte anonymement, titre et contenu vérifiés automatiquement. V3 réservé à une validation plus forte.;54ec47a0ffe30dd1da73720b10f68682ee15a488e8d0d2df1db876af657353dc
602;DOC-9A11DF75ABC314C54BF1;research;ND;Technology Partnership Program | NLR;https://www.nlr.gov/workingwithus/technology-partnership-agreements;ND;Learn More;ND;United States;North America;official_research_institution;ND;ND;2026-10-03T23:04:51.826Z;institutional_primary;en;NLR's Technology Transfer Office can help you determine the best partnership agreement to ensure your project's success by leveraging our world-class technologies, research facilities, and team.;NLR's Technology Transfer Office can help you determine the best partnership agreement to ensure your project's success by leveraging our world-class technologies, research facilities, and team.;ND;ND;ND;ND;ND;ND;ND;ND;free;primary;not_applicable;ND;ND;https://www.nlr.gov/workingwithus/technology-partnership-agreements;ND;2;B;V2;200;V2: institution certifiée 3/3, URL ouverte anonymement, titre et contenu vérifiés automatiquement. V3 réservé à une validation plus forte.;423d97a5a4064c95cec516b9db264b4bd2e937312bba52f7fbf4d6d9326e2dd8
603;DOC-9C8FA0BEC2E979FF6EBD;research;ND;Technology Partnerships - Savannah River National Laboratory;https://www.srnl.gov/partner-with-us/industry-partners/technology-partnerships/;ND;Learn More;ND;United States;North America;official_research_institution;ND;ND;2026-10-03T23:04:55.520Z;institutional_primary;en;Technology Partnerships Strategic Partnership Projects and Cooperative Research and Development Agreements SRNL is pleased to provide a variety of business arrangements whereby our technologies or capabilities can be utilized to benefit the general public. We welcome opportunities to bring new technologies to the marketplace by closely working with industry, universities, or state and local government...;Technology Partnerships Strategic Partnership Projects and Cooperative Research and Development Agreements SRNL is pleased to provide a variety of business arrangements whereby our technologies or capabilities can be utilized to benefit the general public. We welcome opportunities to bring new technologies to the marketplace by closely working with industry, universities, or state and local government...;ND;ND;ND;ND;ND;ND;ND;ND;free;primary;not_applicable;ND;ND;https://www.srnl.gov/partner-with-us/industry-partners/technology-partnerships/;ND;2;B;V2;200;V2: institution certifiée 3/3, URL ouverte anonymement, titre et contenu vérifiés automatiquement. V3 réservé à une validation plus forte.;4e4f465ec797ded93c105070b0435e534988dbebc21e9a3bbc4f7d82b9b6bc3d
604;DOC-5F15C2617E81C166D665;research;ND;"Technology Partnerships &#8211; Working with Sandia";https://www.sandia.gov/working-with-sandia/technology-partnerships/;ND;Learn More;ND;United States;North America;official_research_institution;ND;ND;2026-10-03T23:04:46.634Z;institutional_primary;en;Partnerships with industry, small businesses, universities, government agencies, and other labs bring new technologies to the marketplace.;Partnerships with industry, small businesses, universities, government agencies, and other labs bring new technologies to the marketplace.;ND;ND;ND;ND;ND;ND;ND;ND;free;primary;not_applicable;ND;ND;https://www.sandia.gov/working-with-sandia/technology-partnerships/;ND;2;B;V2;200;V2: institution certifiée 3/3, URL ouverte anonymement, titre et contenu vérifiés automatiquement. V3 réservé à une validation plus forte.;c439d50f9ce95140c2f7df7014084fb387bffa2b43b1eabf72af4280c888f8fc
605;DOC-61678DC8F501B87C8814;research;ND;Technology Transfer - Savannah River National Laboratory;https://www.srnl.gov/research-areas/environmental-stewardship/groundwater-soil-remediation/technology-transfer/;ND;Learn More;ND;United States;North America;official_research_institution;ND;ND;2026-10-03T23:04:53.378Z;institutional_primary;en;Savanah River National Library (SRNL) proposes creating a knowledge management and transferability toolkit platform to improve the transfer of the ALTEMIS approach to other researchers and Department of Energy (DOE) sites wanting to implement ALTEMIS.;Savanah River National Library (SRNL) proposes creating a knowledge management and transferability toolkit platform to improve the transfer of the ALTEMIS approach to other researchers and Department of Energy (DOE) sites wanting to implement ALTEMIS.;ND;ND;ND;ND;ND;ND;ND;ND;free;primary;not_applicable;ND;ND;https://www.srnl.gov/research-areas/environmental-stewardship/groundwater-soil-remediation/technology-transfer/;ND;4;B;V2;200;V2: institution certifiée 3/3, URL ouverte anonymement, titre et contenu vérifiés automatiquement. V3 réservé à une validation plus forte.;888b063a1ce4ff4ebbf7c370a9e2b32ff1e960c7d5e81e655fa479028f7c62c7
606;DOC-70A63E10A3C3CFA66B09;research;ND;"The perfect match: sunlight and coffee &#8211; LabNews";https://www.sandia.gov/labnews/2026/07/30/the-perfect-match-sunlight-and-coffee/;ND;Learn More;ND;United States;North America;official_research_institution;ND;ND;2026-10-03T23:04:47.424Z;institutional_primary;en;"On a crisp fall day in New Mexico, coffee roaster Michael Sweeney joined Sandia engineers to see if sunlight could bring new energy to an old tradition. Sweeney, who owns and operates Michael Thomas Coffee in Albuquerque, has been collaborating with Sandia as part of a state-funded program to use solar energy to heat traditional [&hellip;]";"On a crisp fall day in New Mexico, coffee roaster Michael Sweeney joined Sandia engineers to see if sunlight could bring new energy to an old tradition. Sweeney, who owns and operates Michael Thomas Coffee in Albuquerque, has been collaborating with Sandia as part of a state-funded program to use solar energy to heat traditional [&hellip;]";ND;ND;ND;ND;ND;ND;ND;ND;free;primary;not_applicable;ND;ND;https://www.sandia.gov/labnews/2026/07/30/the-perfect-match-sunlight-and-coffee/;ND;1;B;V2;200;V2: institution certifiée 3/3, URL ouverte anonymement, titre et contenu vérifiés automatiquement. V3 réservé à une validation plus forte.;23e2e37d2fab01f1489a5d75aa12c395b4b67f43177b961a4a3db091e7b71b63
607;DOC-33C4B602527660E99320;research;ND;"Tight light helps quantum sensing get ready for the field &#8211; LabNews";https://www.sandia.gov/labnews/2026/09/24/tight-light-helps-quantum-sensing-get-ready-for-the-field/;ND;Learn More;ND;United States;North America;official_research_institution;ND;ND;2026-10-03T23:04:48.421Z;institutional_primary;en;"Within tiny halos of light clinging to a vanishingly thin wisp of optical fiber, scientist Jongmin Lee guides atoms like marbles through a narrow pipe. Rock the fiber and the atoms shift side by side; they just don’t fall off. But don’t be deceived by the seemingly delicate nature of his experiment. Jongmin is exploring [&hellip;]";"Within tiny halos of light clinging to a vanishingly thin wisp of optical fiber, scientist Jongmin Lee guides atoms like marbles through a narrow pipe. Rock the fiber and the atoms shift side by side; they just don’t fall off. But don’t be deceived by the seemingly delicate nature of his experiment. Jongmin is exploring [&hellip;]";ND;ND;ND;ND;ND;ND;ND;ND;free;primary;not_applicable;ND;ND;https://www.sandia.gov/labnews/2026/09/24/tight-light-helps-quantum-sensing-get-ready-for-the-field/;ND;1;B;V2;200;V2: institution certifiée 3/3, URL ouverte anonymement, titre et contenu vérifiés automatiquement. V3 réservé à une validation plus forte.;5aa2c4f6afbb8106b894ff93eba5c7fcf6cc5a708ef1eb331519081409498fae
608;DOC-73FA375E4928AD8EDED7;research;ND;Topic: Stanford Institute for Materials & Energy Sciences (SIMES) | SLAC National Accelerator Laboratory;https://www6.slac.stanford.edu/topics/stanford-institute-materials-energy-sciences-simes;ND;Learn More;ND;United States;North America;official_research_institution;ND;ND;2026-10-03T23:04:31.096Z;institutional_primary;en;SIMES researchers study complex, novel materials that could transform the energy landscape by making computing much more efficient or transmitting power over long distances with no loss, for instance.Visit SIMES websiteBrowse tagged content below;SIMES researchers study complex, novel materials that could transform the energy landscape by making computing much more efficient or transmitting power over long distances with no loss, for instance.Visit SIMES websiteBrowse tagged content below;ND;ND;ND;ND;ND;ND;ND;ND;free;primary;not_applicable;ND;ND;https://www6.slac.stanford.edu/topics/stanford-institute-materials-energy-sciences-simes;ND;3;B;V2;200;V2: institution certifiée 3/3, URL ouverte anonymement, titre et contenu vérifiés automatiquement. V3 réservé à une validation plus forte.;17ae9e3efa8a849f79fc112cc985fc2a8771ab9ad78b4dff6367bede6da388e3
609;DOC-F27139F91396C0F51F02;research;ND;Tritium Stewardship - Savannah River National Laboratory;https://www.srnl.gov/research-areas/national-security/weapons-production-technology/tritium-stewardship/;ND;Learn More;ND;United States;North America;official_research_institution;ND;ND;2026-10-03T23:04:54.860Z;institutional_primary;en;Tritium Stewardship Since the inception of the Savannah River Site, the Savannah River National Laboratory has supported the National Nuclear Security Agency defense programs mission. Currently, most SRNL programs support the SRS tritium mission. Modern nuclear weapons use a concept called gas boosting to increase the yield of a nuclear weapon. Tritium and deuterium are...;Tritium Stewardship Since the inception of the Savannah River Site, the Savannah River National Laboratory has supported the National Nuclear Security Agency defense programs mission. Currently, most SRNL programs support the SRS tritium mission. Modern nuclear weapons use a concept called gas boosting to increase the yield of a nuclear weapon. Tritium and deuterium are...;ND;ND;ND;ND;ND;ND;ND;ND;free;primary;not_applicable;ND;ND;https://www.srnl.gov/research-areas/national-security/weapons-production-technology/tritium-stewardship/;ND;3;B;V2;200;V2: institution certifiée 3/3, URL ouverte anonymement, titre et contenu vérifiés automatiquement. V3 réservé à une validation plus forte.;3b1d3172e5c5eb5abfda4cdc33d21ccde8c14f0bb67ac5b6a244412fe1397c6d
610;DOC-D7A5E71E3B6ADBE452C9;research;ND;Video: Artful Design: Technology in Search of the Sublime! | SLAC National Accelerator Laboratory;https://www6.slac.stanford.edu/media/art-meets-science-slac-lecture-series-artful-design-technology-search-sublime-413qyndmbxg;ND;Learn More;ND;United States;North America;official_research_institution;ND;ND;2026-10-03T23:04:30.085Z;institutional_primary;en;About About Learn about our science, people, facilities and partners. Discover our history and vision for the future.;About About Learn about our science, people, facilities and partners. Discover our history and vision for the future.;ND;ND;ND;ND;ND;ND;ND;ND;free;primary;not_applicable;ND;ND;https://www6.slac.stanford.edu/media/art-meets-science-slac-lecture-series-artful-design-technology-search-sublime-413qyndmbxg;ND;3;B;V2;200;V2: institution certifiée 3/3, URL ouverte anonymement, titre et contenu vérifiés automatiquement. V3 réservé à une validation plus forte.;d559f81ca3b81b53788115d4c169df6357dad5b152ebae29977c435c931e4a49
611;DOC-18484EDF2377A86EBB07;research;ND;Visiting Faculty Program Builds Research Connections at Brookhaven Lab | BNL Newsroom;https://www.bnl.gov/newsroom/news.php?a=223113;ND;Learn More;ND;United States;North America;official_research_institution;2026-09-28;ND;2026-10-03T23:04:22.822Z;institutional_primary;en;Grinnell College professor Kristen Burson reflects on a noble gas nano cage project, student mentorship, and a growing collaboration with Brookhaven Lab.;Grinnell College professor Kristen Burson reflects on a noble gas nano cage project, student mentorship, and a growing collaboration with Brookhaven Lab.;ND;ND;ND;ND;ND;ND;ND;ND;free;primary;not_applicable;ND;ND;https://www.bnl.gov/newsroom/news.php?a=223113;ND;2;B;V2;200;V2: institution certifiée 3/3, URL ouverte anonymement, titre et contenu vérifiés automatiquement. V3 réservé à une validation plus forte.;5062dbd8a015b04c65f04c8a29c29f96139fe2d209682291d122d1187244950b
612;DOC-E52DC953191C80E58FCA;research;ND;"Water Innovation &ndash; Lawrence Berkeley National Laboratory";https://www.lbl.gov/research/water-innovation/;ND;Learn More;ND;United States;North America;official_research_institution;ND;ND;2026-10-03T23:04:22.857Z;institutional_primary;en;We apply expertise in water prediction, groundwater recharge, and more to develop solutions and technologies for water resilience.;We apply expertise in water prediction, groundwater recharge, and more to develop solutions and technologies for water resilience.;ND;ND;ND;ND;ND;ND;ND;ND;free;primary;not_applicable;ND;ND;https://www.lbl.gov/research/water-innovation/;ND;2;B;V2;200;V2: institution certifiée 3/3, URL ouverte anonymement, titre et contenu vérifiés automatiquement. V3 réservé à une validation plus forte.;dd6ce47eac9059c36c54e3623b48522db41588b2d651bfafcc2ee36f63752bd4
613;DOC-53EEB9F0909EEA8F8C27;research;ND;Weapons Production Technology - Savannah River National Laboratory;https://www.srnl.gov/research-areas/national-security/weapons-production-technology/;ND;Learn More;ND;United States;North America;official_research_institution;ND;ND;2026-10-03T23:04:54.684Z;institutional_primary;en;Weapons Production Technology SRNL stewards core competencies in tritium processing, handling, and gas transfer system (GTS) processing and surveillance. SRNL serves as a technical authority for tritium processing research and development (R&D) and technology maturation. SRNL also manages the GTS surveillance program at Savannah River Site (SRS) and continually collaborates with Weapon Design Agencies on...;Weapons Production Technology SRNL stewards core competencies in tritium processing, handling, and gas transfer system (GTS) processing and surveillance. SRNL serves as a technical authority for tritium processing research and development (R&D) and technology maturation. SRNL also manages the GTS surveillance program at Savannah River Site (SRS) and continually collaborates with Weapon Design Agencies on...;ND;ND;ND;ND;ND;ND;ND;ND;free;primary;not_applicable;ND;ND;https://www.srnl.gov/research-areas/national-security/weapons-production-technology/;ND;3;B;V2;200;V2: institution certifiée 3/3, URL ouverte anonymement, titre et contenu vérifiés automatiquement. V3 réservé à une validation plus forte.;81904b5cc05b97c76387e62abff225a25af8e557472c7b112e1692122aba9f5b
614;DOC-5C8F82674C425E194AB5;research;ND;What Happens When Power Lines Outrun Pipelines? | NLR;https://www.nlr.gov/news/detail/program/2026/what-happens-when-power-lines-outrun-pipelines;ND;Learn More;ND;United States;North America;official_research_institution;ND;ND;2026-10-03T23:04:51.545Z;institutional_primary;en;This installment of the National Laboratory of the Rockies’ (NLR’s) Tell Me Something Grid series features Burcin Cakir Erdener, an industrial engineer and researcher in NLR’s Grid Planning and Analysis Center. Cakir Erdener explains how natural gas has the potential to provide flexibility to the power system, why the infrastructure that delivers natural gas matters, and how modeling the gas and electric systems together can lead to better planning decisions.;This installment of the National Laboratory of the Rockies’ (NLR’s) Tell Me Something Grid series features Burcin Cakir Erdener, an industrial engineer and researcher in NLR’s Grid Planning and Analysis Center. Cakir Erdener explains how natural gas has the potential to provide flexibility to the power system, why the infrastructure that delivers natural gas matters, and how modeling the gas and electric systems together can lead to better planning decisions.;ND;ND;ND;ND;ND;ND;ND;ND;free;primary;not_applicable;ND;ND;https://www.nlr.gov/news/detail/program/2026/what-happens-when-power-lines-outrun-pipelines;ND;2;B;V2;200;V2: institution certifiée 3/3, URL ouverte anonymement, titre et contenu vérifiés automatiquement. V3 réservé à une validation plus forte.;36f227b409c8c691a745eb32df0bdbfc24e0092b028561eda719651eb49572d5
615;DOC-263ADA181F8FAA24CE52;research;ND;Where Marine Energy Meets Hybrid Power Systems, This Laboratory De-Risks Integration | NLR;https://www.nlr.gov/news/detail/program/2026/where-marine-energy-meets-hybrid-power-systems-this-laboratory-de-risks-integration;ND;Learn More;ND;United States;North America;official_research_institution;ND;ND;2026-10-03T23:04:51.605Z;institutional_primary;en;Energy from ocean waves has the potential to power offshore and coastal microgrids for applications like recharging autonomous underwater vehicles, supporting ocean sensors and aquaculture, and securing local power for remote communities.;Energy from ocean waves has the potential to power offshore and coastal microgrids for applications like recharging autonomous underwater vehicles, supporting ocean sensors and aquaculture, and securing local power for remote communities.;ND;ND;ND;ND;ND;ND;ND;ND;free;primary;not_applicable;ND;ND;https://www.nlr.gov/news/detail/program/2026/where-marine-energy-meets-hybrid-power-systems-this-laboratory-de-risks-integration;ND;4;B;V2;200;V2: institution certifiée 3/3, URL ouverte anonymement, titre et contenu vérifiés automatiquement. V3 réservé à une validation plus forte.;9396c242ead71fddbda4b6133c2cc19cd3c7f57fde1dd87443dd79ec066d4d2a
616;DOC-136129C6D5D577DD56D7;research;ND;Zooming in, zooming out: Q&A with SLAC’s Deputy Director for Science & Technology Alberto Salleo;https://www6.slac.stanford.edu/news/2026-01-30-zooming-zooming-out-qa-slacs-deputy-director-science-technology-alberto-salleo;ND;Learn More;ND;United States;North America;official_research_institution;ND;ND;2026-10-03T23:04:30.655Z;institutional_primary;en;Salleo sees strength in the big picture and minute details of the people, tools and partnerships at SLAC.;Salleo sees strength in the big picture and minute details of the people, tools and partnerships at SLAC.;ND;ND;ND;ND;ND;ND;ND;ND;free;primary;not_applicable;ND;ND;https://www6.slac.stanford.edu/news/2026-01-30-zooming-zooming-out-qa-slacs-deputy-director-science-technology-alberto-salleo;ND;3;B;V2;200;V2: institution certifiée 3/3, URL ouverte anonymement, titre et contenu vérifiés automatiquement. V3 réservé à une validation plus forte.;a56baa6415c747e3a0bb911828c8ddea94be32121f585064917b0dd51e3af51b
617;DOC-B439F8799B060B5BF35F;research;ND;Automated Technology Allows Unparalleled Space Exploration from Moon, to Asteroids, and Beyond - NASA;https://www.nasa.gov/science-research/automated-technology-allows-unparalleled-space-exploration-from-moon-to-asteroids-and-beyond/;ND;NASA;ND;United States;North America;government_agency;2020-10-19T16:24:00-04:00;ND;2026-10-03T23:05:14.368Z;institutional_primary;en;NASA scientists and engineers are maturing technology for navigating and landing on planetary bodies by analyzing images during descent.;NASA scientists and engineers are maturing technology for navigating and landing on planetary bodies by analyzing images during descent.;ND;ND;ND;ND;ND;ND;ND;ND;free;primary;not_applicable;ND;ND;https://www.nasa.gov/science-research/automated-technology-allows-unparalleled-space-exploration-from-moon-to-asteroids-and-beyond/;ND;4;B;V2;200;V2: institution certifiée 3/3, URL ouverte anonymement, titre et contenu vérifiés automatiquement. V3 réservé à une validation plus forte.;46b2de593ce02054d468f76332c3019a56244f823716723a28f2578a78866da1
618;DOC-1E89ACCBF6F58F02DBD0;research;ND;Futuristic Space Technology Concepts Selected by NASA for Initial Study - NASA;https://www.nasa.gov/centers-and-facilities/jpl/futuristic-space-technology-concepts-selected-by-nasa-for-initial-study/;ND;NASA;ND;United States;North America;government_agency;2021-02-25T16:00:00-05:00;ND;2026-10-03T23:05:12.401Z;institutional_primary;en;Early-stage research into futuristic space ideas – a lunar levitation track system, light bending lunar power system, method for making soil from asteroid;Early-stage research into futuristic space ideas – a lunar levitation track system, light bending lunar power system, method for making soil from asteroid;ND;ND;ND;ND;ND;ND;ND;ND;free;primary;not_applicable;ND;ND;https://www.nasa.gov/centers-and-facilities/jpl/futuristic-space-technology-concepts-selected-by-nasa-for-initial-study/;ND;4;B;V2;200;V2: institution certifiée 3/3, URL ouverte anonymement, titre et contenu vérifiés automatiquement. V3 réservé à une validation plus forte.;8a7a979bdaf5e2efb53a9c11dfe3f3a73496b0f0e2861cd597c67b6bd4bb350a
619;DOC-ED1CFE824FB1219F135E;research;ND;JPL Researchers Validate Technology Performance on Parabolic Flights with Zero Gravity Corporation - NASA;https://www.nasa.gov/centers-and-facilities/armstrong/jpl-researchers-validate-technology-performance-on-parabolic-flights-with-zero-gravity-corporation/;ND;NASA;ND;United States;North America;government_agency;2017-09-26T18:00:00-04:00;ND;2026-10-03T23:05:12.921Z;institutional_primary;en;A series of parabolic flights from Zero Gravity Corporation (ZERO-G) in March 2017 enabled researchers to test and validate the performance of two;A series of parabolic flights from Zero Gravity Corporation (ZERO-G) in March 2017 enabled researchers to test and validate the performance of two;ND;ND;ND;ND;ND;ND;ND;ND;free;primary;not_applicable;ND;ND;https://www.nasa.gov/centers-and-facilities/armstrong/jpl-researchers-validate-technology-performance-on-parabolic-flights-with-zero-gravity-corporation/;ND;4;B;V2;200;V2: institution certifiée 3/3, URL ouverte anonymement, titre et contenu vérifiés automatiquement. V3 réservé à une validation plus forte.;5ea0236e0470399b3f172c3e6d304bd7e88b5266d23e504141bf6488ef7a1f74
620;DOC-EBA6866142C8ECA14472;research;ND;Kennedy to Partner with Previous NASA Challenge Winner for Lunar Research - NASA;https://www.nasa.gov/centers-and-facilities/kennedy/research-and-technology-at-kennedy-space-center/kennedy-to-partner-with-previous-nasa-challenge-winner-for-lunar-research/;ND;NASA;ND;United States;North America;government_agency;2020-11-10T13:43:00-05:00;ND;2026-10-03T23:05:13.783Z;institutional_primary;en;Building structures on other planets is challenging for many reasons, including that it is difficult to send supplies from Earth. Typical construction;Building structures on other planets is challenging for many reasons, including that it is difficult to send supplies from Earth. Typical construction;ND;ND;ND;ND;ND;ND;ND;ND;free;primary;not_applicable;ND;ND;https://www.nasa.gov/centers-and-facilities/kennedy/research-and-technology-at-kennedy-space-center/kennedy-to-partner-with-previous-nasa-challenge-winner-for-lunar-research/;ND;4;B;V2;200;V2: institution certifiée 3/3, URL ouverte anonymement, titre et contenu vérifiés automatiquement. V3 réservé à une validation plus forte.;d566383c29ded105ef6e1d90cfb679c3def67073e2f7c64a5fce2db4bf5b025b
621;DOC-FF68BE46B5C81D4E83E5;research;ND;Langley Researchers Are Shaking Up Lunar Landing Technology - NASA;https://www.nasa.gov/centers-and-facilities/langley/langley-researchers-are-shaking-up-lunar-landing-technology/;ND;NASA;ND;United States;North America;government_agency;2020-07-10T18:30:00-04:00;ND;2026-10-03T23:05:13.616Z;institutional_primary;en;The Navigation Doppler Lidar (NDL) project team at NASA’s Langley Research Center in Hampton, Virginia, recently delivered a key component of the instrument;The Navigation Doppler Lidar (NDL) project team at NASA’s Langley Research Center in Hampton, Virginia, recently delivered a key component of the instrument;ND;ND;ND;ND;ND;ND;ND;ND;free;primary;not_applicable;ND;ND;https://www.nasa.gov/centers-and-facilities/langley/langley-researchers-are-shaking-up-lunar-landing-technology/;ND;4;B;V2;200;V2: institution certifiée 3/3, URL ouverte anonymement, titre et contenu vérifiés automatiquement. V3 réservé à une validation plus forte.;3b8c68302bfbfbcc33b815c20f31079a391428e96422fe08c40612fa9c7fe4a5
622;DOC-9C6DA50A6F610EADE1DA;research;ND;Marshall Center Astronomer Bill Cooke, Other NASA Researchers Among International Science Coalition Issuing Chelyabinsk Meteor Findings in New Papers - NASA;https://www.nasa.gov/centers-and-facilities/marshall/marshall-center-astronomer-bill-cooke-other-nasa-researchers-among-international-science-coalition-issuing-chelyabinsk-meteor-findings-in-new-papers/;ND;NASA;ND;United States;North America;government_agency;2013-11-08T21:03:00-05:00;ND;2026-10-03T23:05:13.627Z;institutional_primary;en;Detailed findings about the size, power and impact of the Chelyabinsk meteor, which streaked across Russian skies on the morning of Feb. 15, 2013, were;Detailed findings about the size, power and impact of the Chelyabinsk meteor, which streaked across Russian skies on the morning of Feb. 15, 2013, were;ND;ND;ND;ND;ND;ND;ND;ND;free;primary;not_applicable;ND;ND;https://www.nasa.gov/centers-and-facilities/marshall/marshall-center-astronomer-bill-cooke-other-nasa-researchers-among-international-science-coalition-issuing-chelyabinsk-meteor-findings-in-new-papers/;ND;4;B;V2;200;V2: institution certifiée 3/3, URL ouverte anonymement, titre et contenu vérifiés automatiquement. V3 réservé à une validation plus forte.;831d612bb755b3de9d8e7b51b0d5753c93e27e36cbeaabc9c4b11928b105ee50
623;DOC-AB707A9AAD434A3FD704;research;ND;NASA Funds Projects to Make Geosciences Data More Accessible - NASA;https://www.nasa.gov/centers-and-facilities/goddard/nasa-funds-projects-to-make-geosciences-data-more-accessible/;ND;NASA;ND;United States;North America;government_agency;2020-10-27T13:00:00-04:00;ND;2026-10-03T23:05:12.918Z;institutional_primary;en;NASA has accumulated about 40 petabytes (PB) of Earth science data, which is about twice as much as all of the information stored by the Library of Congress.;NASA has accumulated about 40 petabytes (PB) of Earth science data, which is about twice as much as all of the information stored by the Library of Congress.;ND;ND;ND;ND;ND;ND;ND;ND;free;primary;not_applicable;ND;ND;https://www.nasa.gov/centers-and-facilities/goddard/nasa-funds-projects-to-make-geosciences-data-more-accessible/;ND;4;B;V2;200;V2: institution certifiée 3/3, URL ouverte anonymement, titre et contenu vérifiés automatiquement. V3 réservé à une validation plus forte.;48d1f22e74969d6c5957957bb72f1eefc83cb80704aee3aaa21a71ae4595777a
624;DOC-51AE319CEA1807AC0D8A;research;ND;NASA Langley Supports Small Businesses to Advance Science, Exploration and Technology - NASA;https://www.nasa.gov/centers-and-facilities/langley/nasa-langley-supports-small-businesses-to-advance-science-exploration-and-technology/;ND;NASA;ND;United States;North America;government_agency;2019-07-29T14:00:00-04:00;ND;2026-10-03T23:05:13.592Z;institutional_primary;en;Last month, NASA selected 363 proposals from American small businesses and research institutions, representing 41 states, to help advance space technology.;Last month, NASA selected 363 proposals from American small businesses and research institutions, representing 41 states, to help advance space technology.;ND;ND;ND;ND;ND;ND;ND;ND;free;primary;not_applicable;ND;ND;https://www.nasa.gov/centers-and-facilities/langley/nasa-langley-supports-small-businesses-to-advance-science-exploration-and-technology/;ND;4;B;V2;200;V2: institution certifiée 3/3, URL ouverte anonymement, titre et contenu vérifiés automatiquement. V3 réservé à une validation plus forte.;e56b2c2030ce0b85aae3e7e186f570c6a8d1f7a0a70391bbb10d465d0a88a1b2
625;DOC-5742CDA52ABD52F148B6;research;ND;NASA Opens Applications for Second Season of ORBIT Student Challenge - NASA;https://www.nasa.gov/learning-resources/research-program-for-students/;ND;NASA;ND;United States;North America;government_agency;2026-09-29T11:11:15-04:00;ND;2026-10-03T23:05:13.831Z;institutional_primary;en;Following a successful inaugural year of ingenuity and career building, NASA ORBIT (Opportunities in Research, Business, Innovation, and Technology) has;Following a successful inaugural year of ingenuity and career building, NASA ORBIT (Opportunities in Research, Business, Innovation, and Technology) has;ND;ND;ND;ND;ND;ND;ND;ND;free;primary;not_applicable;ND;ND;https://www.nasa.gov/learning-resources/research-program-for-students/;ND;4;B;V2;200;V2: institution certifiée 3/3, URL ouverte anonymement, titre et contenu vérifiés automatiquement. V3 réservé à une validation plus forte.;34a2cbf9ad705ac985544a68d8eba656939dbea406899210f9a1f36806568b48
626;DOC-74C136C51D17A354F73F;research;ND;NASA Researchers Studying Advanced Nuclear Rocket Technologies - NASA;https://www.nasa.gov/centers-and-facilities/marshall/nasa-researchers-studying-advanced-nuclear-rocket-technologies/;ND;NASA;ND;United States;North America;government_agency;2013-01-09T20:22:00-05:00;ND;2026-10-03T23:05:13.639Z;institutional_primary;en;By using an innovative test facility at NASA’s Marshall Space Flight Center in Huntsville, Ala., researchers are able to use non-nuclear materials to simulate;By using an innovative test facility at NASA’s Marshall Space Flight Center in Huntsville, Ala., researchers are able to use non-nuclear materials to simulate;ND;ND;ND;ND;ND;ND;ND;ND;free;primary;not_applicable;ND;ND;https://www.nasa.gov/centers-and-facilities/marshall/nasa-researchers-studying-advanced-nuclear-rocket-technologies/;ND;4;B;V2;200;V2: institution certifiée 3/3, URL ouverte anonymement, titre et contenu vérifiés automatiquement. V3 réservé à une validation plus forte.;491f1675391127e1ddbe86f95ad7918d4c84344ace59bdd7b71e635c7b85848d
627;DOC-C30F85D21074174C091E;research;ND;NASA SmallSats Launch to Advance Science, Technology, Orbital Operations;https://www.nasa.gov/blogs/smallsatellites/2026/10/01/nasa-smallsats-launch-to-advance-science-technology-orbital-operations/;ND;NASA;ND;United States;North America;government_agency;2026-10-01T17:46:47-04:00;ND;2026-10-03T23:05:12.335Z;institutional_primary;en;Three NASA-supported small spacecraft launched at 11:22 a.m. PDT Thursday to demonstrate new propulsion technologies, study how galactic dust and high-energy radiation move through galaxies, and advance capabilities for inspecting inactive satellites.;Three NASA-supported small spacecraft launched at 11:22 a.m. PDT Thursday to demonstrate new propulsion technologies, study how galactic dust and high-energy radiation move through galaxies, and advance capabilities for inspecting inactive satellites.;ND;ND;ND;ND;ND;ND;ND;ND;free;primary;not_applicable;ND;ND;https://www.nasa.gov/blogs/smallsatellites/2026/10/01/nasa-smallsats-launch-to-advance-science-technology-orbital-operations/;ND;4;B;V2;200;V2: institution certifiée 3/3, URL ouverte anonymement, titre et contenu vérifiés automatiquement. V3 réservé à une validation plus forte.;8e5d0538f173cb6ecb9914ff615264fc8cc4147894168d1a547bad429a4fda90
628;DOC-9653947935AA68A141EA;research;ND;NASA Space Technology Research Fellow Studies New Heatshield-making Technique - NASA;https://www.nasa.gov/directorates/stmd/space-tech-research-grants/nasa-space-technology-research-fellow-studies-new-heatshield-making-technique/;ND;NASA;ND;United States;North America;government_agency;2017-04-11T17:45:00-04:00;ND;2026-10-03T23:05:14.347Z;institutional_primary;en;A fresh approach to designing and manufacturing heat-thwarting thermal protection systems (TPS) for spacecraft is being developed and tested, offering the;A fresh approach to designing and manufacturing heat-thwarting thermal protection systems (TPS) for spacecraft is being developed and tested, offering the;ND;ND;ND;ND;ND;ND;ND;ND;free;primary;not_applicable;ND;ND;https://www.nasa.gov/directorates/stmd/space-tech-research-grants/nasa-space-technology-research-fellow-studies-new-heatshield-making-technique/;ND;4;B;V2;200;V2: institution certifiée 3/3, URL ouverte anonymement, titre et contenu vérifiés automatiquement. V3 réservé à une validation plus forte.;7c4c7fd4a980c8e99944ef83920293a7ffbd29ede6eb56d136c149ca874b3e72
629;DOC-DDD941B2F256A733B86E;research;ND;Relevant Environment Provides Testing for Technology Payloads - NASA;https://www.nasa.gov/centers-and-facilities/armstrong/relevant-environment-provides-testing-for-technology-payloads/;ND;NASA;ND;United States;North America;government_agency;2021-04-28T14:02:00-04:00;ND;2026-10-03T23:05:13.042Z;institutional_primary;en;Understanding how an experimental payload will respond to the conditions of space is crucial to a researcher’s ability to confirm designs or make necessary;Understanding how an experimental payload will respond to the conditions of space is crucial to a researcher’s ability to confirm designs or make necessary;ND;ND;ND;ND;ND;ND;ND;ND;free;primary;not_applicable;ND;ND;https://www.nasa.gov/centers-and-facilities/armstrong/relevant-environment-provides-testing-for-technology-payloads/;ND;4;B;V2;200;V2: institution certifiée 3/3, URL ouverte anonymement, titre et contenu vérifiés automatiquement. V3 réservé à une validation plus forte.;f16d901babe46b03be8b7d352b0097aa92b15bd5c006ade37949df9ac68a1206
630;DOC-9959F0C24D2F47D6B164;research;ND;Technology Transfer Office, Autonomous Flight Termination Unit Project Receive Recognition - NASA;https://www.nasa.gov/centers-and-facilities/kennedy/technology-transfer-office-autonomous-flight-termination-unit-project-receive-recognition/;ND;NASA;ND;United States;North America;government_agency;2019-04-04T16:24:00-04:00;ND;2026-10-03T23:05:13.097Z;institutional_primary;en;Technology Transfer Office, Autonomous Flight Termination Unit Project Receive Recognition;Technology Transfer Office, Autonomous Flight Termination Unit Project Receive Recognition;ND;ND;ND;ND;ND;ND;ND;ND;free;primary;not_applicable;ND;ND;https://www.nasa.gov/centers-and-facilities/kennedy/technology-transfer-office-autonomous-flight-termination-unit-project-receive-recognition/;ND;4;B;V2;200;V2: institution certifiée 3/3, URL ouverte anonymement, titre et contenu vérifiés automatiquement. V3 réservé à une validation plus forte.;3f0cb74af61356515624792bd3127b6ab2aa4cdcfcc953294b2ddc2798115d64
631;DOC-76AB2F5CCE7C3BBD3DEB;research;ND;The Geometry of Success: Archinaut Project Conducts First Large-Scale Additive Manufacturing Build in Space-like Environment - NASA;https://www.nasa.gov/technology/manufacturing-materials-3-d-printing/the-geometry-of-success-archinaut-project-conducts-first-large-scale-additive-manufacturing-build-in-space-like-environment/;ND;NASA;ND;United States;North America;government_agency;2017-08-10T14:44:00-04:00;ND;2026-10-03T23:05:12.300Z;institutional_primary;en;Archinaut, a NASA Technology Demonstration Mission (TDM) project developing cutting-edge technology to build and assemble complex hardware and supersized;Archinaut, a NASA Technology Demonstration Mission (TDM) project developing cutting-edge technology to build and assemble complex hardware and supersized;ND;ND;ND;ND;ND;ND;ND;ND;free;primary;not_applicable;ND;ND;https://www.nasa.gov/technology/manufacturing-materials-3-d-printing/the-geometry-of-success-archinaut-project-conducts-first-large-scale-additive-manufacturing-build-in-space-like-environment/;ND;5;B;V2;200;V2: institution certifiée 3/3, URL ouverte anonymement, titre et contenu vérifiés automatiquement. V3 réservé à une validation plus forte.;6dc3521bebc754307b9b99c0531e9a80af6c619b50e7488aff5925b2df176a8f
632;DOC-CC8F60BDEC09FBF82259;science;ND;All Resources - Site Guide - NCBI;https://www.ncbi.nlm.nih.gov/guide/all/;ND;NCBI;ND;United States;North America;government_scientific_library;ND;ND;2026-10-03T23:05:37.289Z;institutional_primary;en;The .gov means it's official. Federal government websites often end in .gov or .mil. Before sharing sensitive information, make sure you're on a federal government site.;The .gov means it's official. Federal government websites often end in .gov or .mil. Before sharing sensitive information, make sure you're on a federal government site.;ND;ND;ND;ND;ND;ND;ND;ND;free;primary;not_applicable;ND;ND;https://www.ncbi.nlm.nih.gov/guide/all/;ND;1;B;V2;200;V2: institution certifiée 3/3, URL ouverte anonymement, titre et contenu vérifiés automatiquement. V3 réservé à une validation plus forte.;80a4810a11f25be3221fcc7c2b7ac2ac8c9ea7ca63e9c980ed6f4eed446a44fd
633;DOC-656609686E859ADA4E35;science;ND;Analyze - NCBI;https://www.ncbi.nlm.nih.gov/home/analyze/;ND;NCBI;ND;United States;North America;government_scientific_library;ND;ND;2026-10-03T23:05:37.017Z;institutional_primary;en;The .gov means it's official. Federal government websites often end in .gov or .mil. Before sharing sensitive information, make sure you're on a federal government site.;The .gov means it's official. Federal government websites often end in .gov or .mil. Before sharing sensitive information, make sure you're on a federal government site.;ND;ND;ND;ND;ND;ND;ND;ND;free;primary;not_applicable;ND;ND;https://www.ncbi.nlm.nih.gov/home/analyze/;ND;1;B;V2;200;V2: institution certifiée 3/3, URL ouverte anonymement, titre et contenu vérifiés automatiquement. V3 réservé à une validation plus forte.;540e3e93d363e2d5d6e44efcb1ae863737add896bd8cc1fa11bbd9fd6ea34fa5
634;DOC-174E1A455E1C59528497;science;ND;Data & Software - Site Guide - NCBI;https://www.ncbi.nlm.nih.gov/guide/data-software/;ND;NCBI;ND;United States;North America;government_scientific_library;ND;ND;2026-10-03T23:05:37.119Z;institutional_primary;en;The .gov means it's official. Federal government websites often end in .gov or .mil. Before sharing sensitive information, make sure you're on a federal government site.;The .gov means it's official. Federal government websites often end in .gov or .mil. Before sharing sensitive information, make sure you're on a federal government site.;ND;ND;ND;ND;ND;ND;ND;ND;free;primary;not_applicable;ND;ND;https://www.ncbi.nlm.nih.gov/guide/data-software/;ND;1;B;V2;200;V2: institution certifiée 3/3, URL ouverte anonymement, titre et contenu vérifiés automatiquement. V3 réservé à une validation plus forte.;3ae3c12de0152f5848abfc471dd8004d9702fe459fbad46d4e6777f257e4b377
635;DOC-96FA7524AA5E0B122402;science;ND;Download - NCBI;https://www.ncbi.nlm.nih.gov/home/download/;ND;NCBI;ND;United States;North America;government_scientific_library;ND;ND;2026-10-03T23:05:36.889Z;institutional_primary;en;The .gov means it's official. Federal government websites often end in .gov or .mil. Before sharing sensitive information, make sure you're on a federal government site.;The .gov means it's official. Federal government websites often end in .gov or .mil. Before sharing sensitive information, make sure you're on a federal government site.;ND;ND;ND;ND;ND;ND;ND;ND;free;primary;not_applicable;ND;ND;https://www.ncbi.nlm.nih.gov/home/download/;ND;1;B;V2;200;V2: institution certifiée 3/3, URL ouverte anonymement, titre et contenu vérifiés automatiquement. V3 réservé à une validation plus forte.;4ee5941d5344add67f4158a262ea491a9985b954b48e61e92a05b2663dcf11e5
636;DOC-DBFE8BE186D8F6410F98;science;ND;Learn - NCBI;https://www.ncbi.nlm.nih.gov/home/learn/;ND;NCBI;ND;United States;North America;government_scientific_library;ND;ND;2026-10-03T23:05:37.372Z;institutional_primary;en;The .gov means it's official. Federal government websites often end in .gov or .mil. Before sharing sensitive information, make sure you're on a federal government site.;The .gov means it's official. Federal government websites often end in .gov or .mil. Before sharing sensitive information, make sure you're on a federal government site.;ND;ND;ND;ND;ND;ND;ND;ND;free;primary;not_applicable;ND;ND;https://www.ncbi.nlm.nih.gov/home/learn/;ND;1;B;V2;200;V2: institution certifiée 3/3, URL ouverte anonymement, titre et contenu vérifiés automatiquement. V3 réservé à une validation plus forte.;3a73f8d9e8dcf0aa68d5446a84215638c0d74d6f2c6093ff74a3aefccfc97f81
637;DOC-49F9D13DF64FB2AFBD92;science;ND;NCBI Computational Biology Branch;https://www.ncbi.nlm.nih.gov/research/;ND;NCBI;ND;United States;North America;government_scientific_library;ND;ND;2026-10-03T23:05:36.880Z;institutional_primary;en;The .gov means it's official. Federal government websites often end in .gov or .mil. Before sharing sensitive information, make sure you're on a federal government site.;The .gov means it's official. Federal government websites often end in .gov or .mil. Before sharing sensitive information, make sure you're on a federal government site.;ND;ND;ND;ND;ND;ND;ND;ND;free;primary;not_applicable;ND;ND;https://www.ncbi.nlm.nih.gov/research/;ND;2;B;V2;200;V2: institution certifiée 3/3, URL ouverte anonymement, titre et contenu vérifiés automatiquement. V3 réservé à une validation plus forte.;0ed21824601bf3f667399db2b7783be45a4ad3f1241242318d56f268d9020069
638;DOC-0A61579B2D7783240B7C;science;ND;Site Map - Site Guide - NCBI;https://www.ncbi.nlm.nih.gov/guide/sitemap/;ND;NCBI;ND;United States;North America;government_scientific_library;ND;ND;2026-10-03T23:05:37.215Z;institutional_primary;en;The .gov means it's official. Federal government websites often end in .gov or .mil. Before sharing sensitive information, make sure you're on a federal government site.;The .gov means it's official. Federal government websites often end in .gov or .mil. Before sharing sensitive information, make sure you're on a federal government site.;ND;ND;ND;ND;ND;ND;ND;ND;free;primary;not_applicable;ND;ND;https://www.ncbi.nlm.nih.gov/guide/sitemap/;ND;1;B;V2;200;V2: institution certifiée 3/3, URL ouverte anonymement, titre et contenu vérifiés automatiquement. V3 réservé à une validation plus forte.;a81d954930903da0b3476ad7793b69acdc19c9d2476c67a6c21e995cde413014
639;DOC-9E06405A56EC173A1902;science;ND;ATP Announces New Projects In Electronics, Biotechnology, Energy and Polymer Recycling | NIST;https://www.nist.gov/news-events/news/1997/03/atp-announces-new-projects-electronics-biotechnology-energy-and-polymer;ND;NIST;ND;United States;North America;government_research;1997-03-06T07:00-05:00;ND;2026-10-03T23:05:40.731Z;institutional_primary;en;"The Commerce Department&#039;s National Institute of Standards and Technology today announced eight new research projects, cost-shared with U.S.";"The Commerce Department&#039;s National Institute of Standards and Technology today announced eight new research projects, cost-shared with U.S.";ND;ND;ND;ND;ND;ND;ND;ND;free;primary;not_applicable;ND;ND;https://www.nist.gov/news-events/news/1997/03/atp-announces-new-projects-electronics-biotechnology-energy-and-polymer;ND;4;B;V2;200;V2: institution certifiée 3/3, URL ouverte anonymement, titre et contenu vérifiés automatiquement. V3 réservé à une validation plus forte.;1f2a94e7fa25c2d01aab4cc9fe0edecd15f12fb18de56eb847112a9731097f7c
640;DOC-1688B1EDAC92CD1CE75B;science;ND;Center for Nanoscale Science and Technology Releases 2010 Biennial Report | NIST;https://www.nist.gov/news-events/news/2011/05/center-nanoscale-science-and-technology-releases-2010-biennial-report;ND;NIST;ND;United States;North America;government_research;2011-05-09T08:00-04:00;ND;2026-10-03T23:05:40.687Z;institutional_primary;en;The NIST Center for Nanoscale Science and Technology (CNST) is pleased to announce the publication of its 2010 Report.;The NIST Center for Nanoscale Science and Technology (CNST) is pleased to announce the publication of its 2010 Report.;ND;ND;ND;ND;ND;ND;ND;ND;free;primary;not_applicable;ND;ND;https://www.nist.gov/news-events/news/2011/05/center-nanoscale-science-and-technology-releases-2010-biennial-report;ND;5;B;V2;200;V2: institution certifiée 3/3, URL ouverte anonymement, titre et contenu vérifiés automatiquement. V3 réservé à une validation plus forte.;b178033869b4cb16ec03f449ecc0c6be6083ee7b6a3d8640600992f322ff721d
641;DOC-A694D209402A4FFA58E0;science;ND;New NIST Web Resource Hosts Federal Research Technology Transfer Plans | NIST;https://www.nist.gov/news-events/news/2012/10/new-nist-web-resource-hosts-federal-research-technology-transfer-plans;ND;NIST;ND;United States;North America;government_research;2012-10-31T08:00-04:00;ND;2026-10-03T23:05:40.654Z;institutional_primary;en;A new website has been launched by the National Institute of Standards and Technology (NIST) to serve as a central resource for technology transfer plans dev;A new website has been launched by the National Institute of Standards and Technology (NIST) to serve as a central resource for technology transfer plans dev;ND;ND;ND;ND;ND;ND;ND;ND;free;primary;not_applicable;ND;ND;https://www.nist.gov/news-events/news/2012/10/new-nist-web-resource-hosts-federal-research-technology-transfer-plans;ND;5;B;V2;200;V2: institution certifiée 3/3, URL ouverte anonymement, titre et contenu vérifiés automatiquement. V3 réservé à une validation plus forte.;34bae5cd7c8d3e3c3f3a96f929c758177dadcbe5b4e91220abc9fbd03e06cb1b
642;DOC-AAA8779F14499DF75641;science;ND;NIST Announces 10 New Advanced Technology Program Awards For Healthcare Information Systems | NIST;https://www.nist.gov/news-events/news/1995/09/nist-announces-10-new-advanced-technology-program-awards-healthcare;ND;NIST;ND;United States;North America;government_research;1995-09-29T08:00-04:00;ND;2026-10-03T23:05:40.792Z;institutional_primary;en;"The Commerce Department&#039;s National Institute of Standards and Technology today announced 10 new industry-sponsored projects that will receive cost-shared fun";"The Commerce Department&#039;s National Institute of Standards and Technology today announced 10 new industry-sponsored projects that will receive cost-shared fun";ND;ND;ND;ND;ND;ND;ND;ND;free;primary;not_applicable;ND;ND;https://www.nist.gov/news-events/news/1995/09/nist-announces-10-new-advanced-technology-program-awards-healthcare;ND;4;B;V2;200;V2: institution certifiée 3/3, URL ouverte anonymement, titre et contenu vérifiés automatiquement. V3 réservé à une validation plus forte.;0bb384bcd64e17bd5f91121c78553b4e4937d383a5c2aa9dd9e6884ff667987b
643;DOC-F751AC37445524925337;science;ND;NIST Center for Nanoscale Science and Technology Researchers Efficiently Couple Light from a Plane Wave into a Surface Plasmon Mode | NIST;https://www.nist.gov/news-events/news/2012/02/nist-center-nanoscale-science-and-technology-researchers-efficiently-couple;ND;NIST;ND;United States;North America;government_research;2012-02-01T07:00-05:00;ND;2026-10-03T23:05:40.668Z;institutional_primary;en;Researchers from the NIST Center for Nanoscale Science and Technology have made a gra;Researchers from the NIST Center for Nanoscale Science and Technology have made a gra;ND;ND;ND;ND;ND;ND;ND;ND;free;primary;not_applicable;ND;ND;https://www.nist.gov/news-events/news/2012/02/nist-center-nanoscale-science-and-technology-researchers-efficiently-couple;ND;5;B;V2;200;V2: institution certifiée 3/3, URL ouverte anonymement, titre et contenu vérifiés automatiquement. V3 réservé à une validation plus forte.;7f1a22da3baa140bfc54edae2b0b4e8660c8907a34c80e04bb629b7ef5f7f15a
644;DOC-3065B5C6E88EC53B13D3;science;ND;NIST Center for Nanoscale Science and Technology Researchers Introduce Blind Students to Nanoscale Science | NIST;https://www.nist.gov/news-events/news/2013/09/nist-center-nanoscale-science-and-technology-researchers-introduce-blind;ND;NIST;ND;United States;North America;government_research;2013-09-19T08:00-04:00;ND;2026-10-03T23:05:40.667Z;institutional_primary;en;Official websites use .gov A .gov website belongs to an official government organization in the United States.;Official websites use .gov A .gov website belongs to an official government organization in the United States.;ND;ND;ND;ND;ND;ND;ND;ND;free;primary;not_applicable;ND;ND;https://www.nist.gov/news-events/news/2013/09/nist-center-nanoscale-science-and-technology-researchers-introduce-blind;ND;5;B;V2;200;V2: institution certifiée 3/3, URL ouverte anonymement, titre et contenu vérifiés automatiquement. V3 réservé à une validation plus forte.;4b7f10530c61dc7292164b4db6eeec18c9986a34a9f89f6ef6069bf3ce526c5c
645;DOC-957738EF1B17217C4579;science;ND;NIST Extends Deadline for 2009 Technology Innovation Program Competition | NIST;https://www.nist.gov/news-events/news/2009/06/nist-extends-deadline-2009-technology-innovation-program-competition;ND;NIST;ND;United States;North America;government_research;2009-06-30T08:00-04:00;ND;2026-10-03T23:05:40.627Z;institutional_primary;en;The National Institute of Standards and Technology (NIST) announced today that it is extending the deadline for submitting proposals to its Technology Innova;The National Institute of Standards and Technology (NIST) announced today that it is extending the deadline for submitting proposals to its Technology Innova;ND;ND;ND;ND;ND;ND;ND;ND;free;primary;not_applicable;ND;ND;https://www.nist.gov/news-events/news/2009/06/nist-extends-deadline-2009-technology-innovation-program-competition;ND;5;B;V2;200;V2: institution certifiée 3/3, URL ouverte anonymement, titre et contenu vérifiés automatiquement. V3 réservé à une validation plus forte.;79de321b584ab561896ee6afa9ec523ce5be442293bb70d847ccd7266cd0984b
646;DOC-8BF4F696B028394A6806;science;ND;NIST Report and Data Could Bring Improvements to Fingerprinting Technology | NIST;https://www.nist.gov/news-events/news/2018/05/nist-report-and-data-could-bring-improvements-fingerprinting-technology;ND;NIST;ND;United States;North America;government_research;2018-05-04T08:00-04:00;ND;2026-10-03T23:05:40.766Z;institutional_primary;en;Fingerprint capture technology has advanced to the point where high-quality rolled prints soon might be obtained without the manual assistance of a trained d;Fingerprint capture technology has advanced to the point where high-quality rolled prints soon might be obtained without the manual assistance of a trained d;ND;ND;ND;ND;ND;ND;ND;ND;free;primary;not_applicable;ND;ND;https://www.nist.gov/news-events/news/2018/05/nist-report-and-data-could-bring-improvements-fingerprinting-technology;ND;5;B;V2;200;V2: institution certifiée 3/3, URL ouverte anonymement, titre et contenu vérifiés automatiquement. V3 réservé à une validation plus forte.;d4ca9e33ce129f78ad7271ef8e3b3442ce67a5fe1df002971cd2f5698ceb3805
647;DOC-31F49F3A8EE21CFE0AA1;science;ND;NIST Seeks Public Comment on New Technology Innovation Program Regulations | NIST;https://www.nist.gov/news-events/news/2008/03/nist-seeks-public-comment-new-technology-innovation-program-regulations;ND;NIST;ND;United States;North America;government_research;2008-03-18T08:00-04:00;ND;2026-10-03T23:05:40.609Z;institutional_primary;en;"The Commerce Department&#039;s National Institute of Standards and Technology (NIST) is seeking public comments on its proposed regulations (rule) for operating t";"The Commerce Department&#039;s National Institute of Standards and Technology (NIST) is seeking public comments on its proposed regulations (rule) for operating t";ND;ND;ND;ND;ND;ND;ND;ND;free;primary;not_applicable;ND;ND;https://www.nist.gov/news-events/news/2008/03/nist-seeks-public-comment-new-technology-innovation-program-regulations;ND;5;B;V2;200;V2: institution certifiée 3/3, URL ouverte anonymement, titre et contenu vérifiés automatiquement. V3 réservé à une validation plus forte.;03b125d4b3c61dcc76475d2f7a95cd44741c0b6f59ef9ab6f9a3f5edb7d71e3e
648;DOC-51FC56EFD37194104896;science;ND;NIST Technology Innovation Program Announces New R&D Projects To Develop Infrastructure Monitoring and Inspection Technologies | NIST;https://www.nist.gov/news-events/news/2009/01/nist-technology-innovation-program-announces-new-rd-projects-develop;ND;NIST;ND;United States;North America;government_research;2009-01-06T07:00-05:00;ND;2026-10-03T23:05:40.320Z;institutional_primary;en;GAITHERSBURG, Md.—The National Institute of Standards and Technology (NIST) today announced nine awards for new research projects to develop advanced sensing;GAITHERSBURG, Md.—The National Institute of Standards and Technology (NIST) today announced nine awards for new research projects to develop advanced sensing;ND;ND;ND;ND;ND;ND;ND;ND;free;primary;not_applicable;ND;ND;https://www.nist.gov/news-events/news/2009/01/nist-technology-innovation-program-announces-new-rd-projects-develop;ND;5;B;V2;200;V2: institution certifiée 3/3, URL ouverte anonymement, titre et contenu vérifiés automatiquement. V3 réservé à une validation plus forte.;6a7d498351331b51e01d9acece78f69a142a7b691ff630b384df5f67d2a413e0
649;DOC-297609E4BAFD42454617;science;ND;NIST Technology Program Announces 20 Research Project Awards | NIST;https://www.nist.gov/news-events/news/2009/12/nist-technology-program-announces-20-research-project-awards;ND;NIST;ND;United States;North America;government_research;2009-12-15T07:00-05:00;ND;2026-10-03T23:05:40.624Z;institutional_primary;en;The National Institute of Standards and Technology (NIST) today announced funding for 20 new research projects under its Technology Innovation Program (TIP),;The National Institute of Standards and Technology (NIST) today announced funding for 20 new research projects under its Technology Innovation Program (TIP),;ND;ND;ND;ND;ND;ND;ND;ND;free;primary;not_applicable;ND;ND;https://www.nist.gov/news-events/news/2009/12/nist-technology-program-announces-20-research-project-awards;ND;5;B;V2;200;V2: institution certifiée 3/3, URL ouverte anonymement, titre et contenu vérifiés automatiquement. V3 réservé à une validation plus forte.;21e806c3d7f404bb59ec091fa5d529d224e7db4a473e57aa4aa0f398b7377315
650;DOC-FBDD32D91903809DCD84;science;ND;Projects/Programs | NIST;https://www.nist.gov/laboratories/projects-programs;ND;NIST;ND;United States;North America;government_research;ND;ND;2026-10-03T23:05:40.728Z;institutional_primary;en;Official websites use .gov A .gov website belongs to an official government organization in the United States.;Official websites use .gov A .gov website belongs to an official government organization in the United States.;ND;ND;ND;ND;ND;ND;ND;ND;free;primary;not_applicable;ND;ND;https://www.nist.gov/laboratories/projects-programs;ND;4;B;V2;200;V2: institution certifiée 3/3, URL ouverte anonymement, titre et contenu vérifiés automatiquement. V3 réservé à une validation plus forte.;b6b305bf57cd5f2ce1a655475e0bdb7832c966284cf0838f6bf378759967b6b1
651;DOC-BE6704742ECA3C28183B;science;ND;Summary Report on Federal Laboratory Technology Transfer FY2008 | NIST;https://www.nist.gov/news-events/news/2010/04/summary-report-federal-laboratory-technology-transfer-fy2008;ND;NIST;ND;United States;North America;government_research;2010-04-30T08:00-04:00;ND;2026-10-03T23:05:40.661Z;institutional_primary;en;Report highlights upward trends in technology transfer activities at 11 federal laboratories Licenses, income bearing licenses, income from license;Report highlights upward trends in technology transfer activities at 11 federal laboratories Licenses, income bearing licenses, income from license;ND;ND;ND;ND;ND;ND;ND;ND;free;primary;not_applicable;ND;ND;https://www.nist.gov/news-events/news/2010/04/summary-report-federal-laboratory-technology-transfer-fy2008;ND;5;B;V2;200;V2: institution certifiée 3/3, URL ouverte anonymement, titre et contenu vérifiés automatiquement. V3 réservé à une validation plus forte.;ebc1e1b49346bda05f1a11a371d4c02218fcda0d137eb866e101ed0b4f5823e9
652;DOC-D1D470EEA9ADA5FC5BFD;science;ND;Technology Innovation Program Seeks Comments on Potential Future Funding Areas | NIST;https://www.nist.gov/news-events/news/2009/11/technology-innovation-program-seeks-comments-potential-future-funding-areas;ND;NIST;ND;United States;North America;government_research;2009-11-17T07:00-05:00;ND;2026-10-03T23:05:40.682Z;institutional_primary;en;The National Institute of Standards and Technology (NIST) is asking for public comment on four white papers that outline potential areas for research funding;The National Institute of Standards and Technology (NIST) is asking for public comment on four white papers that outline potential areas for research funding;ND;ND;ND;ND;ND;ND;ND;ND;free;primary;not_applicable;ND;ND;https://www.nist.gov/news-events/news/2009/11/technology-innovation-program-seeks-comments-potential-future-funding-areas;ND;5;B;V2;200;V2: institution certifiée 3/3, URL ouverte anonymement, titre et contenu vérifiés automatiquement. V3 réservé à une validation plus forte.;203785f5b45eccf15de60853d3461076ce32210bd230eea77d1019186e472377
653;DOC-7BF73C1A678C7AC68940;science;ND;Technology Innovation Program to Fund New Infrastructure Research | NIST;https://www.nist.gov/news-events/news/2009/01/technology-innovation-program-fund-new-infrastructure-research;ND;NIST;ND;United States;North America;government_research;2009-01-13T07:00-05:00;ND;2026-10-03T23:05:40.619Z;institutional_primary;en;The National Institute of Standards and Technology (NIST) has announced nine awards for new research projects to develop advanced sensing technologies that w;The National Institute of Standards and Technology (NIST) has announced nine awards for new research projects to develop advanced sensing technologies that w;ND;ND;ND;ND;ND;ND;ND;ND;free;primary;not_applicable;ND;ND;https://www.nist.gov/news-events/news/2009/01/technology-innovation-program-fund-new-infrastructure-research;ND;5;B;V2;200;V2: institution certifiée 3/3, URL ouverte anonymement, titre et contenu vérifiés automatiquement. V3 réservé à une validation plus forte.;c116dcb7dcf9be9255e9a68e94c0f66fdfd499d93df7a29251039c9d0d4ce745
654;DOC-2DCC95D75F6E059E159C;research;ND;Behind the scenes: the science that confirmed Australia’s first H5 bird flu case - CSIRO;https://www.csiro.au/en/news/All/Articles/2026/September/Bird-Flu;ND;CSIRO;ND;Australia;Oceania;public_research;ND;ND;2026-10-03T23:02:15.993Z;institutional_primary;en;"Hear from the team at CSIRO’s Australian Centre for Disease Preparedness as they share the process and importance of testing for H5 bird flu; reliving the first crucial days after a suspected case of H5 bird flu arrived on our shores.";"Hear from the team at CSIRO’s Australian Centre for Disease Preparedness as they share the process and importance of testing for H5 bird flu; reliving the first crucial days after a suspected case of H5 bird flu arrived on our shores.";ND;ND;ND;ND;ND;ND;ND;ND;free;primary;not_applicable;ND;ND;https://www.csiro.au/en/news/All/Articles/2026/September/Bird-Flu;ND;3;B;V2;200;V2: institution certifiée 3/3, URL ouverte anonymement, titre et contenu vérifiés automatiquement. V3 réservé à une validation plus forte.;5d052fd001322445fdedb2375b912c783f2c536ed65ef354fc20bca38af1f5ec
655;DOC-2A284615D7625063DE59;research;ND;Climate change - CSIRO;https://www.csiro.au/en/research/environmental-impacts/climate-change;ND;CSIRO;ND;Australia;Oceania;public_research;ND;ND;2026-10-03T23:02:15.884Z;institutional_primary;en;Climate change and variability affect almost every aspect of our lives. We are tackling the climate change challenge by improving climate knowledge and services, developing low- and negative emissions technologies and helping to build resilient communities in Australia, our region and the world.;Climate change and variability affect almost every aspect of our lives. We are tackling the climate change challenge by improving climate knowledge and services, developing low- and negative emissions technologies and helping to build resilient communities in Australia, our region and the world.;ND;ND;ND;ND;ND;ND;ND;ND;free;primary;not_applicable;ND;ND;https://www.csiro.au/en/research/environmental-impacts/climate-change;ND;2;B;V2;200;V2: institution certifiée 3/3, URL ouverte anonymement, titre et contenu vérifiés automatiquement. V3 réservé à une validation plus forte.;85cea04816dfd2071e6da5508de53beeb24a434bc8867400a14a08c2bb5d81b9
656;DOC-4EF7BF2B5921C334E60B;research;ND;COVID-19 research - CSIRO;https://www.csiro.au/en/research/health-medical/diseases/COVID-19-research;ND;CSIRO;ND;Australia;Oceania;public_research;ND;ND;2026-10-03T23:02:18.185Z;institutional_primary;en;We were involved in a broad range of activities with government and industry in response to COVID-19.;We were involved in a broad range of activities with government and industry in response to COVID-19.;ND;ND;ND;ND;ND;ND;ND;ND;free;primary;not_applicable;ND;ND;https://www.csiro.au/en/research/health-medical/diseases/COVID-19-research;ND;2;B;V2;200;V2: institution certifiée 3/3, URL ouverte anonymement, titre et contenu vérifiés automatiquement. V3 réservé à une validation plus forte.;c07dd5ead4892fb0129cefc99b8cef9c6d58c6158e82483b66df0ef46c712da1
657;DOC-4EAC557844A95DD0CFD6;research;ND;CSIRO's Reconciliation Action Plan - CSIRO;https://www.csiro.au/en/research/indigenous-science/Reconciliation-Action-Plan;ND;CSIRO;ND;Australia;Oceania;public_research;ND;ND;2026-10-03T23:02:17.678Z;institutional_primary;en;CSIRO’s Reconciliation Action Plan outlines the actions we will take to build stronger relationships with Aboriginal and Torres Strait Islander peoples through scientific knowledge sharing, education, employment opportunities and mutually beneficial partnerships that can deliver a positive impact to all Australians.;CSIRO’s Reconciliation Action Plan outlines the actions we will take to build stronger relationships with Aboriginal and Torres Strait Islander peoples through scientific knowledge sharing, education, employment opportunities and mutually beneficial partnerships that can deliver a positive impact to all Australians.;ND;ND;ND;ND;ND;ND;ND;ND;free;primary;not_applicable;ND;ND;https://www.csiro.au/en/research/indigenous-science/Reconciliation-Action-Plan;ND;2;B;V2;200;V2: institution certifiée 3/3, URL ouverte anonymement, titre et contenu vérifiés automatiquement. V3 réservé à une validation plus forte.;7fe5a1ff63710db4dee6abcff68b9c0846a22bb183f7c8f27ef854376a56e797
658;DOC-D7E4D9BA62E5B2EEE072;research;ND;Developing the world's first Hendra vaccine - CSIRO;https://www.csiro.au/en/research/animals/livestock/Hendra;ND;CSIRO;ND;Australia;Oceania;public_research;ND;ND;2026-10-03T23:02:17.842Z;institutional_primary;en;In 1994, a deadly new virus threatened to stop Australia's premier horse race – the Melbourne Cup. Over the next 16 years, 18 outbreaks of the now infamous Hendra virus were recorded through Queensland and NSW.;In 1994, a deadly new virus threatened to stop Australia's premier horse race – the Melbourne Cup. Over the next 16 years, 18 outbreaks of the now infamous Hendra virus were recorded through Queensland and NSW.;ND;ND;ND;ND;ND;ND;ND;ND;free;primary;not_applicable;ND;ND;https://www.csiro.au/en/research/animals/livestock/Hendra;ND;1;B;V2;200;V2: institution certifiée 3/3, URL ouverte anonymement, titre et contenu vérifiés automatiquement. V3 réservé à une validation plus forte.;fa249a48d5831b8f3995b79ac98b13cbdeb00daaf71b6296a4f3b226de877b94
659;DOC-C95630E3667A99A13CEE;research;ND;Diets - CSIRO;https://www.csiro.au/en/research/health-medical/diets;ND;CSIRO;ND;Australia;Oceania;public_research;ND;ND;2026-10-03T23:02:15.888Z;institutional_primary;en;Our diet and lifestyle programs have been developed to improve healthy lifestyle behaviours. These include improving diets and physical activity to enhance wellbeing and reduce the risk of obesity or manage chronic diseases such as Type 2 Diabetes.;Our diet and lifestyle programs have been developed to improve healthy lifestyle behaviours. These include improving diets and physical activity to enhance wellbeing and reduce the risk of obesity or manage chronic diseases such as Type 2 Diabetes.;ND;ND;ND;ND;ND;ND;ND;ND;free;primary;not_applicable;ND;ND;https://www.csiro.au/en/research/health-medical/diets;ND;2;B;V2;200;V2: institution certifiée 3/3, URL ouverte anonymement, titre et contenu vérifiés automatiquement. V3 réservé à une validation plus forte.;aa4a7eee90f0721ef8223d3cd6bdccce7523a4afb5b41753b12c4004f8b5c836
660;DOC-F1E78695BF1F826C018E;research;ND;Eureka Prize recognises breakthrough in marine heatwave forecasting - CSIRO;https://www.csiro.au/en/news/All/News/2026/September/Eureka-Prize-environmental-science-award-for-marine-heatwave-forecasting;ND;CSIRO;ND;Australia;Oceania;public_research;ND;ND;2026-10-03T23:02:16.973Z;institutional_primary;en;The collaboration between CSIRO and the Bureau of Meteorology was recognised for its originality and significance, scientific rigour, and impact.;The collaboration between CSIRO and the Bureau of Meteorology was recognised for its originality and significance, scientific rigour, and impact.;ND;ND;ND;ND;ND;ND;ND;ND;free;primary;not_applicable;ND;ND;https://www.csiro.au/en/news/All/News/2026/September/Eureka-Prize-environmental-science-award-for-marine-heatwave-forecasting;ND;3;B;V2;200;V2: institution certifiée 3/3, URL ouverte anonymement, titre et contenu vérifiés automatiquement. V3 réservé à une validation plus forte.;bb6d1d61fdc07c7b7affdbd1bbffb29484c42bf74b2ef0c8d060db1238de4c40
661;DOC-AA4C65E4AB52DFDC958A;research;ND;Indigenous science and engagement - CSIRO;https://www.csiro.au/en/research/indigenous-science;ND;CSIRO;ND;Australia;Oceania;public_research;ND;ND;2026-10-03T23:02:15.886Z;institutional_primary;en;We acknowledge the extraordinary contributions Aboriginal and Torres Strait Islander people have made, and continue to make, to our culture, the economy and science. We're working with Indigenous communities and organisations to create Indigenous-driven science solutions that support sustainable futures for Indigenous peoples, cultures and Country.;We acknowledge the extraordinary contributions Aboriginal and Torres Strait Islander people have made, and continue to make, to our culture, the economy and science. We're working with Indigenous communities and organisations to create Indigenous-driven science solutions that support sustainable futures for Indigenous peoples, cultures and Country.;ND;ND;ND;ND;ND;ND;ND;ND;free;primary;not_applicable;ND;ND;https://www.csiro.au/en/research/indigenous-science;ND;3;B;V2;200;V2: institution certifiée 3/3, URL ouverte anonymement, titre et contenu vérifiés automatiquement. V3 réservé à une validation plus forte.;3d7c8a79955ee80ab0614574d31f9e46403c64518de388ddbacc6d40ee7ec6c3
662;DOC-9C1A8C9EE4948D4F6372;research;ND;Innovation for impact - CSIRO;https://www.csiro.au/en/Showcase/Innovation;ND;CSIRO;ND;Australia;Oceania;public_research;ND;ND;2026-10-03T23:02:18.460Z;institutional_primary;en;Our suite of innovation, funding and entrepreneurship programs give researchers and industry the opportunity to collaborate on projects that help solve Australia’s greatest challenges.;Our suite of innovation, funding and entrepreneurship programs give researchers and industry the opportunity to collaborate on projects that help solve Australia’s greatest challenges.;ND;ND;ND;ND;ND;ND;ND;ND;free;primary;not_applicable;ND;ND;https://www.csiro.au/en/Showcase/Innovation;ND;1;B;V2;200;V2: institution certifiée 3/3, URL ouverte anonymement, titre et contenu vérifiés automatiquement. V3 réservé à une validation plus forte.;c8a6c62b7eb08613bdb9311ded623a62e2500f1e2ba880769d6e2d8740295a92
663;DOC-53DEA050FBD3C1C6A086;research;ND;RAFT: making better polymers - CSIRO;https://www.csiro.au/en/research/production/materials/RAFT;ND;CSIRO;ND;Australia;Oceania;public_research;ND;ND;2026-10-03T23:02:17.962Z;institutional_primary;en;Our RAFT technology is a process for making better polymers with enhanced properties for a uses across areas such as health, electronics, packaging and agriculture.;Our RAFT technology is a process for making better polymers with enhanced properties for a uses across areas such as health, electronics, packaging and agriculture.;ND;ND;ND;ND;ND;ND;ND;ND;free;primary;not_applicable;ND;ND;https://www.csiro.au/en/research/production/materials/RAFT;ND;2;B;V2;200;V2: institution certifiée 3/3, URL ouverte anonymement, titre et contenu vérifiés automatiquement. V3 réservé à une validation plus forte.;d436fdaa6a12e7badd6f0a1e566da41f43c9c5dec9c55bd64926f1ff0c12f55f
664;DOC-25336A767C55F8D5329E;research;ND;Research - CSIRO;https://www.csiro.au/en/research;ND;CSIRO;ND;Australia;Oceania;public_research;ND;ND;2026-10-03T23:02:17.411Z;institutional_primary;en;We are Australia's national science organisation and one of the largest and most diverse scientific research organisations in the world. Our research focuses on the biggest challenges facing the nation. We also manage national research infrastructure and collections.;We are Australia's national science organisation and one of the largest and most diverse scientific research organisations in the world. Our research focuses on the biggest challenges facing the nation. We also manage national research infrastructure and collections.;ND;ND;ND;ND;ND;ND;ND;ND;free;primary;not_applicable;ND;ND;https://www.csiro.au/en/research;ND;1;B;V2;200;V2: institution certifiée 3/3, URL ouverte anonymement, titre et contenu vérifiés automatiquement. V3 réservé à une validation plus forte.;2b8fcfcc32806b2b08201b39b06167de256d3289e4c18070c018e2fb3d6c5ad3
665;DOC-513EED243F5A3B8BA51B;research;ND;World-leading radio telescopes give space for stunning wildflowers - CSIRO;https://www.csiro.au/en/news/All/Articles/2026/September/Wildflowers-and-telescopes;ND;CSIRO;ND;Australia;Oceania;public_research;ND;ND;2026-10-03T23:02:16.534Z;institutional_primary;en;In the remote Western Australian outback wildflowers bloom under the Murchison's brilliant skies, right among the radio telescopes at Inyarrimanha Ilgari Bundara, the CSIRO Murchison Radio-astronomy Observatory.;In the remote Western Australian outback wildflowers bloom under the Murchison's brilliant skies, right among the radio telescopes at Inyarrimanha Ilgari Bundara, the CSIRO Murchison Radio-astronomy Observatory.;ND;ND;ND;ND;ND;ND;ND;ND;free;primary;not_applicable;ND;ND;https://www.csiro.au/en/news/All/Articles/2026/September/Wildflowers-and-telescopes;ND;2;B;V2;200;V2: institution certifiée 3/3, URL ouverte anonymement, titre et contenu vérifiés automatiquement. V3 réservé à une validation plus forte.;c757c0bc938e145bd3b4141668e10c5f97cd57bb21936ef21d27cd3b222bae2e
